id,Status_C,Status_CL,Status_D
15000,0.79065937,0.0059951493,0.20334552
15001,0.74060035,0.023838859,0.23556083
15002,0.80894226,0.010564993,0.18049279
15003,0.9816316,0.0016758769,0.016692527
15004,0.57199407,0.092047624,0.3359583
15005,0.92432594,0.011314628,0.064359486
15006,0.29344046,0.009634868,0.6969246
15007,0.010508577,0.002269924,0.98722154
15008,0.9412692,0.0025597035,0.056171067
15009,0.9599226,0.010428023,0.029649427
15010,0.28805503,0.08580942,0.6261355
15011,0.9659276,0.004985839,0.029086493
15012,0.041982103,0.0010751898,0.95694274
15013,0.9564815,0.005006104,0.03851239
15014,0.35154778,0.008173866,0.64027834
15015,0.952897,0.0073359343,0.03976706
15016,0.9591734,0.0011428886,0.039683767
15017,0.9434456,0.016371448,0.04018294
15018,0.9356106,0.034771066,0.029618356
15019,0.62310123,0.019012459,0.3578863
15020,0.93586445,0.00075690483,0.063378654
15021,0.9720153,0.013358597,0.014626013
15022,0.0054362714,0.012028399,0.98253536
15023,0.90639055,0.002896465,0.09071305
15024,0.7786358,0.0554024,0.16596176
15025,0.98009,0.0012867647,0.018623227
15026,0.021998351,0.01925883,0.95874274
15027,0.22110681,0.43830404,0.34058914
15028,0.0009267777,0.00039769048,0.9986755
15029,0.8248443,0.011953706,0.16320199
15030,0.06299997,0.06981434,0.8671857
15031,0.21322078,0.004223945,0.78255534
15032,0.08688833,0.0099047655,0.9032069
15033,0.06829358,0.002539774,0.9291667
15034,0.9616806,0.004549811,0.03376956
15035,0.8833859,0.026838286,0.08977584
15036,0.93500584,0.03779066,0.027203474
15037,0.051419236,0.00446902,0.9441118
15038,0.92740816,0.050204333,0.022387505
15039,0.91857564,0.006897459,0.0745269
15040,0.022778215,0.0011403871,0.97608143
15041,0.6553312,0.03730775,0.30736104
15042,0.33558133,0.026965886,0.6374528
15043,0.14414379,0.033633728,0.8222225
15044,0.25592545,0.004751694,0.7393229
15045,0.9385421,0.008346913,0.05311095
15046,0.83492047,0.021571646,0.14350791
15047,0.962529,0.003415745,0.03405518
15048,0.9869342,0.003242642,0.009823114
15049,0.0016066757,0.0020601861,0.9963331
15050,0.5597727,0.038256854,0.4019705
15051,0.97807693,0.005439889,0.01648313
15052,0.96931857,0.008311049,0.022370337
15053,0.9302966,0.013080369,0.05662301
15054,0.01715044,0.0010895106,0.9817601
15055,0.11087634,0.009489173,0.8796345
15056,0.70447564,0.13927907,0.15624526
15057,0.9937634,0.00023439934,0.0060021854
15058,0.950868,0.0032553223,0.045876637
15059,0.8144759,0.02896846,0.15655562
15060,0.6625861,0.16338995,0.17402402
15061,0.8304296,0.0960291,0.073541276
15062,0.014630844,0.0052421903,0.980127
15063,0.6467041,0.1932917,0.16000424
15064,0.17598455,0.004949708,0.8190657
15065,0.9550194,0.013535015,0.0314456
15066,0.7407256,0.13135822,0.12791625
15067,0.8508924,0.0069157276,0.14219189
15068,0.8714946,0.0018118281,0.12669353
15069,0.8735014,0.07811726,0.04838137
15070,0.8714946,0.08578442,0.042720936
15071,0.97983265,0.004539025,0.015628284
15072,0.9725036,0.0027746074,0.024721736
15073,0.41706875,0.044000655,0.5389306
15074,0.30269295,0.018485561,0.6788215
15075,0.88745517,0.002448554,0.110096306
15076,0.87236214,0.07992633,0.047711547
15077,0.9237084,0.0020564285,0.0742352
15078,0.58656615,0.051589992,0.36184385
15079,0.9600333,0.0035487814,0.03641791
15080,0.9799691,0.0020983536,0.017932532
15081,0.8941711,0.045431573,0.060397282
15082,0.053481825,0.005440615,0.94107753
15083,0.949759,0.0066672643,0.043573692
15084,0.97228754,0.009003859,0.018708562
15085,0.75067145,0.027570436,0.2217581
15086,0.6950138,0.038635403,0.26635078
15087,0.7263918,0.059297003,0.21431114
15088,0.99239576,0.0005701689,0.007034133
15089,0.91844046,0.007928626,0.07363091
15090,0.9934777,0.0007659029,0.00575632
15091,0.9380209,0.002379763,0.059599433
15092,0.95903945,0.013435931,0.02752462
15093,0.06725028,0.035370592,0.89737916
15094,0.91531485,0.018175459,0.06650965
15095,0.9639924,0.002416554,0.03359106
15096,0.9809316,0.001079513,0.01798895
15097,0.89972526,0.0062310435,0.0940437
15098,0.8697551,0.013580058,0.11666488
15099,0.9687318,0.0011940926,0.030074093
15100,0.95830786,0.0063523753,0.035339776
15101,0.042766623,0.0028021464,0.95443124
15102,0.93551964,0.0026557117,0.06182467
15103,0.92409825,0.028769875,0.04713186
15104,0.973917,0.0034337156,0.022649312
15105,0.769447,0.2104238,0.02012915
15106,0.9916671,0.0016352858,0.0066976477
15107,0.81480664,0.011657055,0.17353627
15108,0.8700235,0.10692502,0.023051502
15109,0.84763247,0.028575148,0.12379243
15110,0.928281,0.03393293,0.037786104
15111,0.016941816,0.009094599,0.97396356
15112,0.9373734,0.018221896,0.044404738
15113,0.95234877,0.0055386866,0.042112578
15114,0.98041534,0.0017022308,0.017882397
15115,0.22381485,0.015062312,0.7611228
15116,0.9753787,0.0011807329,0.023440598
15117,0.3888523,0.048446164,0.5627016
15118,0.009052768,0.01325239,0.9776948
15119,0.9629492,0.014042009,0.023008805
15120,0.09727076,0.0045250617,0.89820415
15121,0.9240074,0.019915732,0.05607679
15122,0.70939237,0.10173031,0.18887733
15123,0.9533588,0.00535875,0.04128244
15124,0.80166745,0.11894226,0.07939034
15125,0.6477839,0.026868246,0.32534787
15126,0.9203417,0.009868439,0.06978988
15127,0.9138446,0.00561927,0.08053611
15128,0.054601833,0.0050032996,0.9403949
15129,0.6179457,0.0064413245,0.375613
15130,0.8325348,0.045818,0.12164722
15131,0.7723905,0.023297261,0.20431222
15132,0.2843896,0.0037487652,0.7118616
15133,0.9291491,0.009750435,0.06110052
15134,0.9770397,0.0044554085,0.018504826
15135,0.9003718,0.0033295334,0.09629874
15136,0.0013407574,0.0006852655,0.997974
15137,0.98106486,0.0069740354,0.01196108
15138,0.9293625,0.009138618,0.06149894
15139,0.123415075,0.7493907,0.12719415
15140,0.8827628,0.05035201,0.0668852
15141,0.988607,0.000920282,0.010472706
15142,0.5193293,0.26172692,0.21894379
15143,0.7336949,0.01596653,0.25033858
15144,0.94616383,0.007874658,0.04596153
15145,0.9379653,0.01099953,0.051035207
15146,0.9024253,0.003769683,0.09380503
15147,0.8821094,0.003676248,0.11421438
15148,0.97080034,0.004132422,0.025067199
15149,0.14568147,0.017106915,0.83721155
15150,0.9650234,0.0040461128,0.030930456
15151,0.9749542,0.0027230326,0.02232277
15152,0.8964091,0.06897643,0.03461447
15153,0.20590648,0.013729045,0.78036445
15154,0.9349971,0.03856332,0.026439538
15155,0.74130523,0.06345992,0.1952348
15156,0.6852631,0.047368612,0.2673683
15157,0.9278195,0.0024073757,0.06977311
15158,0.43077356,0.012034176,0.55719227
15159,0.9878533,0.0016254392,0.010521315
15160,0.18640636,0.002871188,0.8107225
15161,0.5679612,0.060330357,0.37170842
15162,0.96870863,0.0022549422,0.029036462
15163,0.030730775,0.007751668,0.9615176
15164,0.9808218,0.013542196,0.0056360364
15165,0.9649876,0.001876002,0.033136375
15166,0.9358156,0.0050426684,0.059141766
15167,0.8693771,0.002054749,0.12856822
15168,0.94189066,0.009885437,0.048223957
15169,0.9679479,0.012038415,0.02001368
15170,0.97135544,0.00094748626,0.02769714
15171,0.071425214,0.009553363,0.9190214
15172,0.063579775,0.0039297706,0.93249047
15173,0.97087777,0.0067985216,0.022323703
15174,0.8272258,0.04908515,0.123689085
15175,0.97375894,0.009148988,0.01709212
15176,0.90313745,0.049946778,0.0469158
15177,0.9953774,0.0029203931,0.0017022063
15178,0.0712145,0.0030135433,0.925772
15179,0.97520214,0.0055437014,0.01925415
15180,0.3979941,0.010076563,0.5919293
15181,0.8000162,0.024111087,0.1758727
15182,0.057730403,0.001702597,0.940567
15183,0.96176106,0.005070885,0.033168007
15184,0.46702185,0.0059435074,0.5270346
15185,0.025826573,0.0018192517,0.9723541
15186,0.1721098,0.6044109,0.2234793
15187,0.9857437,0.006407417,0.007848892
15188,0.9763392,0.0056445263,0.018016279
15189,0.8891384,0.00442632,0.10643526
15190,0.96661144,0.009051476,0.024337014
15191,0.9828561,0.0049069836,0.012236893
15192,0.9668965,0.012385843,0.020717658
15193,0.9914153,0.0011170853,0.007467547
15194,0.039287582,0.0066857394,0.9540267
15195,0.96838945,0.0043711965,0.02723928
15196,0.9793752,0.0016274081,0.018997408
15197,0.98713684,0.0021228902,0.01074021
15198,0.88666546,0.03920035,0.074134186
15199,0.9386309,0.0037139768,0.057655137
15200,0.7843604,0.013437181,0.20220245
15201,0.9615955,0.010375149,0.028029377
15202,0.7750672,0.029215733,0.19571713
15203,0.9647626,0.0013483494,0.033889018
15204,0.988633,0.0040848353,0.007282155
15205,0.9802408,0.010043687,0.009715459
15206,0.0037077097,0.0010733136,0.99521893
15207,0.7626225,0.000764842,0.23661266
15208,0.27006552,0.64164114,0.0882933
15209,0.110111736,0.001398117,0.8884902
15210,0.6966277,0.2696001,0.033772226
15211,0.979215,0.0024705692,0.018314468
15212,0.014923184,0.0016938517,0.983383
15213,0.82235354,0.0050596325,0.17258687
15214,0.77142775,0.03427423,0.194298
15215,0.9831928,0.001694487,0.015112718
15216,0.96339005,0.003588665,0.033021238
15217,0.921675,0.0048575206,0.073467374
15218,0.88541764,0.021639053,0.092943326
15219,0.89449537,0.009893463,0.095611215
15220,0.069552094,0.31142423,0.6190237
15221,0.9574707,0.0042691436,0.03826016
15222,0.8961154,0.014591375,0.08929321
15223,0.9713688,0.014441027,0.014190191
15224,0.97593033,0.0010262076,0.02304351
15225,0.957622,0.00097556453,0.041402373
15226,0.975117,0.0011669002,0.02371608
15227,0.8058363,0.00870553,0.18545812
15228,0.49509352,0.41641027,0.08849626
15229,0.14571463,0.0042483956,0.850037
15230,0.99238986,0.0013180993,0.0062920856
15231,0.96254086,0.0035342758,0.0339249
15232,0.4452739,0.0071411356,0.54758495
15233,0.66550076,0.03391525,0.300584
15234,0.9767994,0.00072914653,0.022471447
15235,0.95702815,0.007382212,0.035589654
15236,0.45742163,0.031664144,0.51091427
15237,0.87427187,0.015484443,0.110243656
15238,0.9307997,0.01726215,0.051938195
15239,0.67898977,0.03508466,0.28592557
15240,0.02305551,0.0030387857,0.9739057
15241,0.96106887,0.0030238603,0.03590722
15242,0.7778881,0.037079833,0.18503204
15243,0.7372171,0.19260243,0.070180476
15244,0.97254485,0.0032994747,0.024155634
15245,0.6663917,0.049661554,0.28394675
15246,0.9127099,0.005788356,0.081501745
15247,0.98223674,0.00042556348,0.017337697
15248,0.95887953,0.004473255,0.036647167
15249,0.98262745,0.0015047021,0.015867895
15250,0.7566157,0.04344926,0.19993508
15251,0.98389995,0.0017442504,0.014355744
15252,0.80848324,0.008923539,0.18259318
15253,0.9821884,0.0014674058,0.016344152
15254,0.002429051,0.00031229385,0.99725866
15255,0.45266837,0.08863714,0.45869452
15256,0.24280836,0.0068149567,0.7503767
15257,0.67182857,0.02570755,0.3024639
15258,0.95568126,0.023783693,0.020535026
15259,0.9955852,0.0008012292,0.003613585
15260,0.9879078,0.0009155472,0.011176663
15261,0.9397894,0.0031989103,0.05701172
15262,0.4993876,0.0155654065,0.48504704
15263,0.12836309,0.0039600898,0.8676768
15264,0.88428634,0.0094254045,0.10628831
15265,0.9953343,0.0008093191,0.0038563884
15266,0.9731828,0.006698488,0.020118762
15267,0.8186332,0.012088026,0.16927874
15268,0.82854384,0.010372692,0.1610834
15269,0.83648086,0.038673114,0.124846004
15270,0.9589834,0.019844824,0.021171711
15271,0.9670168,0.0012602147,0.031722978
15272,0.9043313,0.0014880773,0.094180584
15273,0.90922517,0.011225071,0.0795497
15274,0.9846758,0.0031776554,0.012146472
15275,0.97826743,0.016129587,0.0056029335
15276,0.87818485,0.0012402113,0.120574966
15277,0.011719846,0.0024185027,0.98586166
15278,0.99213576,0.0003134885,0.007550794
15279,0.61712986,0.009040217,0.3738299
15280,0.8089013,0.004574284,0.1865244
15281,0.97448516,0.0034681666,0.022046626
15282,0.954914,0.028238323,0.016847711
15283,0.963541,0.0071172616,0.029341813
15284,0.30428806,0.06774024,0.6279717
15285,0.06819366,0.012866315,0.91894
15286,0.88151,0.006851674,0.11163834
15287,0.787335,0.01789648,0.1947685
15288,0.9130021,0.0019406787,0.08505729
15289,0.16955802,0.0023275241,0.82811445
15290,0.964426,0.003816425,0.031757604
15291,0.40823743,0.038555562,0.553207
15292,0.95903534,0.004977946,0.035986766
15293,0.92427176,0.005688145,0.070040084
15294,0.983063,0.002548885,0.014388195
15295,0.9838726,0.008043984,0.008083457
15296,0.8305438,0.034856826,0.13459933
15297,0.118742384,0.023414383,0.8578432
15298,0.95347744,0.008274133,0.03824836
15299,0.9750538,0.0032535607,0.021692691
15300,0.2517947,0.0037081304,0.7444972
15301,0.9101136,0.006080329,0.08380606
15302,0.92706,0.009231384,0.06370866
15303,0.7634956,0.020901961,0.21560246
15304,0.6276894,0.05779135,0.3145192
15305,0.1433917,0.0033291678,0.85327905
15306,0.9678092,0.0053250017,0.026865825
15307,0.9407009,0.011035804,0.048263334
15308,0.82982033,0.018280115,0.15189955
15309,0.9237078,0.010487083,0.0658051
15310,0.96787786,0.0027515364,0.029370608
15311,0.8633959,0.077071495,0.0595326
15312,0.9805648,0.0023080485,0.017127238
15313,0.9692054,0.0068898555,0.02390478
15314,0.9508703,0.0060954085,0.043034326
15315,0.9544835,0.00744805,0.038068417
15316,0.90075094,0.0029790974,0.09626997
15317,0.96375495,0.019456884,0.016788127
15318,0.78536135,0.059415545,0.15522313
15319,0.90188617,0.0022748732,0.09583894
15320,0.08546966,0.0067816596,0.90774864
15321,0.33928332,0.028416544,0.63230014
15322,0.8944755,0.0025447248,0.10297974
15323,0.9669015,0.0031426817,0.029955853
15324,0.89533544,0.07331433,0.031350236
15325,0.80665565,0.017467072,0.17587727
15326,0.8941446,0.013460374,0.09239506
15327,0.84569365,0.029858438,0.12444787
15328,0.13456754,0.00517463,0.8602578
15329,0.91713166,0.006226983,0.0766414
15330,0.768226,0.030652983,0.20112099
15331,0.95545727,0.0015480636,0.042994685
15332,0.96676195,0.0034626604,0.029775424
15333,0.77197766,0.044789728,0.18323264
15334,0.8294227,0.01602134,0.15455593
15335,0.15712549,0.025470955,0.81740355
15336,0.5259713,0.01890225,0.45512646
15337,0.91427547,0.0039037105,0.08182079
15338,0.003907328,0.00015536312,0.99593735
15339,0.4675365,0.013095353,0.5193681
15340,0.95123094,0.0006156911,0.048153333
15341,0.12805021,0.18951848,0.6824313
15342,0.94901896,0.0011678215,0.049813222
15343,0.4222256,0.08796043,0.48981392
15344,0.9632576,0.017901568,0.018840807
15345,0.8259399,0.025478275,0.14858183
15346,0.9480498,0.0046835016,0.047266766
15347,0.0850413,0.057685282,0.8572734
15348,0.0568255,0.045408085,0.8977664
15349,0.959966,0.0019483352,0.038085703
15350,0.052470252,0.0025372107,0.94499254
15351,0.54375666,0.016893081,0.43935028
15352,0.9636155,0.008206371,0.028178215
15353,0.9475485,0.004487765,0.04796373
15354,0.85058576,0.060890667,0.08852355
15355,0.9761406,0.005977234,0.017882144
15356,0.9443594,0.007383147,0.04825744
15357,0.85305834,0.0016550021,0.14528671
15358,0.8588577,0.0061509316,0.13499139
15359,0.11029014,0.064709716,0.82500017
15360,0.024078818,0.013795087,0.9621261
15361,0.98781383,0.0007109838,0.011475205
15362,0.0419446,0.006157828,0.9518976
15363,0.9578374,0.005475874,0.036686745
15364,0.45696005,0.008861588,0.5341784
15365,0.9796571,0.00036479713,0.019978113
15366,0.23734143,0.027925372,0.7347332
15367,0.9730988,0.011476638,0.015424501
15368,0.13048689,0.016920911,0.85259223
15369,0.97933733,0.00092518586,0.019737529
15370,0.6113826,0.023301926,0.36531547
15371,0.9697945,0.00661355,0.02359199
15372,0.9272639,0.001298163,0.071437925
15373,0.9770269,0.0009933189,0.021979874
15374,0.9951526,0.00039180744,0.0044556083
15375,0.94926184,0.008348693,0.042389482
15376,0.9460553,0.0077144047,0.046230312
15377,0.4506477,0.010409492,0.53894275
15378,0.8929558,0.033742562,0.073301665
15379,0.9086583,0.0055077076,0.085833974
15380,0.895437,0.010878828,0.09368415
15381,0.9900871,0.0007351211,0.009177808
15382,0.1469606,0.019083602,0.8339558
15383,0.8987649,0.0022323115,0.09900277
15384,0.6804325,0.015806805,0.3037607
15385,0.008194096,0.0011372069,0.9906687
15386,0.8891492,0.0069407406,0.10391007
15387,0.9678899,0.0023320694,0.029778043
15388,0.98680764,0.0034392043,0.009753183
15389,0.992303,0.0034959589,0.0042010457
15390,0.91928065,0.024212474,0.05650681
15391,0.96600634,0.004621463,0.029372219
15392,0.10843696,0.060040973,0.83152205
15393,0.82757795,0.008909681,0.16351236
15394,0.9354896,0.007403056,0.057107367
15395,0.6573214,0.0046183104,0.33806035
15396,0.95158994,0.0171443,0.031265724
15397,0.030030072,0.016014235,0.95395565
15398,0.9270492,0.0013639715,0.07158684
15399,0.0042993613,0.0018524275,0.99384826
15400,0.9640136,0.0067141415,0.029272294
15401,0.97129434,0.0017865867,0.02691908
15402,0.08101306,0.004141223,0.9148457
15403,0.94233865,0.019567791,0.03809359
15404,0.9632979,0.007395023,0.029307041
15405,0.66832083,0.010692683,0.32098645
15406,0.97695744,0.00075424183,0.022288311
15407,0.9481668,0.027377423,0.02445581
15408,0.96516824,0.0034956108,0.031336192
15409,0.929497,0.0055558453,0.06494712
15410,0.105777875,0.020612363,0.8736098
15411,0.73793924,0.006177549,0.25588322
15412,0.95948505,0.0018832684,0.03863166
15413,0.5776028,0.100231566,0.32216567
15414,0.93528485,0.004837081,0.059878107
15415,0.99532497,0.0009472861,0.0037277283
15416,0.14391026,0.005606194,0.8504836
15417,0.93024737,0.013250867,0.05650178
15418,0.968488,0.0025242432,0.028987776
15419,0.9517153,0.00705221,0.041232504
15420,0.85097605,0.07833248,0.07069144
15421,0.0051258523,0.00070744916,0.99416673
15422,0.6264078,0.014213792,0.35937843
15423,0.81278104,0.02459501,0.16262394
15424,0.9252844,0.0036743386,0.07104122
15425,0.9778822,0.0124478405,0.009669896
15426,0.005532758,0.0003869317,0.99408025
15427,0.6749257,0.012382088,0.31269222
15428,0.963715,0.016516702,0.019768357
15429,0.6467943,0.22266555,0.13054015
15430,0.77107465,0.023889111,0.20503625
15431,0.9509099,0.021959748,0.027130347
15432,0.5709404,0.049755055,0.3793046
15433,0.9745719,0.006861921,0.018566202
15434,0.51422703,0.004582298,0.48119065
15435,0.22821298,0.16187435,0.6099127
15436,0.9694095,0.003075644,0.027514827
15437,0.9962954,0.0017798195,0.0019248045
15438,0.8211364,0.01784138,0.16102225
15439,0.91491944,0.028068714,0.05701184
15440,0.919476,0.010828217,0.06969589
15441,0.95112115,0.019511867,0.029366972
15442,0.9680683,0.0026628277,0.029268907
15443,0.9438269,0.004135277,0.0520378
15444,0.97131246,0.0019025971,0.026784979
15445,0.6247298,0.06274109,0.31252912
15446,0.9594403,0.01010602,0.030453712
15447,0.93035805,0.007484746,0.062157158
15448,0.87296695,0.011933942,0.115099095
15449,0.9372384,0.0058943243,0.05686731
15450,0.9334095,0.029754201,0.03683631
15451,0.2266158,0.1292538,0.6441304
15452,0.48402956,0.039329637,0.47664076
15453,0.5381557,0.19009627,0.27174807
15454,0.9469337,0.0022655819,0.05080078
15455,0.004544554,0.0010035436,0.99445194
15456,0.033184078,0.0025976333,0.9642183
15457,0.44604245,0.14275427,0.4112033
15458,0.35336086,0.05231453,0.59432465
15459,0.7854108,0.012816138,0.20177302
15460,0.8656815,0.022951327,0.1113672
15461,0.77925974,0.011293581,0.20944664
15462,0.8962007,0.006060014,0.09773931
15463,0.9293326,0.0036106494,0.06705674
15464,0.954754,0.011095637,0.034150314
15465,0.86775386,0.0058546886,0.1263914
15466,0.55639106,0.020563982,0.42304498
15467,0.044856206,0.010698477,0.9444454
15468,0.85666484,0.0070251464,0.13631003
15469,0.9175442,0.001717031,0.08073877
15470,0.8858982,0.028796224,0.0853056
15471,0.5791876,0.1024851,0.3183273
15472,0.019895041,0.0042338874,0.975871
15473,0.982209,0.002382815,0.015408242
15474,0.86189085,0.020134885,0.117974296
15475,0.9514386,0.00040803952,0.048153345
15476,0.86789995,0.0024936362,0.1296064
15477,0.9620479,0.001196422,0.036755722
15478,0.8480675,0.007748564,0.14418393
15479,0.98819065,0.0054820604,0.0063272943
15480,0.73009425,0.022339754,0.24756597
15481,0.98532295,0.0031539097,0.011523173
15482,0.9620887,0.012295002,0.02561634
15483,0.96103704,0.0011874333,0.037775476
15484,0.90045613,0.011048749,0.08849509
15485,0.0026058524,0.0044013094,0.9929929
15486,0.08950495,0.0065337606,0.9039613
15487,0.9495657,0.005097423,0.04533688
15488,0.6641308,0.24751584,0.08835335
15489,0.86364067,0.016627422,0.11973191
15490,0.13552609,0.0015556979,0.8629182
15491,0.9633958,0.019751834,0.016852375
15492,0.100249454,0.1156993,0.78405124
15493,0.9582798,0.0019270832,0.039793164
15494,0.9950399,0.0015522644,0.0034078618
15495,0.8602775,0.00873814,0.13098432
15496,0.851501,0.011315777,0.13718325
15497,0.96369255,0.011703438,0.024604049
15498,0.91779876,0.030934164,0.0512671
15499,0.96619517,0.004251005,0.029553786
15500,0.6924766,0.028771391,0.27875203
15501,0.78634703,0.008892507,0.20476046
15502,0.58264023,0.017054826,0.40030488
15503,0.81637275,0.003694998,0.17993228
15504,0.7746928,0.006964529,0.21834266
15505,0.76617134,0.013839246,0.21998939
15506,0.98125535,0.0056546777,0.013089938
15507,0.15146758,0.017167145,0.8313653
15508,0.9905833,0.002017291,0.007399415
15509,0.063531525,0.0121573955,0.92431104
15510,0.10242119,0.022955667,0.8746232
15511,0.9353474,0.01278617,0.051866457
15512,0.94368005,0.0031720086,0.053147968
15513,0.9227511,0.010022102,0.06722669
15514,0.69184697,0.0235827,0.2845703
15515,0.97220325,0.008038017,0.01975879
15516,0.8422385,0.0030788283,0.15468268
15517,0.98283666,0.0016308557,0.015532472
15518,0.023650935,0.0044851545,0.97186387
15519,0.93715215,0.013872478,0.04897537
15520,0.8907232,0.056247152,0.053029556
15521,0.22037172,0.5989691,0.18065919
15522,0.8550417,0.0034321449,0.14152612
15523,0.9821384,0.011007828,0.0068538217
15524,0.0064852685,0.002595873,0.9909189
15525,0.48497346,0.018833855,0.49619263
15526,0.67238885,0.017549358,0.31006178
15527,0.8991599,0.007451681,0.09338842
15528,0.44618037,0.0034761287,0.5503435
15529,0.96914613,0.003275035,0.027578823
15530,0.35131106,0.1806902,0.46799874
15531,0.96707946,0.0047321706,0.02818834
15532,0.9525562,0.0032333564,0.04421041
15533,0.98923767,0.00084434217,0.009917929
15534,0.8973405,0.020106632,0.082552835
15535,0.87859046,0.029764788,0.091644675
15536,0.02260681,0.003126909,0.9742663
15537,0.8999196,0.006536087,0.09354429
15538,0.9588919,0.005148317,0.035959743
15539,0.8580012,0.008944948,0.13305391
15540,0.9858519,0.0029792683,0.011168849
15541,0.9540858,0.002694849,0.04321929
15542,0.963346,0.00505957,0.03159443
15543,0.8817326,0.07125636,0.047011115
15544,0.4661065,0.27663013,0.25726333
15545,0.2899007,0.012791199,0.6973081
15546,0.9516916,0.034380645,0.0139276665
15547,0.9896395,0.00051625486,0.009844246
15548,0.9769557,0.0068286746,0.016215581
15549,0.91775423,0.01018818,0.072057545
15550,0.79632896,0.004220912,0.19945009
15551,0.13832109,0.123317815,0.73836106
15552,0.7063494,0.027713517,0.2659371
15553,0.07141658,0.035379827,0.89320356
15554,0.13620117,0.04276352,0.8210353
15555,0.9686008,0.0048214616,0.026577761
15556,0.46541205,0.014846549,0.5197414
15557,0.948101,0.005885124,0.046013914
15558,0.82618743,0.009674528,0.16413808
15559,0.9512932,0.014554492,0.03415233
15560,0.93514895,0.0031458458,0.06170518
15561,0.29734713,0.29046717,0.41218573
15562,0.9344174,0.033425335,0.032157287
15563,0.96081495,0.0053814137,0.03380367
15564,0.011072824,0.0016119031,0.9873153
15565,0.912411,0.013275412,0.074313566
15566,0.851841,0.014894702,0.13326432
15567,0.008942214,0.0015846583,0.98947316
15568,0.7418531,0.0170362,0.24111068
15569,0.80925757,0.013780153,0.1769623
15570,0.8670039,0.010114503,0.122881584
15571,0.9573605,0.001950758,0.04068875
15572,0.9597059,0.002239184,0.038054883
15573,0.76023823,0.033923455,0.20583826
15574,0.95809734,0.008339106,0.03356354
15575,0.91666,0.0037491322,0.07959088
15576,0.9420061,0.0038577518,0.05413613
15577,0.50482047,0.06457012,0.43060943
15578,0.77946293,0.011477402,0.20905966
15579,0.8649704,0.06963338,0.065396234
15580,0.026599783,0.0070755384,0.9663246
15581,0.28212476,0.010341098,0.70753413
15582,0.8015864,0.020440567,0.17797302
15583,0.65810984,0.0057119746,0.33617818
15584,0.973132,0.003260762,0.023607241
15585,0.011584113,0.0118401535,0.97657573
15586,0.97223985,0.0061255973,0.02163449
15587,0.8670619,0.01599594,0.116942115
15588,0.90808237,0.008806675,0.0831109
15589,0.9603823,0.0048308005,0.034786902
15590,0.6244807,0.015426239,0.36009303
15591,0.9809146,0.013928749,0.005156688
15592,0.943492,0.0010067599,0.05550126
15593,0.044179812,0.15698543,0.7988348
15594,0.9163649,0.017392203,0.06624288
15595,0.97471195,0.0077287606,0.017559268
15596,0.9127057,0.003136853,0.08415739
15597,0.8991546,0.009890969,0.09095442
15598,0.8242579,0.030492881,0.14524923
15599,0.0043071257,0.0017554462,0.9939374
15600,0.9851601,0.0019030402,0.012936817
15601,0.4780737,0.07669557,0.44523072
15602,0.9424651,0.01328518,0.04424963
15603,0.51619554,0.25287205,0.23093246
15604,0.9684931,0.0029317683,0.02857514
15605,0.59950376,0.29617178,0.10432446
15606,0.96563995,0.002491285,0.031868808
15607,0.5865779,0.034964416,0.37845767
15608,0.97808266,0.0014983785,0.020418992
15609,0.8775984,0.05076719,0.071634375
15610,0.9601962,0.012251447,0.027552312
15611,0.6353132,0.2757026,0.08898424
15612,0.9835473,0.010029197,0.0064235264
15613,0.025179958,0.01171927,0.9631008
15614,0.7154316,0.0060228426,0.27854562
15615,0.81383246,0.051558666,0.1346089
15616,0.7764328,0.019879038,0.20368819
15617,0.8826262,0.008625095,0.10874875
15618,0.9781315,0.0037706818,0.018097848
15619,0.9656718,0.0057614576,0.02856677
15620,0.0053422893,0.0025288006,0.99212897
15621,0.9322157,0.003154765,0.06462957
15622,0.028124392,0.003341533,0.96853405
15623,0.60809577,0.014936434,0.3769678
15624,0.767531,0.006042573,0.2264264
15625,0.98520285,0.0108693065,0.003927823
15626,0.53765607,0.030605007,0.4317389
15627,0.0970547,0.0063720965,0.89657325
15628,0.5079698,0.020411536,0.47161865
15629,0.1070892,0.010792083,0.88211876
15630,0.56487244,0.03711069,0.3980169
15631,0.009794653,0.0061985995,0.9840067
15632,0.8954894,0.008003918,0.09650668
15633,0.837357,0.10521085,0.05743212
15634,0.7191292,0.02160335,0.25926745
15635,0.91739815,0.0030222978,0.079579554
15636,0.9549979,0.01204088,0.032961268
15637,0.7413585,0.0055951444,0.25304636
15638,0.12219367,0.0042806715,0.8735256
15639,0.9700711,0.012446844,0.01748209
15640,0.96525395,0.0039082924,0.03083775
15641,0.91215503,0.029756257,0.058088783
15642,0.8141536,0.011016243,0.17483018
15643,0.9902885,0.0011000434,0.008611524
15644,0.98304856,0.0020102682,0.014941175
15645,0.95700455,0.0074544097,0.035541095
15646,0.9067975,0.025736667,0.06746583
15647,0.97814,0.010511659,0.011348331
15648,0.8180432,0.03288103,0.14907582
15649,0.017918127,0.0007269264,0.9813549
15650,0.8257421,0.010189044,0.16406882
15651,0.7149179,0.0152079575,0.26987416
15652,0.8975027,0.010121504,0.09237575
15653,0.4600773,0.020445367,0.51947737
15654,0.9738443,0.006021175,0.020134559
15655,0.9597665,0.021023018,0.019210497
15656,0.9774355,0.01620621,0.006358244
15657,0.9282966,0.00093261927,0.07077081
15658,0.3444038,0.015334892,0.64026135
15659,0.92569405,0.010207116,0.06409884
15660,0.7097291,0.0082953535,0.28197554
15661,0.90113276,0.04949692,0.049370326
15662,0.9368595,0.0038646413,0.059275877
15663,0.93245184,0.018290982,0.049257196
15664,0.97492754,0.013659001,0.011413491
15665,0.8857387,0.009793178,0.10446814
15666,0.7184395,0.037636947,0.24392353
15667,0.802451,0.110703155,0.08684586
15668,0.31804687,0.05588188,0.6260712
15669,0.95252436,0.009887335,0.037588224
15670,0.95078516,0.017612714,0.031602148
15671,0.9538146,0.00089950446,0.045285888
15672,0.17458746,0.0026227273,0.82278985
15673,0.9865492,0.00052364176,0.01292722
15674,0.4759749,0.042412825,0.48161224
15675,0.9679224,0.0004752772,0.03160228
15676,0.95210147,0.0065628146,0.04133572
15677,0.8349137,0.0649937,0.10009263
15678,0.98355246,0.0017673679,0.014680185
15679,0.9593501,0.01158163,0.029068338
15680,0.95545053,0.0013632403,0.04318626
15681,0.9652884,0.0021742666,0.032537304
15682,0.81150985,0.029403301,0.15908688
15683,0.6912198,0.006284987,0.30249518
15684,0.7463182,0.039025232,0.21465652
15685,0.33608195,0.03653483,0.62738323
15686,0.73005617,0.21661195,0.053331945
15687,0.9384861,0.0079222685,0.053591635
15688,0.3244384,0.02004564,0.65551597
15689,0.5632682,0.007565306,0.4291665
15690,0.9500218,0.008175224,0.041803002
15691,0.16432959,0.018062646,0.81760776
15692,0.54331064,0.02230793,0.43438146
15693,0.36198643,0.020651374,0.6173622
15694,0.9789094,0.0032709243,0.017819716
15695,0.8542557,0.013478785,0.13226548
15696,0.45995793,0.15178879,0.3882533
15697,0.2572734,0.1982075,0.5445191
15698,0.9631906,0.0043798364,0.032429606
15699,0.7001256,0.07183716,0.22803725
15700,0.0048858,0.001023432,0.99409074
15701,0.8973834,0.019544292,0.08307231
15702,0.15649296,0.011084225,0.83242285
15703,0.83673215,0.12497771,0.038290154
15704,0.8605114,0.016039478,0.12344908
15705,0.9462158,0.0025842406,0.051200014
15706,0.13118842,0.0074624573,0.86134917
15707,0.8936933,0.014813724,0.09149294
15708,0.38630253,0.027606804,0.5860907
15709,0.9719544,0.0067756805,0.02126989
15710,0.93205804,0.033355433,0.034586564
15711,0.8526453,0.104985535,0.04236924
15712,0.96569234,0.0048225964,0.02948512
15713,0.52315557,0.025996087,0.4508483
15714,0.86487037,0.0012852147,0.13384436
15715,0.03391254,0.008288007,0.9577995
15716,0.98970956,0.0006427768,0.009647649
15717,0.95299673,0.017510757,0.029492548
15718,0.6829526,0.07768448,0.23936291
15719,0.8938543,0.0041062725,0.102039486
15720,0.9940381,0.00079394714,0.0051679364
15721,0.9169473,0.042645864,0.040406834
15722,0.030891871,0.0070018647,0.9621062
15723,0.916319,0.007750865,0.07593011
15724,0.6407458,0.008420614,0.35083354
15725,0.8125261,0.023844164,0.1636297
15726,0.49941662,0.015990077,0.48459336
15727,0.45816678,0.02385018,0.517983
15728,0.98003757,0.002218378,0.017744089
15729,0.8968838,0.027693802,0.075422436
15730,0.87803835,0.03592536,0.08603632
15731,0.9733705,0.0006038517,0.026025638
15732,0.38524508,0.0057794615,0.6089754
15733,0.92207474,0.059011173,0.018914096
15734,0.022837445,0.0024122482,0.97475034
15735,0.60054785,0.004213905,0.39523828
15736,0.9660688,0.0003692111,0.033561982
15737,0.86095995,0.011312782,0.12772729
15738,0.9899476,0.00061685365,0.009435557
15739,0.95066726,0.0017998468,0.047532953
15740,0.3642919,0.015607998,0.6201001
15741,0.97401935,0.0073588,0.018621866
15742,0.9901134,0.00037874977,0.009507816
15743,0.9307937,0.030108055,0.039098185
15744,0.08608424,0.0013549562,0.91256076
15745,0.9564014,0.022627017,0.020971617
15746,0.8720869,0.009484988,0.11842816
15747,0.97350556,0.0034950057,0.022999387
15748,0.96993566,0.0011378635,0.028926428
15749,0.027836861,0.0026701565,0.969493
15750,0.40762964,0.053544313,0.53882605
15751,0.9654688,0.0034975698,0.031033583
15752,0.49334723,0.045871157,0.4607816
15753,0.0329988,0.0070791617,0.959922
15754,0.43260264,0.32361782,0.24377953
15755,0.9584496,0.0007690243,0.040781334
15756,0.92700815,0.006550655,0.06644118
15757,0.9912839,0.00042115076,0.0082949875
15758,0.60685956,0.1293288,0.2638116
15759,0.62775564,0.20493631,0.16730802
15760,0.95557195,0.010405151,0.034022838
15761,0.28460947,0.0057980376,0.70959246
15762,0.8984316,0.005695731,0.095872685
15763,0.8502942,0.02304704,0.1266588
15764,0.79486215,0.011677222,0.1934606
15765,0.928598,0.008721715,0.06268029
15766,0.96999323,0.0053177094,0.024689082
15767,0.9524955,0.030572264,0.016932251
15768,0.6343682,0.0123663405,0.3532655
15769,0.9780807,0.0015750955,0.020344166
15770,0.41983694,0.030623166,0.54953986
15771,0.08218827,0.0073736967,0.910438
15772,0.98196465,0.006749729,0.011285546
15773,0.010002761,0.00170269,0.9882946
15774,0.96074307,0.0056778737,0.03357905
15775,0.9333491,0.022765832,0.043885127
15776,0.9644641,0.02407267,0.011463172
15777,0.9313038,0.02393843,0.044757746
15778,0.6364465,0.011714476,0.35183907
15779,0.7628464,0.037140682,0.20001289
15780,0.9774924,0.0009360004,0.02157165
15781,0.0071675624,0.01045202,0.9823804
15782,0.06604398,0.0011858394,0.93277013
15783,0.98102885,0.0011640704,0.017807085
15784,0.68779975,0.020359218,0.291841
15785,0.96033514,0.0026285227,0.037036344
15786,0.02413861,0.0018038977,0.97405744
15787,0.02570996,0.0039373054,0.9703527
15788,0.92402726,0.008142886,0.06782987
15789,0.93555105,0.0023995654,0.06204944
15790,0.91851395,0.0009265525,0.08055948
15791,0.16098367,0.010079376,0.82893693
15792,0.5214336,0.049026832,0.42953956
15793,0.9689368,0.011679702,0.019383559
15794,0.8091853,0.01923965,0.17157505
15795,0.98508054,0.0018709139,0.013048547
15796,0.89507794,0.039569795,0.065352224
15797,0.99114686,0.0016992491,0.007153871
15798,0.018886646,0.03102323,0.9500901
15799,0.95857096,0.006128576,0.03530043
15800,0.94750357,0.008536031,0.043960463
15801,0.90138113,0.015127943,0.083490945
15802,0.8569924,0.0031648856,0.13984267
15803,0.87714237,0.01288945,0.109968185
15804,0.87280035,0.023711227,0.10348848
15805,0.97425306,0.0029315553,0.022815423
15806,0.961018,0.01902841,0.019953612
15807,0.9714057,0.017848471,0.010745827
15808,0.9088191,0.043587964,0.047593012
15809,0.903094,0.00413545,0.09277055
15810,0.3294304,0.0072630066,0.6633066
15811,0.9116666,0.054172467,0.034160968
15812,0.8968745,0.047266606,0.055858873
15813,0.8504977,0.013815239,0.13568702
15814,0.4010576,0.019440446,0.579502
15815,0.98514277,0.00047584466,0.0143813295
15816,0.8983094,0.0078443,0.09384631
15817,0.89261913,0.03565272,0.07172813
15818,0.9539603,0.018829944,0.027209783
15819,0.103872634,0.025193835,0.87093353
15820,0.9674952,0.002195571,0.030309243
15821,0.9878356,0.0015222416,0.010642183
15822,0.22001374,0.006516622,0.77346957
15823,0.24724051,0.085339196,0.66742027
15824,0.76830035,0.016188717,0.21551096
15825,0.95301795,0.0104404,0.03654166
15826,0.70850605,0.2199947,0.071499236
15827,0.53355056,0.0063845273,0.46006495
15828,0.9820618,0.010770636,0.007167585
15829,0.96534294,0.016947871,0.01770924
15830,0.7734212,0.057939377,0.16863942
15831,0.8148788,0.014029178,0.171092
15832,0.9881512,0.004490176,0.0073586367
15833,0.6952116,0.0025034442,0.30228502
15834,0.6154994,0.014846424,0.36965415
15835,0.07668359,0.0076096826,0.91570675
15836,0.043979567,0.006911204,0.94910926
15837,0.9894008,0.0041368646,0.006462307
15838,0.89002496,0.0050984086,0.10487667
15839,0.872149,0.0034774248,0.12437359
15840,0.3408708,0.21751004,0.4416191
15841,0.91158056,0.002844689,0.085574694
15842,0.8951721,0.007778265,0.097049624
15843,0.018735718,0.0018280756,0.9794362
15844,0.9666986,0.004301985,0.028999401
15845,0.42357334,0.043165017,0.5332616
15846,0.9791048,0.0030737377,0.017821379
15847,0.93701595,0.014743282,0.048240796
15848,0.9796967,0.0041963225,0.01610698
15849,0.024535788,0.0049572825,0.97050697
15850,0.8266396,0.026040955,0.1473194
15851,0.9199448,0.0019600058,0.078095146
15852,0.8733165,0.0028164384,0.12386705
15853,0.039884947,0.008778576,0.95133644
15854,0.7544344,0.02451194,0.22105369
15855,0.28195682,0.026886698,0.6911565
15856,0.9462802,0.016314369,0.037405513
15857,0.8786642,0.00092397124,0.12041187
15858,0.9789209,0.0024085287,0.018670563
15859,0.9259541,0.012732682,0.06131323
15860,0.3995691,0.009150359,0.5912806
15861,0.4692981,0.03577302,0.49492887
15862,0.9149714,0.014748445,0.070280135
15863,0.07566182,0.0008177323,0.9235205
15864,0.9898463,0.0006975346,0.009456098
15865,0.61461973,0.022143899,0.3632364
15866,0.0028457388,0.0018408514,0.9953134
15867,0.95781535,0.026119512,0.016065156
15868,0.99219394,0.00049265823,0.0073133633
15869,0.6791137,0.019449687,0.30143663
15870,0.8550747,0.034594428,0.110330805
15871,0.25167957,0.012472556,0.7358479
15872,0.91495913,0.009472495,0.07556837
15873,0.67215836,0.09262338,0.23521827
15874,0.9772982,0.015519694,0.0071821385
15875,0.49568564,0.020064684,0.48424968
15876,0.9799004,0.013287481,0.006812097
15877,0.40065515,0.030125912,0.56921893
15878,0.74629086,0.00874435,0.2449648
15879,0.88850355,0.007556418,0.10394
15880,0.8691258,0.046129502,0.0847447
15881,0.92714185,0.005495439,0.06736274
15882,0.01603666,0.011413595,0.97254974
15883,0.21467109,0.05127223,0.73405665
15884,0.83503735,0.02856718,0.13639547
15885,0.965982,0.0031010318,0.03091692
15886,0.021409849,0.0075336145,0.9710566
15887,0.87891525,0.014494152,0.10659056
15888,0.9590504,0.003645345,0.037304267
15889,0.24956232,0.077172674,0.673265
15890,0.6511646,0.009881784,0.33895364
15891,0.96657604,0.0013292689,0.032094713
15892,0.9273897,0.023061901,0.049548358
15893,0.60817385,0.027025618,0.36480054
15894,0.98735833,0.0026908081,0.009950894
15895,0.119007334,0.25576386,0.6252288
15896,0.73797977,0.003348136,0.25867206
15897,0.28160858,0.08989163,0.6284998
15898,0.11833413,0.004726911,0.876939
15899,0.18857662,0.007862556,0.80356085
15900,0.8935326,0.010422914,0.09604451
15901,0.33067605,0.13339576,0.5359282
15902,0.70596236,0.0080235265,0.28601417
15903,0.92182213,0.03933383,0.038844038
15904,0.9582799,0.0007430472,0.04097699
15905,0.94045687,0.0017343055,0.05780889
15906,0.94973224,0.008906139,0.04136161
15907,0.9471489,0.04668176,0.0061693015
15908,0.75709504,0.18891062,0.05399432
15909,0.8946272,0.004886353,0.10048647
15910,0.6427317,0.026471863,0.3307964
15911,0.98548883,0.0010112262,0.013499934
15912,0.92835474,0.01835282,0.053292412
15913,0.93675977,0.001833047,0.0614072
15914,0.93972623,0.006872417,0.05340135
15915,0.0021670854,0.0015761222,0.9962568
15916,0.96359366,0.0013681203,0.035038255
15917,0.10321721,0.0030604703,0.8937223
15918,0.90559834,0.03564656,0.05875513
15919,0.39247292,0.022546774,0.5849803
15920,0.9459484,0.0057311943,0.04832042
15921,0.9479481,0.0182716,0.033780333
15922,0.94389266,0.004716021,0.051391356
15923,0.96656656,0.0022813547,0.03115203
15924,0.7694044,0.15051775,0.08007786
15925,0.003475653,0.00032167105,0.99620265
15926,0.6938967,0.015813963,0.29028934
15927,0.8770295,0.0062613464,0.116709195
15928,0.15527391,0.0044512847,0.8402748
15929,0.24175206,0.09992608,0.65832186
15930,0.97776365,0.00082636485,0.021409994
15931,0.93111473,0.02644601,0.042439304
15932,0.42392942,0.025532294,0.5505383
15933,0.9886895,0.0029968042,0.008313683
15934,0.94920033,0.004034122,0.046765517
15935,0.9826453,0.0013396991,0.016014967
15936,0.9162545,0.014243686,0.069501765
15937,0.99093574,0.0031172552,0.005946972
15938,0.911445,0.006279423,0.082275525
15939,0.9294853,0.04125947,0.029255211
15940,0.19768097,0.017094051,0.785225
15941,0.45018402,0.011053213,0.5387628
15942,0.9215728,0.050603937,0.027823329
15943,0.023229282,0.0027307428,0.97404003
15944,0.9517664,0.020370005,0.027863571
15945,0.89043593,0.0028657347,0.106698394
15946,0.011945086,0.021384662,0.9666703
15947,0.98073167,0.009107714,0.010160664
15948,0.9852976,0.00073898793,0.013963454
15949,0.19741079,0.096445955,0.70614326
15950,0.92379224,0.013298738,0.06290907
15951,0.29293412,0.09022242,0.6168434
15952,0.9498797,0.0036183256,0.046501935
15953,0.5389483,0.00952697,0.45152473
15954,0.9503898,0.033137403,0.01647274
15955,0.068997525,0.057619866,0.8733826
15956,0.31115144,0.006577,0.68227154
15957,0.9421276,0.006240554,0.0516319
15958,0.9349764,0.0052156695,0.059808012
15959,0.39484257,0.06823754,0.5369199
15960,0.7852752,0.01943495,0.19528985
15961,0.15845962,0.00432785,0.8372125
15962,0.96417105,0.005226016,0.030602917
15963,0.9866145,0.004957034,0.008428477
15964,0.2623688,0.00897047,0.72866076
15965,0.06735443,0.18112318,0.7515224
15966,0.91965497,0.03708956,0.043255474
15967,0.22774419,0.047997884,0.72425795
15968,0.99040097,0.0004259976,0.009173095
15969,0.6349987,0.027201792,0.33779958
15970,0.9415573,0.001818044,0.056624684
15971,0.99592704,0.0004180105,0.0036548784
15972,0.96691996,0.0053596087,0.027720435
15973,0.98968726,0.00030241595,0.010010353
15974,0.927379,0.04222065,0.03040031
15975,0.9488328,0.002457638,0.048709616
15976,0.8887309,0.01005178,0.10121735
15977,0.9973979,0.00024539014,0.0023566675
15978,0.9673352,0.004359117,0.028305717
15979,0.8822073,0.0012811023,0.11651167
15980,0.66431695,0.13102335,0.2046597
15981,0.77033395,0.17320018,0.056465838
15982,0.9222358,0.01760394,0.060160227
15983,0.8948764,0.009717181,0.0954064
15984,0.99059254,0.0038170551,0.0055904677
15985,0.7700309,0.06643352,0.16353555
15986,0.9326985,0.0067873276,0.060514186
15987,0.9381399,0.0077793514,0.054080755
15988,0.00374594,0.0027017132,0.9935523
15989,0.84526265,0.013444235,0.14129317
15990,0.9109704,0.053763364,0.0352662
15991,0.03545269,0.0038814996,0.9606658
15992,0.9408883,0.008514439,0.050597228
15993,0.89613783,0.024601387,0.079260826
15994,0.91056466,0.010873293,0.07856208
15995,0.9757666,0.004258441,0.01997498
15996,0.0034471161,0.001211053,0.9953419
15997,0.75159585,0.1447889,0.10361523
15998,0.8333019,0.008306225,0.15839182
15999,0.9825608,0.0035157502,0.013923467
16000,0.27001002,0.016961562,0.71302843
16001,0.95973665,0.0026265404,0.037636828
16002,0.10827936,0.0017038702,0.89001673
16003,0.7950114,0.0377651,0.16722348
16004,0.9602401,0.0013551419,0.03840474
16005,0.988252,0.0010633365,0.0106847
16006,0.86087227,0.0016552793,0.1374725
16007,0.80444,0.006326958,0.18923299
16008,0.91772646,0.04006432,0.042209253
16009,0.037522536,0.016934568,0.94554293
16010,0.98013616,0.00091156596,0.01895225
16011,0.95184577,0.01883616,0.029318072
16012,0.9618503,0.0016835538,0.03646619
16013,0.9151072,0.0029532372,0.0819396
16014,0.46889105,0.039390948,0.49171796
16015,0.91435,0.0013644779,0.08428556
16016,0.9869846,0.0012868071,0.011728553
16017,0.79456365,0.02522643,0.18020998
16018,0.9220225,0.013435975,0.064541526
16019,0.6509143,0.0187737,0.33031195
16020,0.09644696,0.010641775,0.8929112
16021,0.11977488,0.016219977,0.86400515
16022,0.9174105,0.0022742804,0.08031527
16023,0.98160326,0.0023770619,0.016019704
16024,0.84152657,0.002492834,0.15598054
16025,0.12153391,0.033950847,0.84451526
16026,0.93200916,0.006978708,0.061012115
16027,0.57631516,0.022536563,0.40114826
16028,0.7954088,0.19008501,0.014506192
16029,0.94106203,0.005662147,0.053275857
16030,0.8484114,0.008561116,0.14302751
16031,0.95667154,0.0091393115,0.034189176
16032,0.57609415,0.004308701,0.41959715
16033,0.9371958,0.004894903,0.057909314
16034,0.5046119,0.055743705,0.43964443
16035,0.6618957,0.13261034,0.20549391
16036,0.6910867,0.25069204,0.058221243
16037,0.6732486,0.06882985,0.25792158
16038,0.7089087,0.029568871,0.26152247
16039,0.035654895,0.02259257,0.94175255
16040,0.5411622,0.010961451,0.44787633
16041,0.93089783,0.001157665,0.06794455
16042,0.9119463,0.0017769475,0.08627674
16043,0.80733526,0.006534032,0.18613069
16044,0.09610242,0.001830828,0.9020667
16045,0.69014585,0.25386456,0.05598961
16046,0.95939386,0.0007100808,0.03989608
16047,0.9853484,0.0009820223,0.013669591
16048,0.19448508,0.0060541015,0.7994608
16049,0.98564667,0.0010730774,0.013280241
16050,0.08810965,0.015214242,0.8966761
16051,0.97263134,0.011620941,0.015747733
16052,0.903598,0.034114823,0.062287204
16053,0.9906709,0.0008954315,0.008433597
16054,0.78299415,0.015514976,0.20149085
16055,0.96441466,0.00083418284,0.0347511
16056,0.0047606966,0.002049782,0.9931896
16057,0.95293653,0.0022581576,0.04480528
16058,0.48825842,0.026013497,0.48572809
16059,0.94416577,0.0012562833,0.05457798
16060,0.9791893,0.0024990288,0.018311668
16061,0.9694361,0.017354332,0.013209607
16062,0.93749577,0.0039778603,0.05852637
16063,0.67799056,0.013412359,0.30859712
16064,0.8239728,0.025111118,0.15091607
16065,0.8766366,0.06696852,0.056394804
16066,0.43478027,0.06931227,0.4959074
16067,0.98903745,0.007854964,0.0031076479
16068,0.02268957,0.0060159173,0.97129446
16069,0.44529402,0.024993917,0.5297121
16070,0.9287653,0.009259095,0.061975636
16071,0.9592658,0.0015400992,0.039194014
16072,0.9446323,0.0064284536,0.04893918
16073,0.034179144,0.0056153787,0.9602055
16074,0.06574159,0.026232475,0.908026
16075,0.5854063,0.0877658,0.32682788
16076,0.8976201,0.019491397,0.08288856
16077,0.91404754,0.0458781,0.04007442
16078,0.9523822,0.006408135,0.041209638
16079,0.8117328,0.009499902,0.1787672
16080,0.0125666065,0.0016215905,0.9858118
16081,0.30457008,0.010477821,0.6849521
16082,0.9843323,0.0010263983,0.014641248
16083,0.9702326,0.0036873422,0.026080031
16084,0.10262971,0.21101749,0.6863528
16085,0.9253241,0.057862464,0.016813431
16086,0.24930102,0.308655,0.44204405
16087,0.83734953,0.0076422333,0.1550082
16088,0.9870228,0.00041534743,0.01256186
16089,0.9581989,0.014399263,0.027401846
16090,0.4203243,0.011011929,0.5686638
16091,0.57345957,0.011945593,0.41459486
16092,0.9668161,0.002399197,0.030784722
16093,0.2766116,0.013793978,0.7095944
16094,0.9516965,0.006231169,0.04207231
16095,0.3698231,0.021394094,0.6087828
16096,0.60369307,0.08244767,0.31385928
16097,0.98658305,0.0014331992,0.011983744
16098,0.9356514,0.028713187,0.03563537
16099,0.95387244,0.03220521,0.013922355
16100,0.4628702,0.3394669,0.19766289
16101,0.98031235,0.009818101,0.009869575
16102,0.018749705,0.00362225,0.97762805
16103,0.012718792,0.00185644,0.9854248
16104,0.89730316,0.011916585,0.09078027
16105,0.930834,0.0024404996,0.0667255
16106,0.7664081,0.022413762,0.21117817
16107,0.977985,0.0032359522,0.01877902
16108,0.9180793,0.0059324685,0.07598829
16109,0.86352354,0.015740689,0.120735735
16110,0.018258946,0.0026914533,0.9790496
16111,0.93198645,0.0055314926,0.06248199
16112,0.3537094,0.05151387,0.59477675
16113,0.86051524,0.013604834,0.12587996
16114,0.95352125,0.007947897,0.038530894
16115,0.959728,0.035030257,0.005241706
16116,0.873486,0.013667926,0.11284616
16117,0.9651407,0.002123292,0.032736026
16118,0.948646,0.021921461,0.029432599
16119,0.9578146,0.0018179012,0.040367503
16120,0.90880656,0.007553393,0.08364006
16121,0.41426137,0.0070852204,0.57865345
16122,0.983096,0.009823448,0.007080519
16123,0.8554565,0.021760304,0.12278321
16124,0.3273926,0.2204658,0.45214158
16125,0.6010369,0.026803454,0.37215966
16126,0.17270967,0.03608828,0.791202
16127,0.98216873,0.00066092954,0.017170295
16128,0.0020332937,0.0005223309,0.9974444
16129,0.9519325,0.0036797274,0.044387817
16130,0.9228943,0.0068611153,0.0702446
16131,0.9697603,0.010528827,0.0197109
16132,0.88274366,0.012547052,0.104709275
16133,0.4687397,0.022578575,0.5086818
16134,0.19208913,0.116608396,0.6913025
16135,0.9567918,0.015333449,0.027874716
16136,0.03748153,0.008275667,0.95424277
16137,0.7470126,0.015149491,0.23783793
16138,0.818214,0.08127535,0.10051068
16139,0.8598455,0.009162155,0.13099234
16140,0.9672154,0.0077240975,0.0250605
16141,0.9758473,0.0020383345,0.022114294
16142,0.98943007,0.0016178393,0.008952017
16143,0.6646549,0.010002751,0.3253424
16144,0.1354601,0.046282016,0.81825787
16145,0.90834475,0.010293414,0.08136192
16146,0.09119993,0.030538047,0.878262
16147,0.87380266,0.111371376,0.014825913
16148,0.9328912,0.0048904084,0.062218342
16149,0.98197925,0.0034970134,0.014523767
16150,0.861744,0.00911535,0.12914066
16151,0.05227927,0.004821869,0.94289887
16152,0.83917296,0.01799284,0.14283419
16153,0.8501954,0.016494447,0.13331015
16154,0.89875317,0.020715151,0.08053164
16155,0.008681346,0.0007889637,0.9905297
16156,0.71437246,0.015153351,0.27047417
16157,0.6135847,0.055834554,0.3305807
16158,0.011333802,0.0069711846,0.98169494
16159,0.95706767,0.020371476,0.022560887
16160,0.91636664,0.008691644,0.07494176
16161,0.9473829,0.013451793,0.03916523
16162,0.7738882,0.011924975,0.21418688
16163,0.86461216,0.001942147,0.13344568
16164,0.94339746,0.0054118936,0.051190645
16165,0.969983,0.0029330866,0.0270839
16166,0.9628501,0.021862216,0.01528766
16167,0.96989584,0.014163087,0.01594102
16168,0.9826566,0.0006186152,0.016724838
16169,0.9812377,0.0065438896,0.012218386
16170,0.96859455,0.015726022,0.015679466
16171,0.9778641,0.00038132392,0.021754598
16172,0.97102576,0.021613507,0.0073606973
16173,0.9908365,0.0019552452,0.007208275
16174,0.75421137,0.020948242,0.22484036
16175,0.92942405,0.0043454343,0.066230536
16176,0.8185898,0.005088669,0.17632154
16177,0.083206385,0.0027560678,0.9140375
16178,0.15823604,0.039918095,0.8018459
16179,0.9929965,0.0014879322,0.005515611
16180,0.8583543,0.052534495,0.0891112
16181,0.98328745,0.0025756538,0.014136893
16182,0.07273196,0.033525463,0.89374256
16183,0.67911184,0.121042706,0.19984551
16184,0.3005834,0.0095026605,0.689914
16185,0.51389545,0.033756334,0.45234823
16186,0.05712243,0.018180076,0.9246975
16187,0.82949024,0.0028523381,0.1676575
16188,0.011324714,0.00054823223,0.98812705
16189,0.0048543494,0.004383189,0.9907624
16190,0.86956364,0.040975094,0.08946131
16191,0.9547017,0.006023988,0.039274264
16192,0.9603557,0.0047734384,0.034870885
16193,0.8025531,0.032125186,0.16532172
16194,0.96003366,0.0010505634,0.038915813
16195,0.95878726,0.003205863,0.038006827
16196,0.14452969,0.29578048,0.5596899
16197,0.83052534,0.012000786,0.1574739
16198,0.91206574,0.0094307335,0.07850355
16199,0.8377726,0.11929879,0.042928573
16200,0.95517105,0.008638176,0.03619076
16201,0.1168993,0.018133778,0.864967
16202,0.9805139,0.011735863,0.0077502397
16203,0.9556403,0.019872723,0.024486909
16204,0.862665,0.022442468,0.11489257
16205,0.41630766,0.02365649,0.5600359
16206,0.8566011,0.0039253337,0.13947353
16207,0.14902724,0.004993974,0.8459788
16208,0.823407,0.05870493,0.11788806
16209,0.9444439,0.034830473,0.02072568
16210,0.60993797,0.26079223,0.12926982
16211,0.9621788,0.012266176,0.02555501
16212,0.93793935,0.0036442447,0.058416396
16213,0.9558406,0.0042476086,0.03991183
16214,0.5076112,0.052780267,0.4396085
16215,0.12150688,0.22734012,0.65115297
16216,0.94187427,0.002516618,0.055609174
16217,0.989753,0.00064628565,0.009600758
16218,0.006098126,0.009612304,0.9842896
16219,0.94303495,0.003600113,0.053364962
16220,0.07423811,0.0059242216,0.9198377
16221,0.8973369,0.0019695996,0.10069351
16222,0.9511373,0.0024982307,0.046364434
16223,0.733841,0.003372819,0.26278618
16224,0.02901257,0.0828557,0.8881317
16225,0.8549136,0.0005908638,0.14449558
16226,0.71171176,0.10920393,0.17908432
16227,0.74970675,0.026115447,0.22417784
16228,0.96631896,0.018581431,0.015099647
16229,0.8314712,0.0033644247,0.16516441
16230,0.93710536,0.012246134,0.050648514
16231,0.95251584,0.0033645486,0.044119608
16232,0.983238,0.0012183535,0.015543684
16233,0.9388925,0.008367869,0.05273962
16234,0.048034467,0.0017010344,0.9502645
16235,0.7606288,0.012434112,0.22693706
16236,0.981546,0.0046447664,0.013809251
16237,0.9785942,0.0058777863,0.015528081
16238,0.3869327,0.045871112,0.5671962
16239,0.9679542,0.019991463,0.012054245
16240,0.8968794,0.0061475593,0.096973024
16241,0.0029802236,0.0012988313,0.9957209
16242,0.87508625,0.013952552,0.11096127
16243,0.98619473,0.0035003254,0.0103049185
16244,0.13250448,0.027980193,0.8395154
16245,0.93558705,0.0069238422,0.057489123
16246,0.6793212,0.004340998,0.31633776
16247,0.042409156,0.0006840918,0.95690674
16248,0.73060036,0.009299922,0.26009974
16249,0.97691184,0.0010239735,0.022064157
16250,0.16443661,0.013102637,0.8224608
16251,0.96613955,0.0010789249,0.032781504
16252,0.88386136,0.015575294,0.10056334
16253,0.92877597,0.032205362,0.03901872
16254,0.9365322,0.011208705,0.0522591
16255,0.09350218,0.02086829,0.8856295
16256,0.90505594,0.0039923703,0.09095167
16257,0.90038306,0.012334601,0.087282345
16258,0.7616076,0.040520333,0.19787207
16259,0.9549243,0.0103373015,0.034738436
16260,0.5060434,0.014529758,0.47942683
16261,0.028166363,0.0018061411,0.9700275
16262,0.09248609,0.0018283525,0.90568554
16263,0.9809621,0.0031181346,0.015919784
16264,0.97740024,0.0008316407,0.021768155
16265,0.9287406,0.0023023088,0.0689571
16266,0.8259937,0.0023145084,0.17169176
16267,0.95434994,0.0013340225,0.04431608
16268,0.0024639652,0.010368592,0.9871674
16269,0.9860001,0.00035770427,0.013642207
16270,0.0064709,0.008336214,0.9851929
16271,0.95469314,0.008147467,0.037159402
16272,0.9736284,0.005395687,0.02097589
16273,0.964642,0.01071598,0.024642047
16274,0.9955895,0.002105716,0.002304771
16275,0.07957151,0.12928031,0.7911482
16276,0.9656552,0.0027337694,0.031611096
16277,0.99185365,0.0031723683,0.0049740057
16278,0.9321215,0.0132740615,0.054604437
16279,0.9057805,0.023025071,0.07119445
16280,0.94922256,0.010211377,0.040566046
16281,0.04119361,0.0041370094,0.95466936
16282,0.010770019,0.0021781416,0.98705184
16283,0.97539866,0.00917834,0.01542302
16284,0.9421165,0.0030004352,0.05488309
16285,0.01209113,0.0035330018,0.9843759
16286,0.95667887,0.0062759616,0.037045166
16287,0.9163363,0.00197075,0.081692964
16288,0.053613167,0.11900828,0.8273785
16289,0.5314969,0.0011534083,0.4673497
16290,0.93506247,0.008446275,0.056491286
16291,0.948745,0.011119787,0.04013517
16292,0.977995,0.008151435,0.013853632
16293,0.77109927,0.0010981861,0.22780253
16294,0.94560534,0.010178065,0.04421656
16295,0.2949866,0.06576299,0.63925046
16296,0.9620527,0.0008694107,0.037077837
16297,0.0034617728,0.0020674304,0.99447083
16298,0.9528568,0.009684234,0.03745897
16299,0.4418712,0.005647681,0.5524811
16300,0.9549703,0.0058711874,0.039158557
16301,0.62117296,0.02705974,0.3517673
16302,0.37503514,0.0020528433,0.622912
16303,0.9696238,0.007745321,0.022630883
16304,0.9589097,0.009808873,0.031281397
16305,0.883868,0.007461403,0.108670585
16306,0.88630486,0.058639318,0.055055846
16307,0.38975665,0.11453057,0.49571282
16308,0.29708076,0.045462858,0.6574564
16309,0.9636258,0.009881035,0.02649324
16310,0.19703694,0.026806198,0.77615684
16311,0.92453784,0.012751639,0.06271054
16312,0.95840234,0.023408841,0.01818881
16313,0.9810754,0.0028266436,0.016097954
16314,0.93905085,0.004195492,0.056753635
16315,0.9489796,0.024329942,0.026690384
16316,0.98618245,0.0023212824,0.011496219
16317,0.93785566,0.008657982,0.05348631
16318,0.017289052,0.004019152,0.97869176
16319,0.91042256,0.013033156,0.0765443
16320,0.88001287,0.013224442,0.10676276
16321,0.89891076,0.08092558,0.020163732
16322,0.7500291,0.03940983,0.21056113
16323,0.8757789,0.0074818553,0.11673926
16324,0.050490577,0.013057044,0.9364523
16325,0.2807806,0.030277183,0.6889422
16326,0.96856,0.0023646203,0.029075356
16327,0.643463,0.01885959,0.3376774
16328,0.9174698,0.0014800738,0.08105009
16329,0.91629046,0.005768017,0.07794158
16330,0.044994224,0.00961029,0.9453955
16331,0.9443332,0.012553513,0.04311332
16332,0.6835782,0.068499155,0.24792264
16333,0.75946593,0.21715912,0.023374954
16334,0.83463115,0.011202136,0.15416673
16335,0.9379766,0.0072095906,0.054813843
16336,0.10595189,0.00820968,0.8858384
16337,0.41135705,0.53656596,0.052077033
16338,0.08194371,0.0030127086,0.9150436
16339,0.9726452,0.0021278202,0.025226988
16340,0.49675786,0.07760707,0.42563504
16341,0.96081424,0.020402955,0.018782752
16342,0.8702322,0.008108347,0.121659435
16343,0.023969164,0.03421039,0.94182044
16344,0.8415092,0.003699924,0.15479092
16345,0.938491,0.0033878628,0.058121115
16346,0.18941076,0.29238817,0.51820105
16347,0.9194143,0.010282104,0.07030358
16348,0.3105671,0.012628511,0.67680436
16349,0.91611636,0.021550376,0.062333334
16350,0.98824114,0.00082336145,0.010935536
16351,0.8351816,0.0143531775,0.15046528
16352,0.9452486,0.0024886685,0.052262668
16353,0.04343469,0.0052508516,0.95131445
16354,0.98803246,0.0028307252,0.009136839
16355,0.9365663,0.008026683,0.055407036
16356,0.94621634,0.008834466,0.04494921
16357,0.8226789,0.003862843,0.17345822
16358,0.981261,0.009757785,0.008981233
16359,0.94292927,0.00437121,0.052699573
16360,0.975497,0.006998478,0.017504523
16361,0.86850804,0.004458525,0.12703346
16362,0.9499323,0.035257947,0.014809733
16363,0.73863214,0.004913026,0.25645483
16364,0.8072611,0.006678524,0.18606032
16365,0.010741543,0.0017986613,0.9874598
16366,0.14718316,0.0020904865,0.8507263
16367,0.9594848,0.0029617625,0.03755342
16368,0.9898921,0.0024670153,0.0076409224
16369,0.4991599,0.052898973,0.44794115
16370,0.95252323,0.008988697,0.0384881
16371,0.06617532,0.0022156506,0.931609
16372,0.8254107,0.011784833,0.16280447
16373,0.862653,0.009005216,0.1283418
16374,0.96283674,0.0013432397,0.035820004
16375,0.8768442,0.06568675,0.057469044
16376,0.96821624,0.0026503908,0.029133389
16377,0.98209685,0.0016859599,0.016217206
16378,0.9706927,0.0032293424,0.026077976
16379,0.8993651,0.034565568,0.066069335
16380,0.27579266,0.016489353,0.70771796
16381,0.9661936,0.027342327,0.0064640157
16382,0.9192049,0.008614296,0.07218084
16383,0.9820672,0.009367591,0.008565212
16384,0.8176377,0.008560462,0.17380178
16385,0.9805165,0.0076089837,0.0118745165
16386,0.97530955,0.0047659995,0.019924505
16387,0.88328534,0.0014435375,0.11527106
16388,0.003393297,0.0070843515,0.9895223
16389,0.007405088,0.0016940273,0.9909009
16390,0.50534195,0.054462306,0.44019574
16391,0.9701572,0.0045171175,0.02532561
16392,0.88139814,0.01676625,0.10183557
16393,0.9548963,0.007910138,0.03719357
16394,0.60866624,0.011911936,0.37942177
16395,0.3347096,0.021979181,0.64331126
16396,0.964221,0.004861209,0.030917736
16397,0.97278655,0.0030538533,0.024159594
16398,0.9618856,0.004698257,0.033416208
16399,0.0037122425,0.0008313982,0.99545634
16400,0.028296234,0.0038868142,0.967817
16401,0.33425915,0.003067231,0.6626736
16402,0.35437876,0.109388,0.53623325
16403,0.9592875,0.018031828,0.022680666
16404,0.55434686,0.28993073,0.15572241
16405,0.98764753,0.0035221165,0.008830389
16406,0.9095658,0.0038533604,0.08658087
16407,0.72894794,0.22595087,0.04510118
16408,0.95148265,0.0068575577,0.041659724
16409,0.9569763,0.029425992,0.013597762
16410,0.9450723,0.0019276639,0.053000037
16411,0.7923736,0.013910316,0.19371612
16412,0.7607229,0.0985197,0.1407575
16413,0.87560374,0.003427555,0.120968685
16414,0.93874156,0.0036805074,0.05757785
16415,0.95232695,0.004785407,0.04288762
16416,0.2820275,0.6406704,0.07730203
16417,0.9574159,0.020409575,0.022174561
16418,0.93765473,0.002111006,0.06023427
16419,0.8582337,0.004915766,0.13685049
16420,0.44163397,0.008730525,0.5496355
16421,0.8667096,0.015558404,0.11773202
16422,0.98455817,0.0059937583,0.009448099
16423,0.81619364,0.0050557735,0.17875056
16424,0.94782245,0.013368446,0.03880907
16425,0.8954995,0.006746154,0.097754315
16426,0.926564,0.034078144,0.039357837
16427,0.912844,0.016489837,0.070666224
16428,0.98120683,0.00092556514,0.017867645
16429,0.82258505,0.13121626,0.046198692
16430,0.9705658,0.007015203,0.022418985
16431,0.9768836,0.012102974,0.011013369
16432,0.80834925,0.030170161,0.16148055
16433,0.9947785,0.0008864076,0.0043351236
16434,0.21533523,0.022421008,0.76224375
16435,0.95242476,0.00396544,0.043609757
16436,0.89215475,0.0063710883,0.10147415
16437,0.9636027,0.012826519,0.023570778
16438,0.9283942,0.0032928574,0.06831291
16439,0.9612618,0.0031863777,0.035551835
16440,0.1383155,0.049467977,0.8122165
16441,0.73560095,0.011700123,0.25269893
16442,0.8087844,0.030417418,0.16079818
16443,0.9497888,0.005415574,0.044795595
16444,0.6235688,0.021537308,0.35489392
16445,0.48399633,0.22002178,0.2959819
16446,0.9152641,0.017827239,0.0669086
16447,0.97593224,0.0020898622,0.021977901
16448,0.72812784,0.0019305898,0.26994157
16449,0.42906734,0.015101388,0.55583125
16450,0.9726341,0.0023061866,0.02505973
16451,0.89079326,0.016455585,0.092751175
16452,0.5529501,0.4291756,0.017874343
16453,0.044241656,0.068693325,0.887065
16454,0.96524817,0.0019406171,0.032811157
16455,0.93674797,0.024307359,0.038944717
16456,0.74995744,0.010737149,0.23930535
16457,0.96272844,0.0017890956,0.03548245
16458,0.86792105,0.063086204,0.068992786
16459,0.77604675,0.07759834,0.14635493
16460,0.0014338071,0.00019540254,0.9983708
16461,0.9889135,0.0024383187,0.00864821
16462,0.9519998,0.0049023186,0.043097895
16463,0.9398692,0.016197195,0.043933623
16464,0.9937325,0.00042913624,0.005838396
16465,0.061372735,0.009107758,0.92951953
16466,0.90140295,0.008389768,0.090207346
16467,0.55245197,0.1554107,0.29213732
16468,0.9652466,0.03098616,0.0037671914
16469,0.9836939,0.0022492476,0.0140568735
16470,0.8509637,0.1094572,0.03957913
16471,0.98051435,0.0118368175,0.007648887
16472,0.96970636,0.002178117,0.028115528
16473,0.98300445,0.0018652143,0.015130391
16474,0.8937296,0.009318495,0.096951924
16475,0.9432478,0.018254729,0.038497552
16476,0.16884021,0.014559473,0.81660026
16477,0.9803034,0.007824008,0.011872666
16478,0.9641352,0.026881058,0.008983737
16479,0.9785719,0.0136671895,0.007760936
16480,0.9923873,0.003416472,0.004196221
16481,0.9632394,0.004236382,0.03252427
16482,0.55247015,0.01202153,0.43550828
16483,0.06782894,0.0035546583,0.9286164
16484,0.84257984,0.004248572,0.15317158
16485,0.90257335,0.0032342388,0.09419235
16486,0.9657766,0.0070963767,0.02712706
16487,0.018416448,0.00057732145,0.98100626
16488,0.10106867,0.012451907,0.88647944
16489,0.94808084,0.0016176188,0.050301544
16490,0.89890575,0.0115611255,0.08953318
16491,0.4473016,0.39898816,0.15371022
16492,0.94051546,0.004918919,0.05456555
16493,0.9728113,0.004760222,0.022428472
16494,0.85446215,0.015102886,0.13043493
16495,0.10308817,0.024963563,0.8719483
16496,0.9054896,0.004442988,0.090067394
16497,0.42680606,0.073742434,0.49945152
16498,0.058649365,0.043648466,0.8977021
16499,0.32555285,0.13130872,0.54313844
16500,0.98091346,0.002246689,0.016839845
16501,0.039188147,0.013085657,0.9477262
16502,0.8081104,0.020738568,0.17115104
16503,0.9213502,0.010613053,0.068036765
16504,0.7161553,0.017017327,0.26682737
16505,0.8960064,0.0077181156,0.096275546
16506,0.94933546,0.02737851,0.023286002
16507,0.98052543,0.0080008,0.011473713
16508,0.9010755,0.00062683417,0.09829771
16509,0.86642516,0.023278177,0.1102967
16510,0.98842037,0.002291483,0.009288183
16511,0.8027308,0.004575484,0.19269373
16512,0.15674143,0.0074718967,0.8357867
16513,0.65047145,0.005107396,0.34442115
16514,0.94346005,0.00048126,0.056058686
16515,0.014369341,0.00073262176,0.98489803
16516,0.07494899,0.0047715064,0.9202795
16517,0.76681757,0.14125097,0.09193145
16518,0.9626381,0.006481641,0.030880354
16519,0.9512813,0.006409738,0.042308904
16520,0.0012454375,0.0020969592,0.9966576
16521,0.95144135,0.001294921,0.04726369
16522,0.9492204,0.029800287,0.020979272
16523,0.9361078,0.010812198,0.05307998
16524,0.08547252,0.24145849,0.673069
16525,0.95821786,0.010290382,0.03149179
16526,0.87727594,0.086221345,0.036502697
16527,0.88425773,0.014231617,0.101510696
16528,0.9178671,0.011455381,0.070677474
16529,0.08966427,0.04728302,0.86305267
16530,0.9490272,0.02214287,0.028829923
16531,0.0086026555,0.001125763,0.9902715
16532,0.47637382,0.0024424673,0.5211837
16533,0.9610178,0.013979739,0.025002446
16534,0.9667496,0.009986172,0.023264237
16535,0.58896524,0.01648309,0.3945517
16536,0.89966,0.019447371,0.0808926
16537,0.5790302,0.3325121,0.088457674
16538,0.9365476,0.012494501,0.05095797
16539,0.9952743,0.0015562555,0.003169393
16540,0.47790256,0.0360168,0.48608068
16541,0.98415446,0.00794716,0.007898365
16542,0.96692944,0.010428282,0.022642221
16543,0.8942825,0.01980369,0.08591373
16544,0.42387527,0.011477764,0.56464696
16545,0.67519647,0.0034775396,0.32132593
16546,0.9167177,0.031465266,0.051816955
16547,0.43396208,0.045905907,0.520132
16548,0.7114292,0.020092709,0.26847813
16549,0.12099151,0.022594038,0.8564145
16550,0.8034823,0.1154834,0.081034355
16551,0.90491253,0.0057645766,0.0893229
16552,0.7444612,0.0124072125,0.24313162
16553,0.97053224,0.004805679,0.024662102
16554,0.36120716,0.33780086,0.30099198
16555,0.80318975,0.018630197,0.17818004
16556,0.9391044,0.0032313745,0.05766424
16557,0.13920452,0.08762879,0.77316666
16558,0.9761444,0.0028448736,0.021010794
16559,0.022767283,0.0060705533,0.97116214
16560,0.8555166,0.030343909,0.1141395
16561,0.14306213,0.008409595,0.84852827
16562,0.98594075,0.00046986472,0.013589305
16563,0.9493885,0.029397195,0.021214237
16564,0.02101227,0.02494911,0.9540386
16565,0.98284286,0.001998906,0.0151581885
16566,0.9538805,0.0042100702,0.041909494
16567,0.9780448,0.0057670143,0.01618819
16568,0.9701274,0.0132190585,0.016653564
16569,0.28596386,0.0059767948,0.7080593
16570,0.9278977,0.019037072,0.053065278
16571,0.9441204,0.0031133667,0.052766208
16572,0.93962866,0.038412098,0.02195929
16573,0.030624075,0.010621921,0.95875406
16574,0.92779857,0.0025171111,0.06968432
16575,0.89697397,0.009209764,0.09381633
16576,0.026264967,0.10133326,0.8724018
16577,0.7875704,0.015190805,0.19723871
16578,0.9713514,0.0015584321,0.027090188
16579,0.83537346,0.015666265,0.1489603
16580,0.010843106,0.002499692,0.9866572
16581,0.5019075,0.07956484,0.41852766
16582,0.94256246,0.007983144,0.049454417
16583,0.9347626,0.011311177,0.053926248
16584,0.62436944,0.015830481,0.35980007
16585,0.9574804,0.01640655,0.026113112
16586,0.9732222,0.0016166734,0.02516116
16587,0.9863036,0.006584277,0.0071121515
16588,0.7101668,0.0014961392,0.2883371
16589,0.44989187,0.14694172,0.40316644
16590,0.71770257,0.0030958655,0.2792016
16591,0.98634756,0.005152395,0.008499997
16592,0.95955133,0.0035162598,0.036932364
16593,0.9716893,0.00506282,0.023247918
16594,0.9739129,0.0026304827,0.02345666
16595,0.9755712,0.004398636,0.020030115
16596,0.4949638,0.07112439,0.43391174
16597,0.9501731,0.0018897753,0.047937103
16598,0.87376666,0.034468297,0.09176504
16599,0.49986896,0.006836628,0.49329445
16600,0.9100752,0.012575378,0.07734943
16601,0.33335978,0.015304603,0.6513356
16602,0.83165944,0.008009294,0.16033123
16603,0.9490873,0.008161689,0.042751033
16604,0.9723912,0.009455938,0.018152868
16605,0.9566061,0.0014858427,0.04190807
16606,0.07644976,0.008419141,0.91513115
16607,0.79905087,0.061595906,0.13935319
16608,0.9101842,0.010487531,0.07932826
16609,0.94281393,0.0071560293,0.050030023
16610,0.9821993,0.00070339796,0.017097283
16611,0.94135284,0.007882076,0.05076511
16612,0.5407121,0.12903462,0.33025324
16613,0.25091344,0.007701712,0.74138486
16614,0.9569075,0.0010084364,0.04208404
16615,0.9903217,0.00079060165,0.008887664
16616,0.66405773,0.10266011,0.23328222
16617,0.96405345,0.011368184,0.02457832
16618,0.9743396,0.0055956417,0.020064766
16619,0.8282366,0.0047115274,0.16705188
16620,0.97027177,0.0028152652,0.026912972
16621,0.9851349,0.0007637478,0.014101376
16622,0.059096824,0.048847064,0.89205617
16623,0.024214422,0.010723672,0.96506196
16624,0.03874447,0.008779114,0.9524764
16625,0.98627067,0.0030833657,0.010645919
16626,0.98153794,0.006659658,0.011802371
16627,0.93234074,0.0073735304,0.060285788
16628,0.6293036,0.14505896,0.22563748
16629,0.22101346,0.115567245,0.6634193
16630,0.017391775,0.0009263131,0.9816819
16631,0.98504156,0.00092250906,0.014035971
16632,0.7391151,0.05626515,0.2046197
16633,0.88821757,0.03359774,0.0781847
16634,0.01774585,0.011708091,0.97054607
16635,0.939211,0.018860588,0.041928478
16636,0.959185,0.0017344371,0.039080553
16637,0.95321244,0.003161242,0.043626327
16638,0.20837432,0.009184344,0.7824413
16639,0.9443606,0.014276169,0.041363176
16640,0.3320311,0.062102567,0.6058664
16641,0.77467895,0.031129314,0.1941917
16642,0.40487745,0.14081842,0.45430416
16643,0.9812764,0.005045706,0.013677953
16644,0.96004266,0.004552153,0.035405204
16645,0.9687113,0.006739709,0.024548952
16646,0.98198205,0.0007263182,0.01729167
16647,0.9707813,0.00827273,0.02094592
16648,0.6258291,0.0012980953,0.37287274
16649,0.9876337,0.002319982,0.010046366
16650,0.94224304,0.0030544442,0.054702543
16651,0.92661524,0.0069092694,0.066475525
16652,0.9509223,0.0020712242,0.04700643
16653,0.9498706,0.020460114,0.029669354
16654,0.85622776,0.0028517048,0.14092056
16655,0.9356464,0.0058668354,0.058486797
16656,0.28671798,0.0053501492,0.7079319
16657,0.9230262,0.010693993,0.066279836
16658,0.81731844,0.045102894,0.1375787
16659,0.9480897,0.0032109253,0.048699323
16660,0.9411387,0.002318139,0.056543197
16661,0.44930115,0.11355553,0.43714333
16662,0.9719002,0.001848379,0.026251331
16663,0.61919767,0.0054171155,0.37538517
16664,0.90132195,0.013155443,0.08552255
16665,0.99042237,0.0013668843,0.008210725
16666,0.1357039,0.0150958765,0.84920025
16667,0.0020892045,0.00049718056,0.9974137
16668,0.91210204,0.00179426,0.08610366
16669,0.023191497,0.11270523,0.86410326
16670,0.96317047,0.009837684,0.026991801
16671,0.6348029,0.01362689,0.35157022
16672,0.91731256,0.0012072648,0.08148018
16673,0.87647414,0.024907457,0.09861834
16674,0.98510426,0.0015875141,0.013308251
16675,0.8095739,0.056951616,0.1334745
16676,0.9285461,0.0031596378,0.06829427
16677,0.12014468,0.0029455968,0.87690973
16678,0.97053355,0.015899414,0.013567054
16679,0.47468388,0.4713393,0.053976778
16680,0.8129228,0.00821268,0.17886455
16681,0.88158745,0.024816198,0.09359638
16682,0.37587136,0.027236264,0.59689236
16683,0.93682516,0.008750723,0.054424066
16684,0.20581768,0.073249094,0.7209332
16685,0.70949686,0.15606463,0.13443847
16686,0.9926162,0.0005354489,0.006848401
16687,0.9839792,0.004369026,0.011651703
16688,0.9296847,0.025704838,0.0446105
16689,0.6543318,0.13771294,0.20795524
16690,0.9573685,0.0060719373,0.036559552
16691,0.9914283,0.001321351,0.007250339
16692,0.18501015,0.0061263335,0.8088635
16693,0.6735178,0.06316236,0.2633198
16694,0.009681802,0.0011200864,0.98919815
16695,0.98325145,0.0017640684,0.014984467
16696,0.9881948,0.0006597657,0.01114545
16697,0.042297527,0.004087924,0.9536146
16698,0.7646161,0.011334776,0.22404917
16699,0.0053364076,0.0010699566,0.99359363
16700,0.9762607,0.0020288725,0.021710379
16701,0.7709093,0.016038684,0.21305197
16702,0.68778634,0.1730354,0.13917826
16703,0.84941804,0.019244865,0.13133714
16704,0.954375,0.02869888,0.016926086
16705,0.97646016,0.0031899144,0.020349896
16706,0.41471013,0.27745575,0.30783412
16707,0.918585,0.002521324,0.07889367
16708,0.8986795,0.0014584108,0.099862084
16709,0.95796615,0.0063749095,0.035658874
16710,0.98576736,0.0034037621,0.01082888
16711,0.9920054,0.0007379297,0.00725667
16712,0.9823477,0.002767572,0.014884744
16713,0.072408274,0.0020521414,0.9255396
16714,0.0132582635,0.0007319214,0.98600984
16715,0.002619546,0.00021136255,0.9971691
16716,0.46705133,0.13887368,0.39407498
16717,0.9625678,0.0040088617,0.03342329
16718,0.960123,0.000810108,0.03906693
16719,0.9837188,0.0015339121,0.014747306
16720,0.502345,0.07929784,0.41835713
16721,0.98784757,0.00074327306,0.011409098
16722,0.95309937,0.004690118,0.04221049
16723,0.91113305,0.008008483,0.08085844
16724,0.050700653,0.017578034,0.93172127
16725,0.93195695,0.001524233,0.066518836
16726,0.95577544,0.0023100248,0.04191448
16727,0.9747001,0.0040327264,0.021267217
16728,0.32361546,0.08784842,0.5885361
16729,0.9703396,0.008595847,0.021064531
16730,0.38558188,0.17026076,0.4441574
16731,0.88832456,0.014469105,0.09720633
16732,0.19997036,0.10223529,0.6977943
16733,0.28188634,0.0020685226,0.71604514
16734,0.14916575,0.014937202,0.835897
16735,0.943585,0.0056572375,0.05075784
16736,0.8641587,0.0042696926,0.13157164
16737,0.39824572,0.07459124,0.527163
16738,0.91205317,0.00645303,0.08149382
16739,0.9290506,0.0016550132,0.06929436
16740,0.7658793,0.014506235,0.21961454
16741,0.42966768,0.13822177,0.43211055
16742,0.019396102,0.009070991,0.97153294
16743,0.92769367,0.02836261,0.04394372
16744,0.92252314,0.003841931,0.07363497
16745,0.9253636,0.030641379,0.04399502
16746,0.95795053,0.0034729773,0.03857648
16747,0.1884018,0.051424176,0.76017404
16748,0.9573147,0.0016528779,0.041032378
16749,0.8397346,0.003997335,0.15626803
16750,0.2184298,0.22757062,0.5539996
16751,0.9869659,0.002177577,0.010856546
16752,0.9514535,0.0047146967,0.043831833
16753,0.9880002,0.0007557044,0.01124413
16754,0.9748292,0.007079322,0.018091423
16755,0.98891336,0.0022936976,0.008792965
16756,0.66636896,0.15679243,0.17683867
16757,0.8740771,0.09900893,0.02691397
16758,0.9650654,0.0051093646,0.029825293
16759,0.94440657,0.004877742,0.050715666
16760,0.9693903,0.007873236,0.02273652
16761,0.98650926,0.0062916502,0.0071990187
16762,0.96875274,0.002457964,0.02878937
16763,0.8619263,0.02107997,0.11699374
16764,0.78634703,0.008892507,0.20476046
16765,0.7611057,0.020649722,0.21824455
16766,0.030461377,0.001721708,0.9678169
16767,0.9449705,0.030690901,0.024338579
16768,0.025484316,0.00049001025,0.97402567
16769,0.91674125,0.051817052,0.031441625
16770,0.7963513,0.03537451,0.16827415
16771,0.6267284,0.02243505,0.35083652
16772,0.03254676,0.006782226,0.960671
16773,0.52028066,0.0053917333,0.47432765
16774,0.9386076,0.023650605,0.03774178
16775,0.9484615,0.0052863834,0.046252113
16776,0.03665307,0.0046140575,0.9587329
16777,0.9426058,0.019799484,0.03759469
16778,0.9255615,0.041358273,0.033080228
16779,0.9137073,0.04785667,0.03843606
16780,0.91179204,0.009183777,0.07902415
16781,0.9921346,0.00090174214,0.006963736
16782,0.8412033,0.01037214,0.1484246
16783,0.97901994,0.00541358,0.015566507
16784,0.88084775,0.004651765,0.11450055
16785,0.96134365,0.026910199,0.011746125
16786,0.9707752,0.011909713,0.017315157
16787,0.0033501857,0.0036295657,0.99302024
16788,0.8662703,0.033863056,0.099866636
16789,0.015321416,0.0066389297,0.9780397
16790,0.93206054,0.0050899573,0.062849574
16791,0.9469128,0.0049580317,0.04812911
16792,0.9320599,0.033471107,0.034468986
16793,0.8977388,0.008521217,0.09373999
16794,0.9023484,0.0060878666,0.09156368
16795,0.559539,0.038024195,0.4024368
16796,0.8250873,0.033269797,0.1416429
16797,0.027751673,0.002127942,0.97012043
16798,0.899672,0.033710737,0.06661725
16799,0.84879595,0.005811461,0.1453926
16800,0.04277775,0.004148319,0.9530739
16801,0.8867873,0.092155725,0.021056987
16802,0.95871305,0.0034369752,0.037849903
16803,0.90752965,0.00526077,0.08720957
16804,0.07913228,0.036637228,0.8842305
16805,0.5494117,0.08269569,0.36789256
16806,0.8782455,0.0021193041,0.11963523
16807,0.9687186,0.0021493854,0.02913203
16808,0.98089683,0.009469643,0.009633507
16809,0.74903816,0.0110855745,0.23987621
16810,0.7746445,0.00398899,0.22136652
16811,0.07768399,0.01568784,0.9066282
16812,0.6212097,0.008229879,0.3705604
16813,0.95460004,0.003505687,0.04189425
16814,0.96860844,0.0018419728,0.029549593
16815,0.813279,0.0017879804,0.18493304
16816,0.9404137,0.010752672,0.048833594
16817,0.9753784,0.0049886196,0.019633032
16818,0.9615419,0.013503333,0.024954772
16819,0.6343212,0.049803343,0.3158755
16820,0.960959,0.015041512,0.023999518
16821,0.48399803,0.008593062,0.50740886
16822,0.9587491,0.0018186548,0.039432246
16823,0.9480531,0.0026144637,0.04933249
16824,0.9343355,0.00518484,0.060479686
16825,0.8795037,0.030916331,0.08957996
16826,0.6907723,0.027550217,0.28167754
16827,0.2741156,0.037478458,0.68840593
16828,0.021844702,0.0040535005,0.9741018
16829,0.96007144,0.019938612,0.01998989
16830,0.8230974,0.0019300565,0.17497255
16831,0.02956439,0.0052487534,0.9651869
16832,0.95061374,0.0042418414,0.045144457
16833,0.976814,0.0018703314,0.021315677
16834,0.9788063,0.0027925922,0.018401146
16835,0.23485109,0.024290923,0.740858
16836,0.93045455,0.019256482,0.050288912
16837,0.93026894,0.030602517,0.039128512
16838,0.9567761,0.012457779,0.030766165
16839,0.9477173,0.02165462,0.030628085
16840,0.21598247,0.012683737,0.77133375
16841,0.98259336,0.005059708,0.012346957
16842,0.91886145,0.022550473,0.058588084
16843,0.97245026,0.005532926,0.022016825
16844,0.9243241,0.00056756975,0.07510838
16845,0.98344016,0.00058556424,0.015974298
16846,0.9415517,0.0025766944,0.05587166
16847,0.064855285,0.0013305309,0.9338142
16848,0.015285622,0.008790193,0.9759242
16849,0.90252376,0.0031185,0.09435774
16850,0.9275186,0.026601465,0.045879986
16851,0.92132634,0.031245325,0.047428325
16852,0.9717354,0.016220639,0.012043922
16853,0.66901034,0.0056985603,0.3252911
16854,0.8316894,0.005093898,0.16321672
16855,0.9649829,0.003140199,0.031876925
16856,0.95128345,0.0027216428,0.04599492
16857,0.8740905,0.018553292,0.10735623
16858,0.9728492,0.0044363653,0.022714442
16859,0.9475438,0.0048213326,0.047634896
16860,0.70382327,0.034548786,0.26162788
16861,0.012442055,0.004648888,0.9829091
16862,0.84477776,0.08717078,0.06805142
16863,0.001141015,0.00026539387,0.9985936
16864,0.9853439,0.0059222374,0.008733892
16865,0.730463,0.15373704,0.115799986
16866,0.11489563,0.17521608,0.7098883
16867,0.91278934,0.03371338,0.053497247
16868,0.9608687,0.0034906154,0.03564062
16869,0.9098585,0.03692469,0.05321674
16870,0.9250543,0.0027240827,0.07222162
16871,0.9362479,0.0015404815,0.062211588
16872,0.79003733,0.0013275289,0.2086351
16873,0.97941405,0.010079322,0.010506596
16874,0.735199,0.006657754,0.25814322
16875,0.9368463,0.0017469898,0.061406665
16876,0.033064064,0.00047094372,0.966465
16877,0.9136051,0.05101673,0.03537818
16878,0.959977,0.0053011826,0.03472187
16879,0.02026025,0.005520195,0.97421956
16880,0.63498163,0.017700227,0.3473182
16881,0.976138,0.0021873077,0.021674657
16882,0.9275243,0.004358373,0.068117246
16883,0.21221523,0.021957908,0.7658269
16884,0.5626636,0.04283723,0.39449915
16885,0.9522317,0.007558152,0.040210202
16886,0.97200936,0.011537746,0.016452923
16887,0.9686383,0.0077563766,0.023605332
16888,0.90625185,0.00075816887,0.092989944
16889,0.9797895,0.0038069626,0.016403481
16890,0.033929136,0.00914521,0.95692563
16891,0.096660376,0.0060208207,0.8973188
16892,0.010319774,0.0016295133,0.98805076
16893,0.121307805,0.0055852043,0.873107
16894,0.9018359,0.003832711,0.09433138
16895,0.9824185,0.000876188,0.01670538
16896,0.9637716,0.0017314112,0.03449707
16897,0.9560503,0.037998084,0.00595161
16898,0.929238,0.021518337,0.049243677
16899,0.97321284,0.004038861,0.02274834
16900,0.0928999,0.2295605,0.6775396
16901,0.93625104,0.013402412,0.050346583
16902,0.12860943,0.004187074,0.86720353
16903,0.9660313,0.003194035,0.03077468
16904,0.92881924,0.022499816,0.048680875
16905,0.97080046,0.016070085,0.013129492
16906,0.91926306,0.0050282516,0.07570867
16907,0.96234906,0.0056460253,0.03200496
16908,0.37984473,0.012429962,0.6077253
16909,0.9552414,0.0018202973,0.042938285
16910,0.97389406,0.011121842,0.014984147
16911,0.9751731,0.0026180507,0.022208821
16912,0.8809444,0.0067203487,0.11233521
16913,0.97771376,0.0048177335,0.017468462
16914,0.7900642,0.02008009,0.18985566
16915,0.75124115,0.021394296,0.22736457
16916,0.9593572,0.0004431781,0.040199593
16917,0.29931775,0.03398527,0.666697
16918,0.62822074,0.069767356,0.3020119
16919,0.98331696,0.0013487273,0.015334341
16920,0.5278129,0.0070674615,0.46511963
16921,0.9753337,0.0019918913,0.022674391
16922,0.9493276,0.004279138,0.04639327
16923,0.97274923,0.0034077836,0.023843018
16924,0.27546996,0.025957707,0.69857234
16925,0.8247533,0.009704122,0.16554259
16926,0.9822957,0.0067029274,0.011001362
16927,0.86330634,0.000864027,0.13582966
16928,0.6876107,0.025953613,0.2864357
16929,0.9872754,0.0039650286,0.008759498
16930,0.07204241,0.005469674,0.9224879
16931,0.9925984,0.0006758383,0.006725743
16932,0.82420665,0.019928336,0.15586504
16933,0.8693868,0.024877327,0.10573587
16934,0.9852107,0.0011563366,0.013632962
16935,0.9752245,0.009548546,0.015226922
16936,0.8008935,0.003616729,0.19548975
16937,0.91787195,0.0013731219,0.08075491
16938,0.87453294,0.0073871547,0.11807993
16939,0.6919399,0.048016027,0.26004404
16940,0.97666556,0.0032712214,0.020063253
16941,0.959681,0.024421388,0.015897606
16942,0.83953613,0.0035819672,0.1568819
16943,0.043013413,0.11088175,0.8461048
16944,0.9857142,0.001038672,0.013247098
16945,0.031150844,0.0021875852,0.9666616
16946,0.74472666,0.08879044,0.16648285
16947,0.9011172,0.00737637,0.09150642
16948,0.216882,0.03943082,0.74368715
16949,0.837758,0.02209459,0.14014746
16950,0.97937727,0.0086813,0.011941422
16951,0.9828435,0.0044722,0.012684289
16952,0.5074354,0.036311984,0.4562526
16953,0.94408494,0.00561155,0.050303485
16954,0.56082773,0.19021533,0.24895696
16955,0.744196,0.011245348,0.24455866
16956,0.8426988,0.0077515678,0.14954963
16957,0.9605753,0.016934095,0.022490576
16958,0.97953314,0.00063813356,0.019828787
16959,0.9481539,0.013381471,0.038464632
16960,0.036583632,0.021549825,0.9418665
16961,0.0140855955,0.0755819,0.91033256
16962,0.9797935,0.0020507858,0.01815565
16963,0.98392224,0.008434666,0.007643102
16964,0.9090528,0.027002234,0.06394501
16965,0.08886806,0.0028298316,0.9083021
16966,0.94676393,0.0052870926,0.047948956
16967,0.9604664,0.00937562,0.030157914
16968,0.9378265,0.0022276426,0.059945803
16969,0.89482534,0.007411156,0.0977635
16970,0.6914089,0.01977932,0.28881183
16971,0.9850397,0.0024945722,0.012465749
16972,0.9801546,0.00091180747,0.018933633
16973,0.04460355,0.017157074,0.9382394
16974,0.29748067,0.042497832,0.6600215
16975,0.1098054,0.008462796,0.8817318
16976,0.9838044,0.003344504,0.012851055
16977,0.88813317,0.014891009,0.0969758
16978,0.9504094,0.0009770067,0.048613645
16979,0.96238536,0.011722123,0.025892507
16980,0.7945973,0.001062265,0.20434041
16981,0.032848954,0.004659669,0.9624914
16982,0.940952,0.02368024,0.03536771
16983,0.96711403,0.016141647,0.01674433
16984,0.9683092,0.00078383915,0.030906895
16985,0.9820602,0.001492349,0.016447423
16986,0.018344268,0.0037966638,0.9778591
16987,0.98515147,0.0017345486,0.013113974
16988,0.98496604,0.0029576116,0.01207631
16989,0.8830118,0.025755366,0.09123277
16990,0.7860006,0.08419935,0.12980008
16991,0.9429632,0.008832585,0.048204258
16992,0.968122,0.0068438137,0.025034169
16993,0.012765249,0.00047441837,0.98676026
16994,0.8983969,0.04583207,0.05577095
16995,0.21859999,0.021608204,0.7597918
16996,0.49332786,0.11994644,0.38672572
16997,0.9737795,0.0025817393,0.023638695
16998,0.9470774,0.0015900019,0.05133262
16999,0.9673758,0.005763929,0.026860256
17000,0.9776518,0.017052418,0.0052958415
17001,0.5257174,0.016456628,0.45782596
17002,0.5786376,0.1716758,0.24968655
17003,0.015345554,0.0069312444,0.9777232
17004,0.16593972,0.012648329,0.82141197
17005,0.9706368,0.0010486146,0.028314613
17006,0.9456941,0.001290906,0.053015057
17007,0.76043224,0.009055823,0.23051189
17008,0.14072411,0.003402711,0.85587317
17009,0.7241193,0.0328112,0.24306944
17010,0.52276707,0.04330825,0.4339247
17011,0.9949596,0.0002053075,0.004835109
17012,0.09727543,0.005571472,0.89715314
17013,0.97446626,0.000757875,0.024775876
17014,0.897747,0.008053962,0.09419905
17015,0.51832443,0.012328402,0.46934715
17016,0.91825163,0.009150399,0.07259792
17017,0.004283294,0.0008494691,0.9948672
17018,0.98508924,0.001170446,0.013740309
17019,0.90121746,0.0056705014,0.09311205
17020,0.9511712,0.009949824,0.038879015
17021,0.83076024,0.0876346,0.081605226
17022,0.8100528,0.066078395,0.1238688
17023,0.21404064,0.08658707,0.69937223
17024,0.95188504,0.0056277616,0.04248722
17025,0.94567627,0.0037778718,0.05054586
17026,0.27394834,0.5444799,0.18157169
17027,0.16781956,0.13376176,0.6984187
17028,0.7562438,0.016963193,0.22679304
17029,0.9578617,0.0055382564,0.036599986
17030,0.21288791,0.08789216,0.69921994
17031,0.96387136,0.0037007185,0.032427907
17032,0.74985266,0.056552425,0.19359493
17033,0.97363067,0.0015710695,0.024798237
17034,0.91713345,0.0057598525,0.07710663
17035,0.82445,0.009019269,0.16653074
17036,0.8784623,0.0032302293,0.118307404
17037,0.3816929,0.046318736,0.5719884
17038,0.012485991,0.00035396896,0.9871601
17039,0.64476943,0.005033638,0.350197
17040,0.2113855,0.007282492,0.781332
17041,0.2698318,0.008088051,0.7220802
17042,0.017139757,0.0009037907,0.9819565
17043,0.251188,0.5345809,0.2142311
17044,0.93858635,0.0009802415,0.060433432
17045,0.98800486,0.0012614385,0.010733726
17046,0.94624496,0.0023990138,0.0513561
17047,0.9255356,0.0010182217,0.073446095
17048,0.8824337,0.086391024,0.03117532
17049,0.94431925,0.0093411,0.046339642
17050,0.91981554,0.03964558,0.04053896
17051,0.19909899,0.01609344,0.78480756
17052,0.06112015,0.026296983,0.9125829
17053,0.06656382,0.0048909504,0.9285453
17054,0.92821836,0.008278975,0.06350263
17055,0.9760617,0.015808204,0.008130125
17056,0.074958645,0.013604428,0.91143686
17057,0.7742939,0.02980581,0.19590028
17058,0.009732797,0.001436082,0.9888311
17059,0.940678,0.041803245,0.017518723
17060,0.9792085,0.0067996564,0.013991823
17061,0.38607755,0.021181304,0.59274113
17062,0.30893672,0.09544133,0.59562194
17063,0.58900523,0.35628265,0.054712143
17064,0.9720284,0.011212256,0.016759304
17065,0.96449417,0.005656841,0.029849036
17066,0.96034425,0.0034483057,0.036207393
17067,0.96861064,0.0011613106,0.030228011
17068,0.4969925,0.01669077,0.48631668
17069,0.9818076,0.010079836,0.008112656
17070,0.4409284,0.20883721,0.35023442
17071,0.15054256,0.002725821,0.8467316
17072,0.9248053,0.0017895864,0.0734052
17073,0.89102334,0.08313476,0.025841927
17074,0.9577429,0.00927824,0.032978877
17075,0.5749271,0.041746095,0.3833268
17076,0.98332167,0.001167377,0.015511014
17077,0.9582816,0.0074079144,0.034310535
17078,0.9886509,0.0020619042,0.009287187
17079,0.9705275,0.0077271815,0.021745283
17080,0.9647817,0.0006438557,0.03457448
17081,0.9903032,0.00053872226,0.009158025
17082,0.027420612,0.005519047,0.9670603
17083,0.9703057,0.0008596952,0.028834628
17084,0.9644764,0.00083674537,0.034686837
17085,0.9747355,0.010954831,0.014309665
17086,0.9719292,0.015338101,0.012732733
17087,0.51526284,0.016761474,0.46797568
17088,0.8027846,0.07577105,0.12144434
17089,0.9791099,0.0008478327,0.020042289
17090,0.9549317,0.0012697462,0.04379861
17091,0.9405659,0.006502124,0.052932017
17092,0.1431859,0.0022143533,0.8545997
17093,0.9520427,0.023603106,0.024354214
17094,0.062318627,0.0012430418,0.9364383
17095,0.8972933,0.0023462027,0.10036049
17096,0.96324956,0.0014716593,0.035278767
17097,0.8192424,0.0046493425,0.17610827
17098,0.9826711,0.0060698027,0.011259123
17099,0.96253055,0.019815512,0.017653918
17100,0.91532904,0.010392091,0.074278824
17101,0.70947343,0.041869592,0.24865697
17102,0.98196775,0.0026247723,0.01540747
17103,0.96198386,0.021886393,0.016129697
17104,0.82661074,0.0017141555,0.17167509
17105,0.9967963,0.001012492,0.002191156
17106,0.837114,0.06343976,0.09944621
17107,0.93535125,0.016795196,0.047853548
17108,0.9632721,0.009991606,0.026736315
17109,0.6116652,0.020920916,0.36741394
17110,0.90397495,0.015332783,0.08069225
17111,0.9727065,0.0016343576,0.025659217
17112,0.75071955,0.010090722,0.23918974
17113,0.6100315,0.09238055,0.2975879
17114,0.98337966,0.002277363,0.014342967
17115,0.3793913,0.13408314,0.48652554
17116,0.98165774,0.0035035296,0.014838748
17117,0.864248,0.002962509,0.13278948
17118,0.9740467,0.0010552978,0.024898
17119,0.9527323,0.0032728831,0.04399484
17120,0.94327575,0.010729131,0.04599505
17121,0.51338893,0.399006,0.087605104
17122,0.97969306,0.005142178,0.015164805
17123,0.9622094,0.0036749495,0.034115616
17124,0.45717376,0.14572011,0.3971061
17125,0.40754384,0.06077712,0.53167903
17126,0.96830463,0.010975777,0.020719565
17127,0.93801606,0.0191517,0.042832296
17128,0.9710533,0.010998948,0.017947782
17129,0.66915286,0.072416045,0.25843108
17130,0.15395185,0.015109947,0.8309382
17131,0.0014032342,0.00079691136,0.9977998
17132,0.9903323,0.0014617643,0.008205935
17133,0.2673042,0.00475036,0.72794545
17134,0.8432352,0.015154222,0.14161062
17135,0.017105486,0.0011512601,0.9817432
17136,0.09961605,0.002814141,0.8975698
17137,0.9084352,0.018661471,0.072903335
17138,0.8873795,0.009580523,0.10303994
17139,0.7892361,0.07504725,0.13571662
17140,0.5797224,0.0074797296,0.41279784
17141,0.18715553,0.0065050786,0.8063394
17142,0.7725618,0.034797736,0.1926405
17143,0.032425746,0.05042578,0.91714853
17144,0.7050892,0.029198125,0.26571265
17145,0.99463093,0.0011254275,0.004243576
17146,0.90587646,0.0061737713,0.08794977
17147,0.357749,0.005291659,0.6369593
17148,0.48969826,0.014887418,0.49541432
17149,0.9766198,0.010361993,0.013018237
17150,0.799902,0.0038262752,0.1962717
17151,0.7177329,0.011565303,0.27070183
17152,0.9804693,0.00078476587,0.01874595
17153,0.9555664,0.003154542,0.04127903
17154,0.9413453,0.001551338,0.057103395
17155,0.96318376,0.014122363,0.02269388
17156,0.09785593,0.03303868,0.8691054
17157,0.074444085,0.0050360486,0.9205198
17158,0.08313101,0.015771355,0.90109766
17159,0.9264121,0.04802984,0.025558064
17160,0.9836475,0.0019048392,0.014447641
17161,0.38610023,0.5264645,0.087435275
17162,0.14833121,0.007690419,0.84397835
17163,0.031827416,0.0016323049,0.9665403
17164,0.9791119,0.0017581952,0.019129865
17165,0.3755498,0.053263605,0.57118666
17166,0.7733835,0.18416207,0.042454444
17167,0.9469913,0.001566851,0.051441856
17168,0.69853526,0.027611153,0.2738536
17169,0.27606592,0.17879194,0.5451421
17170,0.8252924,0.034301132,0.14040644
17171,0.22439943,0.004394689,0.7712059
17172,0.95412695,0.007667466,0.038205516
17173,0.06759517,0.0027146628,0.9296901
17174,0.36428103,0.08383154,0.55188745
17175,0.85755587,0.0026745666,0.13976958
17176,0.028061692,0.0019482193,0.9699901
17177,0.9075049,0.003728657,0.08876637
17178,0.8765706,0.1078026,0.015626768
17179,0.9663381,0.009025167,0.02463675
17180,0.0022389847,0.00040736422,0.9973537
17181,0.9001148,0.0067155436,0.09316963
17182,0.09910419,0.004450772,0.89644504
17183,0.12692215,0.0061311205,0.86694676
17184,0.29259032,0.01428395,0.6931257
17185,0.95457953,0.014438042,0.030982397
17186,0.9809945,0.0015564788,0.017448936
17187,0.545521,0.041234538,0.41324443
17188,0.9675578,0.004279412,0.028162787
17189,0.30602625,0.04052315,0.65345067
17190,0.9741812,0.0053704274,0.020448329
17191,0.95483124,0.0017429818,0.043425743
17192,0.060164586,0.0032294863,0.93660593
17193,0.94580305,0.010608241,0.04358871
17194,0.90099776,0.011614817,0.087387465
17195,0.9798988,0.0013555352,0.018745653
17196,0.51265746,0.058670327,0.4286722
17197,0.21735485,0.045275673,0.7373695
17198,0.22241811,0.02420393,0.7533779
17199,0.82989854,0.012091084,0.15801038
17200,0.031819202,0.0029281292,0.96525264
17201,0.9619746,0.010668966,0.027356384
17202,0.9836527,0.0021194431,0.014227898
17203,0.83355993,0.006584208,0.15985584
17204,0.9413111,0.0020050367,0.056683876
17205,0.15616146,0.0061422507,0.8376963
17206,0.94437295,0.01579825,0.03982886
17207,0.91377443,0.051105417,0.035120167
17208,0.8311196,0.010081043,0.15879934
17209,0.9640129,0.0044518253,0.031535238
17210,0.7714802,0.012329023,0.21619083
17211,0.9164904,0.015903266,0.06760641
17212,0.9694222,0.0034990308,0.02707876
17213,0.9693276,0.016483424,0.014188923
17214,0.9676471,0.0033551033,0.028997812
17215,0.94132864,0.009348109,0.04932327
17216,0.947278,0.0048989668,0.04782305
17217,0.2023046,0.044790484,0.75290495
17218,0.72498274,0.015644148,0.25937313
17219,0.9800751,0.004160388,0.015764441
17220,0.911699,0.0113291815,0.07697186
17221,0.95559376,0.01999401,0.02441228
17222,0.982227,0.00209204,0.01568095
17223,0.97527426,0.004904562,0.019821187
17224,0.4840436,0.0058329883,0.51012343
17225,0.5077838,0.019747274,0.47246894
17226,0.858992,0.0153035,0.12570454
17227,0.8886225,0.038222313,0.07315516
17228,0.2061033,0.025757734,0.768139
17229,0.9349486,0.004694823,0.060356576
17230,0.1663612,0.058614895,0.77502394
17231,0.16867532,0.055738803,0.7755859
17232,0.9228359,0.012292098,0.06487193
17233,0.007038347,0.0053800517,0.9875816
17234,0.9592158,0.0036243068,0.037159897
17235,0.97678703,0.005883559,0.017329417
17236,0.9772026,0.00091232685,0.021885078
17237,0.9694482,0.003470284,0.02708158
17238,0.017596778,0.0149651645,0.96743804
17239,0.94165117,0.0012477747,0.057101093
17240,0.33311352,0.011880353,0.6550061
17241,0.47183415,0.0036397367,0.5245261
17242,0.9651598,0.01889125,0.015948968
17243,0.12955874,0.027681282,0.84276
17244,0.81291336,0.013541314,0.17354535
17245,0.9722233,0.001538326,0.026238352
17246,0.07821705,0.22567816,0.6961048
17247,0.08891234,0.0136399735,0.8974477
17248,0.94730824,0.005945232,0.046746492
17249,0.7697273,0.00094817707,0.22932453
17250,0.61526424,0.019665755,0.36507004
17251,0.9569471,0.003849631,0.039203223
17252,0.97976,0.002504386,0.01773563
17253,0.9559128,0.01210922,0.031977963
17254,0.28938878,0.019122945,0.6914883
17255,0.19616517,0.0045158165,0.799319
17256,0.7876569,0.0020880832,0.21025506
17257,0.7770413,0.00870325,0.21425545
17258,0.03322427,0.010752817,0.9560229
17259,0.9148586,0.0077739167,0.07736755
17260,0.04611546,0.020746546,0.93313795
17261,0.53055835,0.05456379,0.41487786
17262,0.47582954,0.009286443,0.51488405
17263,0.43903276,0.012810571,0.5481567
17264,0.06780688,0.00638253,0.92581064
17265,0.81622285,0.0035508634,0.18022627
17266,0.9706806,0.0012521752,0.028067235
17267,0.9610743,0.019025927,0.019899745
17268,0.7494206,0.08847457,0.16210483
17269,0.003358463,0.0024286667,0.9942128
17270,0.9562722,0.010352664,0.0333752
17271,0.6475534,0.038088545,0.3143581
17272,0.7710247,0.0793104,0.14966486
17273,0.761922,0.12306512,0.11501286
17274,0.55036575,0.019478006,0.4301563
17275,0.9581197,0.0038975172,0.03798284
17276,0.9277057,0.02125383,0.051040493
17277,0.05290272,0.0017611727,0.9453361
17278,0.92921335,0.034135282,0.036651406
17279,0.19736455,0.041505486,0.76113
17280,0.95243776,0.0067602643,0.040801983
17281,0.96489114,0.00025777044,0.03485107
17282,0.80751705,0.012778158,0.17970483
17283,0.95427114,0.001322707,0.044406217
17284,0.94701463,0.023181185,0.02980425
17285,0.29505375,0.039993417,0.6649528
17286,0.8139383,0.022856185,0.16320544
17287,0.86276764,0.04290935,0.09432302
17288,0.38192123,0.008141165,0.6099376
17289,0.7250013,0.029939463,0.24505925
17290,0.8279291,0.022320405,0.14975053
17291,0.101377845,0.0098772645,0.8887449
17292,0.86215246,0.008537039,0.12931046
17293,0.9105957,0.0123331845,0.07707115
17294,0.95983857,0.009047172,0.031114314
17295,0.018082723,0.004005918,0.9779114
17296,0.98063356,0.002938331,0.01642815
17297,0.81474423,0.0829181,0.10233767
17298,0.97275,0.0016761295,0.02557382
17299,0.83076245,0.0011134113,0.16812414
17300,0.9330255,0.005347633,0.061626855
17301,0.9327221,0.014072089,0.053205743
17302,0.9735955,0.0034838389,0.022920696
17303,0.9590244,0.0063160453,0.034659494
17304,0.9651602,0.014382627,0.020457163
17305,0.9332096,0.0034260296,0.063364364
17306,0.93461657,0.002479096,0.06290434
17307,0.020389576,0.0012520824,0.9783584
17308,0.008281062,0.0008904301,0.9908285
17309,0.9674405,0.0009109921,0.031648457
17310,0.98280126,0.005930991,0.011267668
17311,0.49128753,0.11758072,0.3911317
17312,0.039408606,0.0051121754,0.95547926
17313,0.19842474,0.0031003077,0.79847497
17314,0.8353732,0.0087838685,0.1558429
17315,0.7406903,0.11683572,0.14247398
17316,0.4362145,0.4345406,0.12924492
17317,0.9373673,0.015900822,0.046731826
17318,0.26368657,0.007889246,0.7284242
17319,0.91233844,0.009393111,0.07826845
17320,0.8655445,0.02925488,0.10520057
17321,0.0031404435,0.0020760598,0.99478346
17322,0.9889036,0.0013874331,0.0097089885
17323,0.27785552,0.01338709,0.7087574
17324,0.48686638,0.0077697285,0.50536394
17325,0.7535285,0.0118506765,0.23462084
17326,0.46117774,0.13972063,0.39910161
17327,0.8992136,0.06396332,0.03682309
17328,0.9606732,0.00565228,0.033674475
17329,0.9850404,0.0016612192,0.01329833
17330,0.6717769,0.14029361,0.18792956
17331,0.8931546,0.0119209755,0.0949244
17332,0.84541017,0.008759433,0.14583038
17333,0.9695134,0.0036851324,0.026801499
17334,0.7868808,0.0088365935,0.20428264
17335,0.8843497,0.06898633,0.046664003
17336,0.38630494,0.001580211,0.61211485
17337,0.8203161,0.022065045,0.15761888
17338,0.98931944,0.0018596882,0.008820891
17339,0.9346548,0.0075203604,0.057824805
17340,0.8012562,0.013169988,0.1855738
17341,0.9274793,0.045445025,0.027075645
17342,0.9594514,0.01385797,0.02669066
17343,0.9518325,0.004615215,0.043552354
17344,0.36353636,0.015298646,0.621165
17345,0.07981339,0.1250271,0.7951595
17346,0.6263231,0.0065640598,0.3671128
17347,0.9920792,0.0030279336,0.0048928335
17348,0.10660069,0.037458695,0.8559406
17349,0.9040544,0.009691386,0.0862542
17350,0.17282514,0.0018949683,0.8252799
17351,0.92969817,0.009767407,0.060534455
17352,0.05835618,0.0036158368,0.938028
17353,0.1565049,0.004840131,0.838655
17354,0.9784889,0.0015524745,0.019958593
17355,0.9876458,0.0019727969,0.010381365
17356,0.34632033,0.004371658,0.649308
17357,0.86495036,0.012665285,0.12238434
17358,0.94004613,0.0026623565,0.05729149
17359,0.72396535,0.0022566188,0.27377808
17360,0.8686723,0.03592517,0.09540253
17361,0.034178063,0.00459456,0.96122736
17362,0.13333221,0.009470034,0.8571977
17363,0.84770715,0.008431601,0.14386131
17364,0.9155901,0.011607154,0.07280273
17365,0.90272236,0.003405833,0.09387176
17366,0.13362955,0.018373469,0.84799695
17367,0.88215494,0.0124267945,0.105418235
17368,0.7588228,0.002425556,0.23875159
17369,0.7221342,0.011035589,0.26683027
17370,0.115782306,0.023979986,0.8602377
17371,0.98244065,0.0014659144,0.016093358
17372,0.985358,0.0045005633,0.010141455
17373,0.67258835,0.14735317,0.18005846
17374,0.8447617,0.1403905,0.014847777
17375,0.9528106,0.0028437409,0.044345673
17376,0.927979,0.0021506627,0.06987034
17377,0.9790218,0.011269481,0.009708778
17378,0.9544127,0.008323578,0.037263732
17379,0.8280815,0.14082468,0.031093787
17380,0.6289618,0.0193295,0.3517087
17381,0.95329726,0.019148143,0.027554557
17382,0.9509575,0.017641151,0.03140137
17383,0.9875936,0.0025178867,0.009888564
17384,0.36561126,0.07467263,0.5597161
17385,0.9282748,0.019477906,0.05224729
17386,0.9120456,0.032955553,0.05499885
17387,0.008262663,0.060447227,0.93129015
17388,0.98669076,0.0017245936,0.011584687
17389,0.10757017,0.008075637,0.8843542
17390,0.92414385,0.011017437,0.06483869
17391,0.989319,0.00017202782,0.010508978
17392,0.98244226,0.0010363153,0.016521374
17393,0.9845291,0.004119008,0.011351978
17394,0.93581986,0.008179735,0.056000337
17395,0.5667851,0.0047179824,0.4284969
17396,0.94435316,0.017207766,0.038439024
17397,0.9769688,0.0024503963,0.020580828
17398,0.6935124,0.018425032,0.2880626
17399,0.9018378,0.006281455,0.09188071
17400,0.87068903,0.0037555213,0.12555552
17401,0.07091631,0.011415491,0.9176682
17402,0.9841524,0.0023195823,0.013527966
17403,0.9859028,0.00033379736,0.013763452
17404,0.9280924,0.04284333,0.02906428
17405,0.7647806,0.0102463355,0.22497314
17406,0.9051258,0.007352089,0.08752214
17407,0.9226816,0.0147856325,0.0625327
17408,0.3453754,0.025000647,0.62962395
17409,0.40916744,0.03561022,0.55522233
17410,0.021058872,0.0018256286,0.9771155
17411,0.22373165,0.00841049,0.76785785
17412,0.9654706,0.010346017,0.024183445
17413,0.011548879,0.0007544926,0.9876966
17414,0.9493683,0.0042643338,0.046367362
17415,0.69698125,0.02248699,0.28053173
17416,0.051918738,0.00833615,0.93974507
17417,0.7927659,0.0036151619,0.20361893
17418,0.87608415,0.0104744695,0.11344141
17419,0.93488115,0.020483507,0.04463532
17420,0.9038309,0.0018918421,0.09427733
17421,0.75995433,0.042886768,0.19715884
17422,0.98465586,0.0012001764,0.014144037
17423,0.965871,0.0054773516,0.028651617
17424,0.9844875,0.0063691502,0.009143442
17425,0.9884034,0.0010068818,0.010589735
17426,0.9548668,0.0036742927,0.0414589
17427,0.9566866,0.0076564415,0.03565691
17428,0.014611387,0.009111108,0.97627753
17429,0.9294112,0.013671756,0.05691706
17430,0.16694123,0.02813978,0.804919
17431,0.046004158,0.0046168556,0.94937897
17432,0.26507926,0.011586376,0.7233344
17433,0.8508081,0.0143650435,0.13482681
17434,0.97291744,0.00038173786,0.026700879
17435,0.003887765,0.00030132115,0.995811
17436,0.986827,0.0021631618,0.011009826
17437,0.95248646,0.0033530174,0.04416057
17438,0.36391822,0.00405969,0.6320221
17439,0.7732819,0.010700813,0.21601735
17440,0.02388203,0.0067135994,0.9694044
17441,0.08627957,0.05580973,0.8579107
17442,0.9429614,0.043572325,0.013466344
17443,0.81077254,0.1092389,0.07998858
17444,0.9235603,0.0008177368,0.075621925
17445,0.9912451,0.001783951,0.006970975
17446,0.91305786,0.032732412,0.05420968
17447,0.3363058,0.029861495,0.6338327
17448,0.9691919,0.008333029,0.022475054
17449,0.05507397,0.009596087,0.93533
17450,0.90053684,0.061670523,0.037792593
17451,0.2696463,0.016268332,0.7140854
17452,0.89434963,0.0023352094,0.1033151
17453,0.92256826,0.009495707,0.06793598
17454,0.7002504,0.014575995,0.28517362
17455,0.43095222,0.0042402074,0.56480753
17456,0.9285826,0.012906288,0.058511082
17457,0.9382976,0.004502231,0.05720014
17458,0.83729416,0.006391399,0.15631448
17459,0.9656025,0.00219729,0.03220024
17460,0.9720495,0.003136445,0.024814116
17461,0.156884,0.011241826,0.8318742
17462,0.9817576,0.005238872,0.013003533
17463,0.9877708,0.004815697,0.0074135144
17464,0.019414486,0.0052073346,0.97537816
17465,0.7616621,0.014965298,0.22337258
17466,0.9776088,0.008616078,0.013775125
17467,0.8310834,0.02308007,0.14583644
17468,0.9497231,0.014688151,0.035588678
17469,0.966383,0.0034878415,0.030129211
17470,0.99303883,0.0011687094,0.005792493
17471,0.026959034,0.005563412,0.96747756
17472,0.7353366,0.14598712,0.11867633
17473,0.91885173,0.013497533,0.067650735
17474,0.952728,0.0017349009,0.04553708
17475,0.10719354,0.1896976,0.7031089
17476,0.04391091,0.007850123,0.9482389
17477,0.9735348,0.0015781585,0.024887
17478,0.9838545,0.004014497,0.01213103
17479,0.927064,0.009480758,0.06345521
17480,0.7270327,0.0026120485,0.27035528
17481,0.9405888,0.04292933,0.016481875
17482,0.8406333,0.013425264,0.1459415
17483,0.91454285,0.008837633,0.07661948
17484,0.9850677,0.0015503756,0.013381927
17485,0.88992214,0.018381748,0.091696106
17486,0.9216321,0.004126818,0.07424105
17487,0.90881765,0.023039972,0.06814236
17488,0.83141035,0.14678499,0.021804646
17489,0.42154536,0.005540836,0.5729138
17490,0.79858696,0.0017122349,0.19970086
17491,0.9071387,0.0721701,0.020691251
17492,0.37126485,0.006876358,0.6218588
17493,0.8513355,0.01222367,0.13644086
17494,0.9156142,0.0027340283,0.081651784
17495,0.9190325,0.0057933857,0.07517406
17496,0.06300842,0.007128075,0.92986345
17497,0.9339773,0.003916196,0.062106516
17498,0.743278,0.05002607,0.20669594
17499,0.7153143,0.06267932,0.22200637
17500,0.6606107,0.016887376,0.32250193
17501,0.8336423,0.0033017586,0.16305594
17502,0.79256666,0.044785313,0.16264807
17503,0.9482127,0.028601822,0.023185456
17504,0.92595124,0.019961068,0.05408773
17505,0.98373115,0.00021337492,0.016055485
17506,0.94886273,0.021885242,0.029251985
17507,0.29986545,0.09390505,0.6062295
17508,0.9807755,0.0030353582,0.016189193
17509,0.95376354,0.018175283,0.028061107
17510,0.5530106,0.2441967,0.20279267
17511,0.9856067,0.0029063297,0.011486954
17512,0.97989744,0.0064091315,0.013693392
17513,0.92857003,0.0021892956,0.06924064
17514,0.90285355,0.037077937,0.060068488
17515,0.9922436,0.00034967597,0.0074066906
17516,0.9313148,0.005606876,0.063078314
17517,0.0097082555,0.003487818,0.98680395
17518,0.8541108,0.008003589,0.1378856
17519,0.25876316,0.014647684,0.7265892
17520,0.9673217,0.0019009357,0.030777384
17521,0.9547998,0.003976904,0.04122337
17522,0.9767594,0.008088466,0.015152118
17523,0.98809797,0.0012118765,0.010690092
17524,0.92448443,0.005653195,0.06986243
17525,0.8435876,0.0017770717,0.15463538
17526,0.94584465,0.015028155,0.03912718
17527,0.85818917,0.0074109402,0.13439985
17528,0.9465611,0.0075725457,0.045866374
17529,0.54958624,0.028277854,0.42213592
17530,0.9711373,0.015206108,0.013656625
17531,0.3871384,0.004729999,0.6081316
17532,0.8119098,0.054477926,0.13361229
17533,0.9897558,0.00045244535,0.009791711
17534,0.008477457,0.011167727,0.98035485
17535,0.28371271,0.06731133,0.64897597
17536,0.18719459,0.109977,0.7028284
17537,0.9085875,0.005950706,0.08546174
17538,0.8454021,0.011506473,0.14309143
17539,0.90337634,0.00088089315,0.095742784
17540,0.121215835,0.003755501,0.8750287
17541,0.8436657,0.0057051694,0.15062915
17542,0.8158968,0.007360213,0.17674302
17543,0.052778665,0.037056334,0.910165
17544,0.8921556,0.026834043,0.08101036
17545,0.95473844,0.0023795706,0.042881932
17546,0.90820456,0.008597707,0.083197676
17547,0.9542556,0.012674021,0.033070344
17548,0.9699905,0.0042397375,0.025769738
17549,0.8185565,0.005478022,0.17596544
17550,0.9714884,0.0006309832,0.027880564
17551,0.7830476,0.011818186,0.20513421
17552,0.682958,0.020307293,0.2967347
17553,0.3490981,0.03202535,0.6188766
17554,0.9303941,0.0122335665,0.05737236
17555,0.004203651,0.00054300076,0.9952533
17556,0.72531015,0.15321553,0.12147431
17557,0.78129154,0.0130826915,0.20562576
17558,0.70371497,0.0049626217,0.2913224
17559,0.9489623,0.0005857657,0.05045201
17560,0.9148357,0.0052550077,0.07990931
17561,0.97986114,0.0002652747,0.01987355
17562,0.975114,0.011281527,0.013604544
17563,0.7369229,0.0035389522,0.25953814
17564,0.9603086,0.005993889,0.033697445
17565,0.9703231,0.009557425,0.020119475
17566,0.018635256,0.0017344087,0.97963035
17567,0.1623793,0.014496201,0.82312447
17568,0.9610735,0.0016685271,0.037257988
17569,0.96731454,0.0072221933,0.025463205
17570,0.85078996,0.010649906,0.1385601
17571,0.90650356,0.016651163,0.07684524
17572,0.42063382,0.02739555,0.5519706
17573,0.885922,0.013675972,0.100402
17574,0.94998306,0.0020194687,0.04799751
17575,0.9759913,0.002927065,0.021081641
17576,0.23305793,0.0051753344,0.76176673
17577,0.96938074,0.010368494,0.020250801
17578,0.94440037,0.018923873,0.03667578
17579,0.9869279,0.0010306371,0.0120414235
17580,0.97202986,0.010437541,0.017532565
17581,0.9171656,0.01113895,0.07169548
17582,0.799969,0.00080325885,0.19922777
17583,0.12787353,0.013273185,0.8588533
17584,0.82286793,0.0021701846,0.1749619
17585,0.8661678,0.0090116635,0.124820605
17586,0.9780044,0.0032376756,0.01875789
17587,0.20592123,0.013925383,0.7801534
17588,0.9806039,0.0017407098,0.017655464
17589,0.24154578,0.0058272593,0.75262696
17590,0.44886288,0.11802353,0.43311363
17591,0.9567499,0.0049199993,0.038330086
17592,0.9133171,0.009549588,0.077133365
17593,0.10275639,0.013858969,0.88338464
17594,0.03348594,0.0020428635,0.9644712
17595,0.9625826,0.019916758,0.017500624
17596,0.94834614,0.0004739221,0.05117991
17597,0.9712648,0.0013097477,0.02742549
17598,0.9825873,0.0032135048,0.014199271
17599,0.031419452,0.016852362,0.95172817
17600,0.002156129,0.00062959397,0.99721426
17601,0.8341853,0.007390144,0.15842457
17602,0.3826732,0.44763905,0.16968773
17603,0.9503628,0.023316119,0.026321085
17604,0.94649583,0.004666871,0.048837285
17605,0.015405226,0.010860685,0.9737341
17606,0.9292932,0.046671648,0.024035156
17607,0.43766323,0.009563274,0.55277354
17608,0.91170436,0.0052236626,0.08307199
17609,0.99194485,0.00033159085,0.0077235284
17610,0.9289492,0.04667596,0.024374831
17611,0.09120264,0.011541062,0.8972563
17612,0.9590791,0.004311092,0.036609866
17613,0.3700675,0.027462678,0.6024698
17614,0.9295968,0.003961301,0.066441916
17615,0.054720886,0.17242324,0.7728559
17616,0.96855795,0.013747964,0.017694104
17617,0.7020379,0.014898974,0.2830631
17618,0.6718639,0.17577122,0.15236486
17619,0.7317587,0.009613504,0.25862783
17620,0.9417298,0.010684266,0.047585964
17621,0.9556486,0.01945669,0.024894707
17622,0.8861954,0.007526316,0.10627828
17623,0.12615009,0.00340701,0.8704429
17624,0.012519843,0.0035691522,0.98391104
17625,0.78484523,0.045698013,0.16945678
17626,0.12076979,0.4474146,0.43181562
17627,0.62739587,0.024919897,0.34768423
17628,0.9580899,0.01729064,0.024619449
17629,0.09626385,0.0015744042,0.9021617
17630,0.90205604,0.01131121,0.086632706
17631,0.9125,0.004597155,0.0829028
17632,0.92358637,0.05581289,0.020600727
17633,0.2946353,0.38593227,0.31943244
17634,0.8404368,0.008184314,0.15137891
17635,0.96830297,0.0025745772,0.029122496
17636,0.5122143,0.004382722,0.483403
17637,0.22007523,0.0073564816,0.7725683
17638,0.049119297,0.0024124477,0.94846827
17639,0.945532,0.0061052963,0.04836269
17640,0.97851896,0.005575831,0.01590524
17641,0.9677911,0.013348576,0.018860377
17642,0.9334518,0.018948924,0.04759926
17643,0.7216967,0.0075837816,0.2707196
17644,0.828635,0.010518703,0.16084635
17645,0.9610656,0.021772727,0.017161692
17646,0.79455596,0.0013437318,0.20410031
17647,0.92332065,0.0038714586,0.07280786
17648,0.927674,0.004480188,0.06784587
17649,0.7246204,0.0067738495,0.26860574
17650,0.83152944,0.04387739,0.12459318
17651,0.8170559,0.006974184,0.17596991
17652,0.019181993,0.050068587,0.9307494
17653,0.8736743,0.08472669,0.041599058
17654,0.95441216,0.0058312393,0.03975658
17655,0.91479653,0.040523384,0.044680115
17656,0.3557216,0.033215877,0.6110625
17657,0.1799436,0.010078254,0.8099781
17658,0.89592856,0.0034848803,0.10058652
17659,0.673544,0.032265082,0.29419088
17660,0.80237687,0.014799634,0.18282351
17661,0.9505021,0.00955529,0.03994256
17662,0.77853024,0.013226243,0.20824353
17663,0.94954747,0.0058430084,0.044609565
17664,0.5324155,0.2729369,0.19464752
17665,0.8182554,0.07516131,0.10658326
17666,0.94471574,0.0043075127,0.050976712
17667,0.9649737,0.002137673,0.032888602
17668,0.40697467,0.009567026,0.5834583
17669,0.97759753,0.0042369044,0.018165601
17670,0.9971072,0.00041818584,0.0024745958
17671,0.6650875,0.041041534,0.29387096
17672,0.9527919,0.010767632,0.036440447
17673,0.028388157,0.005961534,0.9656503
17674,0.9274533,0.034391783,0.03815497
17675,0.58398014,0.3819659,0.03405397
17676,0.5492369,0.20412609,0.24663703
17677,0.55406517,0.028730942,0.41720387
17678,0.934547,0.0020435306,0.0634094
17679,0.9662793,0.000631531,0.033089127
17680,0.94484556,0.034636308,0.020518202
17681,0.9749706,0.0007899261,0.024239492
17682,0.7718532,0.073650464,0.15449636
17683,0.007187978,0.0033006836,0.9895113
17684,0.9436829,0.0058850166,0.05043208
17685,0.7743946,0.03276145,0.19284396
17686,0.44259718,0.004968043,0.5524348
17687,0.89793724,0.041855462,0.060207292
17688,0.91333175,0.00094326667,0.08572493
17689,0.09706635,0.009160735,0.89377296
17690,0.20608316,0.009374125,0.78454274
17691,0.96915925,0.0069202865,0.023920443
17692,0.96192485,0.008078286,0.029996883
17693,0.963765,0.0040994673,0.03213548
17694,0.8832426,0.0053024683,0.111454904
17695,0.9852401,0.0011992074,0.013560662
17696,0.004758954,0.0005694196,0.99467164
17697,0.9072504,0.03218421,0.060565323
17698,0.993665,0.0008010279,0.005534018
17699,0.94832724,0.00536313,0.04630959
17700,0.78919274,0.013098995,0.19770825
17701,0.94922864,0.018977331,0.031793993
17702,0.21749617,0.102666974,0.6798368
17703,0.8764186,0.009833308,0.11374807
17704,0.9577965,0.0067226803,0.035480805
17705,0.032338914,0.04283419,0.92482686
17706,0.9287021,0.00060903706,0.0706888
17707,0.92593634,0.0048315935,0.0692321
17708,0.977824,0.010709169,0.011466904
17709,0.65068746,0.078287184,0.27102536
17710,0.9579374,0.018272454,0.023790149
17711,0.9922463,0.001308398,0.0064453464
17712,0.8508591,0.0059004375,0.14324042
17713,0.93674684,0.00096896256,0.06228417
17714,0.9450734,0.008209418,0.046717115
17715,0.973328,0.003871727,0.022800239
17716,0.17332086,0.031015364,0.7956637
17717,0.93920255,0.004598813,0.05619862
17718,0.98158926,0.010666137,0.0077446206
17719,0.98765147,0.0012025186,0.011145959
17720,0.97759116,0.009337163,0.013071663
17721,0.9450563,0.0018736462,0.053070087
17722,0.95121187,0.005167828,0.043620262
17723,0.88918203,0.0147706745,0.09604727
17724,0.9157566,0.010331794,0.07391159
17725,0.9807031,0.0019673523,0.017329508
17726,0.04739906,0.0055784266,0.9470225
17727,0.572011,0.07106519,0.35692382
17728,0.8976339,0.007721118,0.094644934
17729,0.81496197,0.12754707,0.05749093
17730,0.56559074,0.15757343,0.27683586
17731,0.55614066,0.36273578,0.08112361
17732,0.71079427,0.014607843,0.27459788
17733,0.42904797,0.005488884,0.5654631
17734,0.901403,0.036067124,0.06252989
17735,0.97038406,0.017457569,0.012158395
17736,0.83373475,0.010263933,0.1560013
17737,0.99496716,0.0011450369,0.0038877933
17738,0.8953459,0.011168479,0.09348556
17739,0.65105647,0.026784666,0.32215887
17740,0.923205,0.02859961,0.04819543
17741,0.4905407,0.015201351,0.49425793
17742,0.9537634,0.030144293,0.016092233
17743,0.9363211,0.0129237315,0.05075526
17744,0.9716727,0.0056291367,0.022698168
17745,0.93064255,0.012922491,0.056434993
17746,0.97007823,0.0026879536,0.027233863
17747,0.045600947,0.012534426,0.9418646
17748,0.77689534,0.0064725406,0.21663216
17749,0.96605957,0.013899852,0.020040635
17750,0.33118933,0.013338893,0.65547174
17751,0.51822174,0.033220798,0.44855747
17752,0.98455864,0.00089933304,0.014542079
17753,0.027320132,0.035175756,0.9375041
17754,0.9015666,0.018906092,0.07952727
17755,0.4939743,0.0027858175,0.50323987
17756,0.528668,0.0031129005,0.46821913
17757,0.8754191,0.039209433,0.085371464
17758,0.59377754,0.01310267,0.39311975
17759,0.08155696,0.008266886,0.9101761
17760,0.06596924,0.0038356516,0.9301951
17761,0.93025553,0.004588142,0.065156326
17762,0.96562904,0.006371034,0.027999932
17763,0.9218304,0.0033601872,0.074809335
17764,0.9586912,0.003086924,0.03822188
17765,0.8269,0.020035347,0.15306462
17766,0.96227807,0.01946782,0.018254152
17767,0.0075769927,0.0016943131,0.99072874
17768,0.19270653,0.014302164,0.79299134
17769,0.20541307,0.015940882,0.778646
17770,0.8846757,0.013724619,0.10159968
17771,0.027177298,0.0032829042,0.9695398
17772,0.97375894,0.0070948987,0.01914614
17773,0.9608506,0.0064551467,0.03269424
17774,0.9099837,0.016247278,0.07376903
17775,0.9444042,0.027706841,0.027888913
17776,0.9648728,0.003434849,0.031692404
17777,0.846747,0.00312639,0.15012665
17778,0.9931617,0.00043957695,0.006398726
17779,0.8888441,0.06709318,0.04406275
17780,0.0040463204,0.002243363,0.9937103
17781,0.958715,0.0036964116,0.037588537
17782,0.18243851,0.002103717,0.8154578
17783,0.9141657,0.035811976,0.050022386
17784,0.3671635,0.120929495,0.511907
17785,0.95666444,0.0128123015,0.030523196
17786,0.6447549,0.0039871046,0.351258
17787,0.9141733,0.0035427082,0.082283996
17788,0.9785444,0.0021278018,0.019327767
17789,0.059789643,0.0054451358,0.93476516
17790,0.19120172,0.027520984,0.7812773
17791,0.95278144,0.003836391,0.043382127
17792,0.027844787,0.008174359,0.9639809
17793,0.84095126,0.09746512,0.06158361
17794,0.17626393,0.18546726,0.6382688
17795,0.14084086,0.024523059,0.83463603
17796,0.90935576,0.026661044,0.06398312
17797,0.7850597,0.00942413,0.20551616
17798,0.8915473,0.0041859047,0.10426676
17799,0.9810585,0.001402838,0.017538764
17800,0.07417742,0.2683449,0.6574777
17801,0.06369426,0.014184437,0.92212135
17802,0.9439431,0.0070500323,0.04900691
17803,0.9927233,0.0020538347,0.005222944
17804,0.5950389,0.018706577,0.38625452
17805,0.0038262873,0.00079797866,0.99537575
17806,0.93700695,0.018355876,0.044637207
17807,0.8477926,0.025789475,0.12641792
17808,0.93948025,0.00654175,0.053977937
17809,0.21829161,0.0059094634,0.775799
17810,0.9864087,0.002665932,0.010925354
17811,0.073185906,0.0039803996,0.9228337
17812,0.066469155,0.0013689046,0.9321619
17813,0.96443427,0.0054438906,0.030121818
17814,0.9070253,0.0027459634,0.09022875
17815,0.96738183,0.0025974426,0.030020708
17816,0.022260357,0.0028830955,0.9748565
17817,0.89811385,0.02316251,0.07872358
17818,0.8868184,0.0096674,0.10351419
17819,0.7266006,0.011538047,0.26186138
17820,0.9339179,0.009986678,0.05609549
17821,0.04389826,0.019022485,0.93707925
17822,0.9234486,0.0036674107,0.07288398
17823,0.8103135,0.018481508,0.17120494
17824,0.06308492,0.052506935,0.8844082
17825,0.8195826,0.023301154,0.15711628
17826,0.05332563,0.0061557777,0.9405186
17827,0.9885563,0.0010117188,0.010431998
17828,0.9727957,0.0041071763,0.023097066
17829,0.0070757642,0.012097582,0.9808266
17830,0.5886468,0.02743044,0.3839228
17831,0.98239756,0.0037246838,0.01387782
17832,0.7904266,0.02782151,0.18175192
17833,0.90818155,0.010116083,0.081702396
17834,0.98502535,0.001666713,0.013307915
17835,0.97494817,0.0006268101,0.024424993
17836,0.8789599,0.0025665471,0.11847356
17837,0.8034672,0.0025574185,0.19397542
17838,0.94767696,0.002515341,0.04980766
17839,0.9496631,0.024682479,0.025654448
17840,0.97466326,0.0036816306,0.021655114
17841,0.50055486,0.05049254,0.4489526
17842,0.88971305,0.010896055,0.099390894
17843,0.62402654,0.009471489,0.36650196
17844,0.21906333,0.042472728,0.7384639
17845,0.9769135,0.0070490306,0.016037453
17846,0.702583,0.2751703,0.022246687
17847,0.9392906,0.008926907,0.051782496
17848,0.97787845,0.0016290646,0.020492451
17849,0.19618574,0.030296197,0.7735181
17850,0.85105306,0.0033434364,0.14560354
17851,0.8165378,0.018484445,0.16497779
17852,0.9393475,0.024539256,0.03611327
17853,0.547638,0.0015659953,0.45079604
17854,0.9823137,0.003797844,0.013888538
17855,0.9388439,0.016808841,0.044347208
17856,0.9250744,0.04840794,0.026517712
17857,0.89210653,0.010645872,0.0972476
17858,0.3178032,0.038567066,0.6436297
17859,0.9377599,0.020473778,0.041766327
17860,0.75901735,0.0051953504,0.2357873
17861,0.5758391,0.21873538,0.2054255
17862,0.898286,0.017752234,0.08396179
17863,0.7468144,0.0054784203,0.24770714
17864,0.9664425,0.011085153,0.022472326
17865,0.9382071,0.0017026907,0.06009029
17866,0.9579035,0.0033688806,0.038727682
17867,0.96242887,0.008208251,0.029362936
17868,0.011658966,0.00392501,0.98441607
17869,0.9198367,0.0006064909,0.07955681
17870,0.9762516,0.009588617,0.014159757
17871,0.9204368,0.021360092,0.058203094
17872,0.84822947,0.08892293,0.0628476
17873,0.94311523,0.008759835,0.048124924
17874,0.0007839243,0.0016808679,0.9975352
17875,0.9206511,0.03405321,0.045295734
17876,0.4284649,0.023579407,0.5479557
17877,0.04347128,0.0027182298,0.9538105
17878,0.97929686,0.0016294575,0.019073695
17879,0.07138048,0.008132436,0.9204871
17880,0.9829706,0.0029991502,0.014030231
17881,0.9677661,0.013321468,0.018912459
17882,0.3280101,0.009094935,0.66289496
17883,0.9624404,0.0010930534,0.03646664
17884,0.968894,0.0030302347,0.028075702
17885,0.9492897,0.0037714175,0.046938904
17886,0.9478473,0.0014276772,0.05072497
17887,0.7543207,0.023823693,0.22185561
17888,0.68344635,0.017190615,0.29936305
17889,0.7867243,0.0047629536,0.20851272
17890,0.112084575,0.022490418,0.86542505
17891,0.9881639,0.0028235733,0.009012615
17892,0.9858872,0.0012741463,0.01283864
17893,0.9796504,0.00722384,0.01312582
17894,0.13932241,0.076893814,0.7837838
17895,0.9707308,0.00071839493,0.028550865
17896,0.36524644,0.011242335,0.62351125
17897,0.99122345,0.0005933333,0.008183183
17898,0.8481286,0.04732749,0.10454387
17899,0.0019898068,0.0015865454,0.99642366
17900,0.5392985,0.005747403,0.45495412
17901,0.9761159,0.00050587824,0.023378203
17902,0.741742,0.014310744,0.24394728
17903,0.97325575,0.0039241007,0.022820113
17904,0.66176856,0.014577727,0.32365376
17905,0.8077515,0.048397098,0.14385146
17906,0.91367406,0.014216507,0.07210937
17907,0.9746765,0.013547641,0.011775902
17908,0.20550084,0.0053481353,0.789151
17909,0.9589204,0.0093819285,0.031697668
17910,0.9823685,0.008989153,0.008642354
17911,0.9447206,0.003067,0.05221237
17912,0.6897996,0.08470454,0.22549587
17913,0.061110772,0.02102747,0.9178618
17914,0.9589364,0.0270637,0.013999832
17915,0.9025738,0.0059660636,0.09146009
17916,0.022492632,0.0051261294,0.9723812
17917,0.3312956,0.044782035,0.62392235
17918,0.21836498,0.005526522,0.77610844
17919,0.24872628,0.0031627836,0.74811095
17920,0.8372425,0.008252312,0.15450516
17921,0.61603147,0.027847841,0.35612065
17922,0.04215061,0.031123,0.9267264
17923,0.9818673,0.00028951193,0.017843153
17924,0.044146214,0.0007633767,0.95509046
17925,0.9024992,0.005148974,0.09235183
17926,0.70094365,0.21475835,0.08429805
17927,0.9270743,0.006571302,0.06635442
17928,0.15334061,0.035652082,0.8110073
17929,0.9883713,0.0012929913,0.010335618
17930,0.3212942,0.051205527,0.62750024
17931,0.95535445,0.0057666115,0.038878977
17932,0.4329716,0.15208577,0.41494268
17933,0.002820016,0.0026079167,0.9945721
17934,0.9587296,0.0035009638,0.037769437
17935,0.8243783,0.0017252712,0.17389642
17936,0.13996185,0.009918804,0.85011935
17937,0.8829385,0.028945329,0.08811619
17938,0.8722968,0.005745807,0.121957414
17939,0.982873,0.004153174,0.012973812
17940,0.9766396,0.0010455644,0.022314787
17941,0.9570778,0.021005904,0.021916311
17942,0.8729722,0.012949681,0.11407816
17943,0.98747593,0.0012641757,0.01125994
17944,0.8709027,0.07617407,0.052923225
17945,0.83141994,0.0026779503,0.16590208
17946,0.879219,0.04047525,0.08030583
17947,0.8778342,0.05490942,0.06725646
17948,0.5981147,0.028374853,0.3735104
17949,0.96364826,0.0055995462,0.030752208
17950,0.9640683,0.0049985563,0.030933106
17951,0.9720144,0.0021902143,0.025795339
17952,0.9274749,0.0035100877,0.06901496
17953,0.86706394,0.013114787,0.11982122
17954,0.95868313,0.023136245,0.018180616
17955,0.9321874,0.03556366,0.03224891
17956,0.5205283,0.049737602,0.42973408
17957,0.9603237,0.023035582,0.016640723
17958,0.9616083,0.0034007735,0.034990996
17959,0.25543153,0.003885976,0.74068254
17960,0.109695345,0.083128825,0.8071758
17961,0.8371934,0.03819109,0.12461545
17962,0.97942424,0.0023111799,0.01826456
17963,0.9406443,0.0031010164,0.056254666
17964,0.8979,0.03400204,0.06809797
17965,0.7337661,0.14302883,0.1232051
17966,0.052463114,0.0053442386,0.9421927
17967,0.024103744,0.0030542212,0.9728421
17968,0.90674996,0.0064651323,0.08678492
17969,0.4871338,0.0059657083,0.50690055
17970,0.4225067,0.028527869,0.54896545
17971,0.98047674,0.008702578,0.010820649
17972,0.96404934,0.022380909,0.0135697555
17973,0.40522856,0.022454314,0.5723171
17974,0.7820206,0.17163543,0.04634396
17975,0.8661118,0.0015052158,0.132383
17976,0.91677475,0.0044341288,0.07879118
17977,0.22186759,0.021602951,0.75652945
17978,0.9052413,0.026321165,0.06843749
17979,0.87945116,0.005232366,0.115316465
17980,0.8043978,0.016204385,0.1793978
17981,0.5330312,0.014008562,0.4529602
17982,0.0510837,0.012933766,0.9359826
17983,0.97003615,0.0006400224,0.029323783
17984,0.91376424,0.017186033,0.06904974
17985,0.8914168,0.012924216,0.095659
17986,0.18929107,0.10467511,0.7060338
17987,0.96324134,0.0021716307,0.03458695
17988,0.9783004,0.013238157,0.008461431
17989,0.3932215,0.08193999,0.52483857
17990,0.7889462,0.079070024,0.13198371
17991,0.9849473,0.00038504842,0.014667674
17992,0.9592586,0.023113247,0.017628193
17993,0.08154326,0.008678778,0.909778
17994,0.11952272,0.095627554,0.7848497
17995,0.21704946,0.019931268,0.76301926
17996,0.90450037,0.021569472,0.0739301
17997,0.88760376,0.0018894597,0.11050679
17998,0.22925542,0.020669531,0.7500751
17999,0.8481254,0.017649688,0.1342249
18000,0.908135,0.0315732,0.060291804
18001,0.0823476,0.049165845,0.8684865
18002,0.97946715,0.00055081653,0.019982051
18003,0.97456473,0.0042702327,0.021165041
18004,0.040344633,0.006956012,0.9526993
18005,0.9614024,0.0016966733,0.03690097
18006,0.9635084,0.0039439527,0.03254766
18007,0.9751982,0.007900151,0.016901655
18008,0.8192411,0.047846287,0.13291264
18009,0.5999451,0.015857935,0.3841969
18010,0.9931085,0.002020447,0.0048710257
18011,0.50605553,0.009115182,0.4848293
18012,0.4146762,0.112208955,0.47311485
18013,0.8625362,0.025220262,0.112243555
18014,0.9268396,0.037773374,0.035387095
18015,0.668172,0.21582034,0.11600767
18016,0.846267,0.0036541303,0.15007886
18017,0.93962646,0.0035165073,0.056857105
18018,0.8439975,0.018109575,0.137893
18019,0.63838154,0.0070991404,0.35451934
18020,0.89175713,0.005131348,0.10311147
18021,0.9569459,0.019257355,0.02379671
18022,0.9196581,0.0055027925,0.0748391
18023,0.9661076,0.009284508,0.024607847
18024,0.50077814,0.0058621033,0.4933598
18025,0.87318057,0.051961374,0.07485803
18026,0.991572,0.0031172673,0.005310722
18027,0.87420154,0.0143933445,0.11140508
18028,0.97940195,0.0004469813,0.020151077
18029,0.44386622,0.011621094,0.5445127
18030,0.8618345,0.05390068,0.08426475
18031,0.4870044,0.02628236,0.4867132
18032,0.8169441,0.004990782,0.1780651
18033,0.02575547,0.008483336,0.9657611
18034,0.98277056,0.0018607832,0.015368697
18035,0.98643315,0.0010341502,0.012532661
18036,0.52654386,0.011060814,0.46239534
18037,0.48152784,0.0017461479,0.516726
18038,0.40982893,0.034325417,0.5558457
18039,0.86079824,0.088759854,0.050441872
18040,0.94534725,0.021624591,0.03302819
18041,0.957644,0.012795629,0.0295604
18042,0.9519259,0.014348889,0.033725232
18043,0.7606859,0.046504032,0.19281
18044,0.5128325,0.01629889,0.47086862
18045,0.9855075,0.0024282907,0.012064255
18046,0.8763867,0.007701494,0.11591183
18047,0.9843097,0.007625711,0.008064659
18048,0.65856844,0.009650105,0.3317814
18049,0.9481876,0.0062215272,0.04559088
18050,0.658176,0.025165346,0.31665865
18051,0.96926236,0.0048577385,0.025879959
18052,0.95283234,0.0026481738,0.04451952
18053,0.97422093,0.0022332496,0.023545813
18054,0.8829397,0.002251566,0.11480872
18055,0.9886796,0.00044239615,0.010878094
18056,0.95951307,0.0012723051,0.039214697
18057,0.019047627,0.038045242,0.9429071
18058,0.98489916,0.00035000118,0.014750849
18059,0.14003116,0.018238092,0.8417308
18060,0.98375916,0.004920961,0.011319856
18061,0.119417526,0.006669513,0.87391293
18062,0.0082518,0.0010815716,0.99066657
18063,0.8502744,0.0026599797,0.14706564
18064,0.9592149,0.019136297,0.02164876
18065,0.3384187,0.0053342558,0.6562471
18066,0.9465474,0.009963828,0.043488808
18067,0.8232437,0.009006802,0.16774946
18068,0.9789346,0.0043536047,0.016711816
18069,0.015102229,0.030808333,0.9540894
18070,0.95610684,0.019821497,0.0240717
18071,0.6701949,0.17288913,0.15691595
18072,0.9581278,0.021261565,0.020610658
18073,0.93905,0.004286789,0.056663226
18074,0.6206603,0.014099133,0.36524054
18075,0.69718075,0.082622975,0.22019623
18076,0.9364981,0.008041276,0.055460587
18077,0.9376717,0.01578604,0.04654225
18078,0.026750715,0.0019930715,0.97125626
18079,0.32470062,0.35584956,0.3194498
18080,0.051905356,0.015201784,0.93289286
18081,0.082358494,0.014431757,0.9032097
18082,0.9237059,0.0076062875,0.0686878
18083,0.8775581,0.048351824,0.07409003
18084,0.5217987,0.038852334,0.439349
18085,0.8649767,0.041883204,0.09314009
18086,0.7609834,0.030961173,0.20805539
18087,0.78983986,0.07359053,0.13656965
18088,0.9732283,0.0033099952,0.023461673
18089,0.06808364,0.0068501234,0.92506623
18090,0.954969,0.023644218,0.02138676
18091,0.42255682,0.014368145,0.56307507
18092,0.0041706557,0.00051432766,0.9953151
18093,0.0671945,0.041868795,0.8909367
18094,0.8077745,0.014340604,0.17788488
18095,0.9764281,0.0033889383,0.020182945
18096,0.990812,0.0013140109,0.007873997
18097,0.8354242,0.0069099697,0.15766586
18098,0.98034763,0.0038885274,0.015763916
18099,0.95114326,0.002767945,0.04608885
18100,0.9717979,0.0082544815,0.01994759
18101,0.47996655,0.49380964,0.026223768
18102,0.82410145,0.009222134,0.16667637
18103,0.8747687,0.017524596,0.10770676
18104,0.6877705,0.031175327,0.28105417
18105,0.9220125,0.019123081,0.058864385
18106,0.9433603,0.0034233204,0.053216342
18107,0.8662234,0.012125453,0.12165111
18108,0.97628254,0.0014209352,0.022296568
18109,0.9427324,0.0013388396,0.055928748
18110,0.97989273,0.010538265,0.0095689595
18111,0.47640905,0.009607643,0.5139833
18112,0.40233207,0.0287266,0.5689413
18113,0.90890205,0.0019553832,0.0891426
18114,0.0017419206,0.0004928743,0.9977652
18115,0.60700023,0.060278837,0.33272088
18116,0.9649734,0.008286803,0.026739841
18117,0.9670195,0.0022096601,0.03077087
18118,0.3362179,0.03653119,0.6272509
18119,0.7842224,0.017340405,0.19843718
18120,0.9551011,0.0068994793,0.03799942
18121,0.98222846,0.0044400487,0.013331521
18122,0.96870506,0.0017776664,0.029517334
18123,0.97847074,0.0059981453,0.015531121
18124,0.10089981,0.0035008413,0.89559937
18125,0.86960113,0.0029886395,0.1274103
18126,0.89900273,0.02023358,0.0807637
18127,0.9638484,0.0010561607,0.03509545
18128,0.88674664,0.0775155,0.03573783
18129,0.9971942,0.00029627117,0.0025095781
18130,0.4972578,0.009536929,0.49320528
18131,0.9611093,0.0005094455,0.038381252
18132,0.37793773,0.02352651,0.5985358
18133,0.90820736,0.00727463,0.08451802
18134,0.88083786,0.015981788,0.1031804
18135,0.8732971,0.00076498784,0.12593794
18136,0.9912764,0.005334968,0.0033885937
18137,0.95948833,0.01520719,0.025304487
18138,0.004658066,0.0028476224,0.99249434
18139,0.008030743,0.011603377,0.98036593
18140,0.95937216,0.0024296776,0.038198225
18141,0.78747684,0.0055892915,0.20693383
18142,0.9238839,0.009602759,0.06651336
18143,0.88223493,0.03463485,0.083130196
18144,0.012529575,0.032071855,0.9553986
18145,0.96265465,0.00474304,0.032602355
18146,0.9805555,0.0019078838,0.017536594
18147,0.8579146,0.035849188,0.1062362
18148,0.9937878,0.0012914543,0.0049206926
18149,0.94822747,0.019934395,0.03183813
18150,0.03393711,0.029273562,0.9367893
18151,0.98665535,0.00062604266,0.012718617
18152,0.6505172,0.027612569,0.32187018
18153,0.96582663,0.000832202,0.033341125
18154,0.97253597,0.0045609456,0.022903044
18155,0.9123202,0.0071599092,0.08051988
18156,0.867967,0.011135504,0.12089752
18157,0.9609337,0.0013314734,0.037734795
18158,0.8729235,0.010374623,0.11670184
18159,0.8927924,0.014655016,0.092552535
18160,0.93149155,0.007187455,0.061320987
18161,0.97468704,0.0017088214,0.023604129
18162,0.9141948,0.02849991,0.05730524
18163,0.92681026,0.002888415,0.07030129
18164,0.48286667,0.0031480547,0.5139853
18165,0.018574508,0.0014451194,0.9799803
18166,0.10845762,0.006559257,0.8849831
18167,0.8433587,0.025754115,0.13088717
18168,0.96595395,0.006771246,0.027274821
18169,0.95996535,0.000853488,0.03918117
18170,0.953909,0.006600751,0.039490286
18171,0.63015974,0.0063685738,0.3634717
18172,0.96567154,0.0024869153,0.031841584
18173,0.30532736,0.083063565,0.61160904
18174,0.0018061077,0.00088289334,0.997311
18175,0.9216885,0.023054259,0.05525721
18176,0.08947381,0.26729655,0.64322966
18177,0.98070323,0.011591877,0.007704825
18178,0.67330897,0.01787566,0.30881536
18179,0.9605313,0.009903396,0.02956534
18180,0.4351592,0.014222689,0.5506181
18181,0.8173332,0.06486235,0.117804445
18182,0.60795766,0.014194518,0.37784785
18183,0.9906781,0.00030899618,0.00901299
18184,0.06858524,0.009722447,0.92169225
18185,0.9835396,0.0024526238,0.014007861
18186,0.9658016,0.014971229,0.019227188
18187,0.65672946,0.21007727,0.13319322
18188,0.379304,0.11626258,0.50443345
18189,0.5916679,0.012744548,0.39558756
18190,0.22476657,0.00893606,0.7662974
18191,0.23667178,0.02733497,0.7359932
18192,0.9152433,0.00049495517,0.084261745
18193,0.9726164,0.0052551515,0.022128524
18194,0.88753426,0.024987468,0.08747827
18195,0.94276434,0.0022960156,0.054939665
18196,0.9676821,0.003770079,0.02854778
18197,0.8983495,0.0034092036,0.098241284
18198,0.9701709,0.0033416515,0.02648742
18199,0.79537344,0.023940576,0.18068598
18200,0.9684245,0.0021614982,0.029414043
18201,0.94997853,0.020664968,0.029356467
18202,0.8106335,0.013133145,0.17623335
18203,0.5439031,0.060221177,0.39587572
18204,0.84898114,0.02085675,0.13016212
18205,0.9327065,0.0077861226,0.059507456
18206,0.92638195,0.033988383,0.039629646
18207,0.80688685,0.014541835,0.17857134
18208,0.9813892,0.0047498397,0.0138609
18209,0.96032566,0.0039640907,0.035710197
18210,0.67910486,0.016168637,0.30472654
18211,0.85722506,0.011262938,0.13151199
18212,0.9731407,0.00041018834,0.02644916
18213,0.7480776,0.03833431,0.21358815
18214,0.9182247,0.002010014,0.07976531
18215,0.9445002,0.01951687,0.03598294
18216,0.9517403,0.010088324,0.03817136
18217,0.41665113,0.009776953,0.573572
18218,0.87352026,0.0020380374,0.12444168
18219,0.100437105,0.0026071875,0.8969557
18220,0.74203855,0.045664318,0.2122971
18221,0.98251903,0.010337824,0.007143153
18222,0.952283,0.0037443447,0.043972638
18223,0.020253006,0.006796896,0.97295004
18224,0.9582692,0.0067873606,0.034943502
18225,0.49382213,0.009796147,0.49638167
18226,0.9796331,0.0028191374,0.017547814
18227,0.93016,0.009000463,0.060839564
18228,0.87456197,0.0068255244,0.11861246
18229,0.7555811,0.06342399,0.1809949
18230,0.9035485,0.0005712895,0.095880285
18231,0.7753395,0.0019353599,0.22272517
18232,0.9456365,0.009029881,0.045333616
18233,0.36586785,0.070655905,0.56347626
18234,0.48841769,0.03354675,0.47803554
18235,0.98169464,0.0019120978,0.01639332
18236,0.9452466,0.0022097973,0.05254357
18237,0.3511359,0.032271322,0.61659276
18238,0.025366886,0.007772544,0.9668606
18239,0.9385228,0.0060702935,0.055406943
18240,0.24879324,0.0015650544,0.74964166
18241,0.3850729,0.0056316103,0.60929555
18242,0.9913442,0.0006349139,0.008020856
18243,0.908406,0.048655033,0.04293901
18244,0.95910025,0.0015189974,0.039380737
18245,0.967585,0.0027941437,0.02962085
18246,0.9797931,0.005499402,0.014707503
18247,0.39899206,0.14165989,0.4593481
18248,0.96322244,0.003305666,0.033471916
18249,0.14293064,0.007163741,0.84990567
18250,0.9501703,0.017763495,0.03206618
18251,0.9206905,0.007881619,0.071427956
18252,0.03518437,0.00513044,0.95968515
18253,0.9574906,0.0017677859,0.040741578
18254,0.8884593,0.009756718,0.101783946
18255,0.9430476,0.0024517612,0.054500684
18256,0.85541886,0.0063517336,0.13822941
18257,0.0029367313,0.0004805883,0.9965827
18258,0.7549311,0.019920932,0.225148
18259,0.915205,0.038770348,0.04602464
18260,0.94207144,0.0015117272,0.05641683
18261,0.01196978,0.004227752,0.98380244
18262,0.07870329,0.0070890216,0.9142077
18263,0.9513921,0.0010353766,0.04757251
18264,0.13262849,0.013221004,0.85415053
18265,0.8073294,0.008995006,0.18367553
18266,0.9702987,0.0017761788,0.027925147
18267,0.97071224,0.0034949037,0.025792856
18268,0.94208556,0.0064001633,0.051514216
18269,0.95479095,0.003507873,0.041701235
18270,0.97706944,0.011471865,0.0114586735
18271,0.925672,0.0039846417,0.0703434
18272,0.9261175,0.0016602613,0.07222224
18273,0.4307934,0.004166921,0.5650397
18274,0.94237465,0.002089399,0.05553594
18275,0.8892469,0.0150189195,0.09573424
18276,0.93817455,0.004963774,0.056861714
18277,0.85976815,0.0071068825,0.133125
18278,0.3779221,0.046238072,0.5758398
18279,0.42966762,0.037896175,0.5324362
18280,0.99100167,0.0023958718,0.0066025234
18281,0.9117743,0.03921038,0.04901531
18282,0.96549845,0.023405759,0.011095779
18283,0.7833253,0.00858943,0.20808525
18284,0.8767612,0.008995633,0.11424316
18285,0.06208906,0.0042289486,0.933682
18286,0.95044804,0.005314889,0.04423709
18287,0.4751974,0.0057497867,0.5190528
18288,0.0026259867,0.0005976168,0.9967764
18289,0.9707626,0.01386825,0.015369167
18290,0.94580066,0.0014408231,0.052758496
18291,0.9629321,0.009509523,0.027558437
18292,0.36739022,0.03389597,0.59871376
18293,0.9438387,0.00815967,0.048001602
18294,0.65877366,0.0140102785,0.32721603
18295,0.9605983,0.005791284,0.033610485
18296,0.77987117,0.005599719,0.21452913
18297,0.27741617,0.069287494,0.6532963
18298,0.9254852,0.004080004,0.07043479
18299,0.8543692,0.011262884,0.13436784
18300,0.8963094,0.014444201,0.08924638
18301,0.5782549,0.12955245,0.2921927
18302,0.9663449,0.0019268373,0.03172833
18303,0.97457755,0.014244291,0.011178131
18304,0.9854585,0.0011230701,0.013418412
18305,0.053170193,0.021771505,0.9250583
18306,0.99172956,0.0034094085,0.004861067
18307,0.7365417,0.09685462,0.16660373
18308,0.13518578,0.2527584,0.61205584
18309,0.8782236,0.009521841,0.11225461
18310,0.99154633,0.0006570564,0.007796635
18311,0.49231383,0.04705394,0.46063226
18312,0.79046667,0.02244272,0.18709058
18313,0.020433573,0.021153493,0.95841295
18314,0.97776186,0.005291588,0.01694662
18315,0.015890714,0.0018460562,0.98226327
18316,0.8162678,0.013668342,0.17006382
18317,0.67626643,0.019352196,0.30438134
18318,0.6817314,0.16792524,0.15034334
18319,0.975579,0.0053559374,0.019065011
18320,0.014340071,0.00512411,0.98053575
18321,0.8299383,0.009342822,0.16071887
18322,0.6363317,0.062461037,0.30120724
18323,0.9579875,0.016968641,0.0250438
18324,0.97808313,0.0010862739,0.020830628
18325,0.97917205,0.009756197,0.0110718
18326,0.9762299,0.002591957,0.021178162
18327,0.86854225,0.030716926,0.100740775
18328,0.92595136,0.00475317,0.06929544
18329,0.07051062,0.010482355,0.91900706
18330,0.92493016,0.015040405,0.0600294
18331,0.36414284,0.085839085,0.5500181
18332,0.8327238,0.006922305,0.16035393
18333,0.9695897,0.00869326,0.021716975
18334,0.975962,0.0019119034,0.022126148
18335,0.95088065,0.007384685,0.04173466
18336,0.35433227,0.0042065894,0.6414611
18337,0.5254762,0.3006409,0.17388287
18338,0.9029898,0.008802191,0.08820802
18339,0.97910494,0.0012657678,0.01962922
18340,0.8637736,0.09686577,0.03936062
18341,0.99611205,0.0007400534,0.0031478705
18342,0.9687062,0.0024218531,0.028871935
18343,0.9788263,0.0014384843,0.019735236
18344,0.30743572,0.041322142,0.65124214
18345,0.89287806,0.008228771,0.098893166
18346,0.9765738,0.0069499006,0.016476298
18347,0.22695461,0.043284442,0.72976094
18348,0.96916133,0.013720832,0.017117867
18349,0.9626753,0.017877722,0.019447036
18350,0.9745224,0.0041968683,0.02128071
18351,0.84505844,0.0071901963,0.14775138
18352,0.98807985,0.005645824,0.006274337
18353,0.53728545,0.029484816,0.43322968
18354,0.9728361,0.0009778048,0.02618611
18355,0.93909204,0.0037713058,0.057136647
18356,0.97273535,0.0045995694,0.022665031
18357,0.9592099,0.004616489,0.036173586
18358,0.98434836,0.0012593446,0.0143922595
18359,0.89430434,0.0020909128,0.103604704
18360,0.5028246,0.03409817,0.46307725
18361,0.97029054,0.021784628,0.007924791
18362,0.09602564,0.027523326,0.876451
18363,0.9318475,0.009816258,0.058336206
18364,0.96515167,0.013132566,0.021715803
18365,0.79216564,0.0025330582,0.20530134
18366,0.7864665,0.13266575,0.08086775
18367,0.7898998,0.00935844,0.20074171
18368,0.024201024,0.0068555963,0.9689434
18369,0.019304857,0.0008141565,0.9798809
18370,0.48155424,0.014259344,0.5041864
18371,0.117976025,0.013996519,0.86802745
18372,0.119652376,0.007748522,0.8725991
18373,0.35928226,0.3411872,0.2995305
18374,0.89954394,0.0013894995,0.09906652
18375,0.901606,0.0077692093,0.09062474
18376,0.9832175,0.0046144435,0.012168029
18377,0.97649854,0.012737351,0.0107640745
18378,0.1314996,0.07311032,0.7953901
18379,0.4863522,0.0044620293,0.5091858
18380,0.93366945,0.003704439,0.06262613
18381,0.8906063,0.011259101,0.09813463
18382,0.9750258,0.010381788,0.014592436
18383,0.89186203,0.006424178,0.10171384
18384,0.903963,0.001799874,0.09423711
18385,0.971383,0.010944015,0.01767299
18386,0.8553236,0.007885605,0.13679074
18387,0.9828355,0.0006002357,0.016564317
18388,0.024497872,0.09724772,0.87825435
18389,0.38332298,0.027332118,0.5893449
18390,0.76472366,0.013660028,0.22161631
18391,0.95220876,0.0017506543,0.046040513
18392,0.25484398,0.0027880247,0.74236804
18393,0.92996234,0.01008156,0.059956163
18394,0.9511781,0.019883858,0.028938003
18395,0.973119,0.0016999381,0.025181092
18396,0.8655097,0.067565955,0.06692441
18397,0.9713598,0.0026318666,0.026008287
18398,0.946292,0.01192786,0.041780118
18399,0.12537582,0.0016669135,0.8729573
18400,0.19518408,0.06338923,0.74142665
18401,0.765548,0.00477915,0.22967283
18402,0.14630237,0.09431521,0.7593825
18403,0.96343464,0.0068115285,0.02975386
18404,0.9326611,0.013789964,0.0535489
18405,0.88208854,0.003079117,0.114832416
18406,0.9487887,0.0066576963,0.04455357
18407,0.9590237,0.0020351973,0.038941156
18408,0.9829915,0.0005295597,0.016478887
18409,0.99303305,0.0035525353,0.0034143585
18410,0.9012328,0.0013563877,0.09741086
18411,0.6201991,0.24657233,0.13322856
18412,0.8469179,0.054058522,0.0990235
18413,0.19544335,0.014188445,0.79036826
18414,0.80789304,0.011410994,0.18069595
18415,0.9664537,0.0037029532,0.029843355
18416,0.0016961697,0.0052126753,0.9930911
18417,0.98538524,0.0011158483,0.013498888
18418,0.0453087,0.011783348,0.9429079
18419,0.9644161,0.009694094,0.02588979
18420,0.9620806,0.02420139,0.013718004
18421,0.9419397,0.0013673267,0.056692928
18422,0.9929095,0.0025502797,0.004540195
18423,0.8522763,0.0020981224,0.14562558
18424,0.9915057,0.0010887242,0.007405567
18425,0.106273055,0.55695796,0.336769
18426,0.9850649,0.007875808,0.0070592263
18427,0.9823721,0.0012060489,0.016421892
18428,0.7687553,0.027588189,0.20365652
18429,0.23408821,0.005504251,0.7604075
18430,0.96054965,0.00039531238,0.039054986
18431,0.02430389,0.0032379045,0.9724582
18432,0.7360186,0.03999018,0.2239912
18433,0.42677885,0.047707554,0.5255136
18434,0.9615352,0.008180905,0.03028396
18435,0.85312593,0.01173268,0.13514142
18436,0.8743646,0.06648031,0.05915505
18437,0.21433781,0.12411422,0.66154796
18438,0.954163,0.0066313124,0.039205648
18439,0.9853893,0.0016296202,0.012981115
18440,0.52186507,0.00953208,0.4686029
18441,0.9713163,0.0045763,0.024107385
18442,0.60649896,0.029897783,0.36360323
18443,0.36239174,0.52925485,0.10835346
18444,0.58198833,0.024278397,0.39373326
18445,0.9420644,0.02174406,0.03619151
18446,0.94052273,0.00440404,0.055073228
18447,0.5939653,0.015582421,0.3904523
18448,0.9488591,0.001303089,0.04983784
18449,0.96389925,0.0024892713,0.033611525
18450,0.85661227,0.01065249,0.13273518
18451,0.46223733,0.009783959,0.5279787
18452,0.94406104,0.0056144595,0.05032456
18453,0.74273336,0.0022699349,0.25499675
18454,0.2902232,0.010217109,0.6995597
18455,0.082944095,0.017132951,0.899923
18456,0.80543196,0.010677676,0.18389033
18457,0.834921,0.005593611,0.15948541
18458,0.9531545,0.014585884,0.03225961
18459,0.82708746,0.012310516,0.16060199
18460,0.4125382,0.018165337,0.56929654
18461,0.48720375,0.031785175,0.4810111
18462,0.899926,0.011708091,0.08836593
18463,0.9948638,0.00064074795,0.004495474
18464,0.41203114,0.022431951,0.56553686
18465,0.95872545,0.00174327,0.03953123
18466,0.07784337,0.012003462,0.9101532
18467,0.13404174,0.019170798,0.8467875
18468,0.8659828,0.003520084,0.13049713
18469,0.0030289432,0.0014090717,0.99556196
18470,0.67237484,0.013737574,0.31388757
18471,0.120112136,0.02075214,0.8591357
18472,0.9419244,0.003029356,0.05504625
18473,0.95523936,0.0065342314,0.03822643
18474,0.09494877,0.024101885,0.8809493
18475,0.899123,0.004957938,0.09591912
18476,0.031660013,0.008716217,0.9596238
18477,0.13636065,0.11280734,0.75083196
18478,0.062021818,0.002153164,0.935825
18479,0.82025397,0.021829093,0.15791692
18480,0.959804,0.009110492,0.031085586
18481,0.5538319,0.014208217,0.43195993
18482,0.43257067,0.004300387,0.56312895
18483,0.24454163,0.005539423,0.749919
18484,0.91118455,0.0114119975,0.07740349
18485,0.974584,0.0055621993,0.019853815
18486,0.72970456,0.037512124,0.23278329
18487,0.97323453,0.0035293761,0.02323608
18488,0.038536347,0.0015498176,0.9599138
18489,0.6409757,0.002707383,0.35631692
18490,0.47627077,0.019160818,0.5045684
18491,0.031895667,0.003142055,0.96496224
18492,0.7486615,0.087477826,0.16386065
18493,0.18371643,0.019511167,0.7967724
18494,0.08900755,0.02156076,0.88943166
18495,0.6403239,0.15861541,0.20106068
18496,0.10049418,0.0036165796,0.8958893
18497,0.9008536,0.021951675,0.077194795
18498,0.7332903,0.012776716,0.25393298
18499,0.9806682,0.0044306484,0.01490115
18500,0.9822318,0.00089359086,0.016874608
18501,0.9645391,0.007903226,0.027557699
18502,0.93487114,0.0024134314,0.06271545
18503,0.7120282,0.020787854,0.26718396
18504,0.613418,0.110757746,0.2758243
18505,0.9928901,0.0005045804,0.0066052554
18506,0.91256136,0.004288529,0.08315012
18507,0.73169947,0.026705619,0.24159488
18508,0.94888294,0.018707817,0.03240928
18509,0.94138646,0.006606435,0.052007128
18510,0.9288775,0.0037494712,0.06737309
18511,0.9787033,0.006898315,0.014398428
18512,0.80777574,0.00090446614,0.1913198
18513,0.99061185,0.0019175373,0.0074706515
18514,0.9260618,0.00078753085,0.07315067
18515,0.94441205,0.0062745195,0.049313433
18516,0.38748613,0.11656796,0.49594587
18517,0.98763216,0.0010535907,0.011314191
18518,0.9848237,0.0030053789,0.012170887
18519,0.97762865,0.0013430016,0.021028403
18520,0.9531034,0.005679068,0.041217577
18521,0.99474597,0.0011210599,0.0041330378
18522,0.11294939,0.0047012623,0.8823493
18523,0.09057973,0.0052131047,0.9042071
18524,0.9547654,0.008815113,0.03641945
18525,0.94082445,0.0008259818,0.058349576
18526,0.98014075,0.003590189,0.016269075
18527,0.9160344,0.0052082636,0.07875731
18528,0.9801728,0.0072802855,0.012546869
18529,0.022848152,0.0020338336,0.97511804
18530,0.9369438,0.0022561208,0.060800012
18531,0.977993,0.0005725318,0.021434499
18532,0.9753963,0.0074343705,0.017169291
18533,0.04247058,0.0055632005,0.95196617
18534,0.79619586,0.020348007,0.18345617
18535,0.96891284,0.011056038,0.02003109
18536,0.7946391,0.054137018,0.15122382
18537,0.9434904,0.0008791831,0.055630457
18538,0.014851838,0.009425896,0.97572225
18539,0.9393979,0.004905969,0.055696107
18540,0.94722015,0.016880944,0.035898957
18541,0.6928868,0.0098707555,0.29724243
18542,0.9655807,0.0037548954,0.03066434
18543,0.93526244,0.019573448,0.04516419
18544,0.52546626,0.15997745,0.3145563
18545,0.96105707,0.0060620448,0.032880805
18546,0.9114111,0.0072651617,0.0813237
18547,0.95868886,0.0017557265,0.039555468
18548,0.9540965,0.0026111668,0.04329239
18549,0.69301575,0.007928434,0.2990558
18550,0.12942325,0.011691244,0.85888547
18551,0.21641251,0.026761247,0.7568262
18552,0.9940057,0.0027742991,0.0032199442
18553,0.9567842,0.008738878,0.034476943
18554,0.025795171,0.002960988,0.97124386
18555,0.86105776,0.010629004,0.12831329
18556,0.6915121,0.018951673,0.2895362
18557,0.4989439,0.010989366,0.49006677
18558,0.13813417,0.03831809,0.8235478
18559,0.4165372,0.02718641,0.5562764
18560,0.8673106,0.0534876,0.07920179
18561,0.79501694,0.0029385472,0.20204447
18562,0.7027117,0.009001325,0.288287
18563,0.048393648,0.010941424,0.94066495
18564,0.95997113,0.0060863136,0.03394258
18565,0.18172516,0.08387331,0.7344016
18566,0.34831184,0.03584206,0.61584604
18567,0.41968527,0.14750092,0.43281382
18568,0.41264004,0.5254711,0.061888877
18569,0.84426546,0.011272761,0.14446177
18570,0.93634653,0.03325708,0.03039638
18571,0.56933355,0.00883174,0.4218347
18572,0.85946,0.007416713,0.13312328
18573,0.50228757,0.26268548,0.23502702
18574,0.7421977,0.014471829,0.24333046
18575,0.94555676,0.022744775,0.031698428
18576,0.9597069,0.0020729094,0.038220227
18577,0.31981534,0.0809104,0.5992743
18578,0.93879896,0.0057413215,0.05545969
18579,0.053254962,0.00718045,0.9395645
18580,0.988706,0.004406666,0.006887308
18581,0.5496563,0.03792438,0.4124194
18582,0.5598961,0.011184169,0.42891973
18583,0.9511146,0.0026180493,0.046267357
18584,0.023235088,0.06622513,0.91053975
18585,0.0370649,0.024711652,0.9382234
18586,0.5164543,0.08466975,0.398876
18587,0.75974023,0.0018661474,0.23839363
18588,0.9144422,0.004299938,0.081257895
18589,0.8903491,0.09043961,0.019211348
18590,0.109719366,0.011499414,0.8787812
18591,0.8114607,0.0043956344,0.18414365
18592,0.8562319,0.01251569,0.13125233
18593,0.9730546,0.0019235479,0.025021842
18594,0.9258816,0.0026595332,0.071458794
18595,0.9825356,0.0046679648,0.01279644
18596,0.21263902,0.017439727,0.7699213
18597,0.9114455,0.012953887,0.07560059
18598,0.68431145,0.10953826,0.20615032
18599,0.54929775,0.3667131,0.0839891
18600,0.087910086,0.04548155,0.8666084
18601,0.8870175,0.035025187,0.077957295
18602,0.83601207,0.0037199769,0.16026795
18603,0.9469244,0.0022340894,0.050841566
18604,0.7102096,0.017211972,0.27257845
18605,0.95992666,0.002054017,0.038019296
18606,0.6041196,0.024139615,0.3717408
18607,0.9173197,0.008024418,0.074655905
18608,0.9458812,0.003501336,0.050617497
18609,0.96827817,0.012563577,0.019158263
18610,0.969992,0.009619364,0.020388689
18611,0.8476276,0.012872152,0.13950028
18612,0.96543103,0.0038735676,0.030695425
18613,0.4403704,0.006621599,0.55300796
18614,0.8273568,0.042261705,0.13038151
18615,0.9672011,0.013223576,0.019575318
18616,0.9346957,0.008756119,0.056548215
18617,0.87056124,0.04777359,0.08166518
18618,0.89194065,0.027655996,0.08040341
18619,0.8916202,0.004258305,0.10412151
18620,0.9292928,0.017365009,0.053342216
18621,0.05551699,0.001302119,0.94318086
18622,0.8530187,0.041213594,0.10576774
18623,0.92553246,0.011940504,0.06252706
18624,0.8856262,0.0028783744,0.11149543
18625,0.98270273,0.00038399547,0.016913278
18626,0.86074525,0.0067472905,0.1325075
18627,0.9410069,0.008306828,0.05068626
18628,0.88811916,0.0074851774,0.104395665
18629,0.8503983,0.0021651264,0.14743654
18630,0.98804176,0.0013128587,0.0106454035
18631,0.08342152,0.0021078403,0.9144706
18632,0.954938,0.0069734314,0.03808859
18633,0.9570716,0.009145243,0.0337832
18634,0.98659503,0.002928518,0.010476519
18635,0.93145174,0.0074453983,0.06110289
18636,0.020880895,0.0045384876,0.9745806
18637,0.7999379,0.014368655,0.1856934
18638,0.97912174,0.000880464,0.019997802
18639,0.78385615,0.19484973,0.021294111
18640,0.065072775,0.0024529262,0.9324743
18641,0.99466646,0.0011668587,0.0041666464
18642,0.97059256,0.0055563156,0.02385118
18643,0.9716861,0.002950109,0.025363784
18644,0.8866741,0.04723338,0.06609253
18645,0.4559905,0.013591191,0.53041834
18646,0.10468885,0.022564515,0.87274665
18647,0.96683973,0.0059366464,0.027223654
18648,0.94355017,0.008366923,0.048082978
18649,0.96133786,0.0037616703,0.03490046
18650,0.98899287,0.005010344,0.0059967143
18651,0.91779935,0.03936116,0.04283948
18652,0.94830173,0.004202415,0.04749586
18653,0.9877822,0.0030470649,0.009170735
18654,0.6392582,0.06250721,0.2982346
18655,0.006491472,0.00042176808,0.99308676
18656,0.38149002,0.006942201,0.61156774
18657,0.19979663,0.0034809313,0.7967225
18658,0.816951,0.048615236,0.1344338
18659,0.8119482,0.15311156,0.034940276
18660,0.94343036,0.02560957,0.030960096
18661,0.7171361,0.0077778446,0.27508608
18662,0.82101375,0.009059122,0.16992709
18663,0.9564955,0.0007554885,0.042749055
18664,0.9893237,0.002891103,0.007785207
18665,0.93693167,0.054393087,0.008675214
18666,0.9295764,0.0031014674,0.06732214
18667,0.00816547,0.002299086,0.9895355
18668,0.111349165,0.0014910676,0.8871597
18669,0.597877,0.024240555,0.37788245
18670,0.99374676,0.0008649236,0.0053883092
18671,0.123873435,0.013103218,0.8630234
18672,0.9530023,0.0011179973,0.045879707
18673,0.005131288,0.0014536651,0.993415
18674,0.10212938,0.00229761,0.8955731
18675,0.9935508,0.0016721435,0.00477708
18676,0.95128006,0.01353194,0.035188
18677,0.9827707,0.00180891,0.015420421
18678,0.6330502,0.022383194,0.3445666
18679,0.90201414,0.07589826,0.022087611
18680,0.9709435,0.0030352545,0.026021263
18681,0.9554444,0.00793904,0.036616515
18682,0.72489446,0.027025387,0.24808016
18683,0.02543629,0.0035128735,0.9710508
18684,0.19701047,0.026869174,0.77612036
18685,0.99502003,0.00090809877,0.004071907
18686,0.8362443,0.10522221,0.058533486
18687,0.9741513,0.0010183351,0.02483034
18688,0.9841664,0.0052102576,0.010623412
18689,0.0020249397,0.0011996159,0.99677545
18690,0.93305254,0.0069453334,0.060002126
18691,0.37861627,0.05897678,0.56240696
18692,0.8378474,0.0047665043,0.15738608
18693,0.88039124,0.052612264,0.06699653
18694,0.9438856,0.01841846,0.037695944
18695,0.97416,0.0018647047,0.023975225
18696,0.9757435,0.0035376144,0.020718902
18697,0.54713476,0.18018322,0.27268207
18698,0.91618156,0.004389505,0.0794289
18699,0.61215955,0.0069960635,0.38084438
18700,0.8885174,0.07389367,0.037588947
18701,0.89987254,0.013380029,0.0867475
18702,0.9714286,0.0016697693,0.026901683
18703,0.9747038,0.0015586502,0.023737539
18704,0.9831701,0.0072842934,0.009545546
18705,0.7889112,0.08819957,0.12288923
18706,0.89006394,0.06288153,0.047054507
18707,0.14697555,0.01607348,0.83695096
18708,0.8662702,0.030120177,0.10360967
18709,0.941361,0.016662557,0.041976463
18710,0.53948605,0.0074778525,0.4530361
18711,0.88055,0.0043005776,0.11514938
18712,0.08903,0.025412263,0.8855578
18713,0.7879189,0.0062673106,0.20581374
18714,0.9738149,0.00033488154,0.025850274
18715,0.9561351,0.003173043,0.04069189
18716,0.9854344,0.005438539,0.009127003
18717,0.6676227,0.051388357,0.280989
18718,0.8464614,0.057058413,0.096480116
18719,0.9758832,0.0019315595,0.022185264
18720,0.9884919,0.0026707319,0.0088373525
18721,0.7042089,0.008917788,0.28687325
18722,0.11799813,0.029528867,0.852473
18723,0.9666963,0.005518143,0.027785476
18724,0.7034338,0.0019183084,0.29464784
18725,0.029490286,0.013818069,0.9566916
18726,0.9563875,0.0019442516,0.041668158
18727,0.93778574,0.034480397,0.027733797
18728,0.6741619,0.019754719,0.3060834
18729,0.8633577,0.065142944,0.07149931
18730,0.9905877,0.0030699766,0.006342246
18731,0.90662026,0.0101973135,0.083182424
18732,0.9093277,0.009713518,0.08095875
18733,0.92537963,0.013634947,0.06098547
18734,0.4531039,0.17346932,0.3734268
18735,0.93553275,0.002416895,0.06205039
18736,0.43956682,0.09511919,0.465314
18737,0.8463551,0.019094808,0.1345501
18738,0.14007676,0.06989478,0.79002845
18739,0.0016568198,0.0021752052,0.99616796
18740,0.97499204,0.0035294075,0.021478599
18741,0.2681437,0.0122885015,0.71956784
18742,0.9632345,0.0013729356,0.035392556
18743,0.3809547,0.005937782,0.6131075
18744,0.18082117,0.45327947,0.3658994
18745,0.8517718,0.12485923,0.023368992
18746,0.9871569,0.0011802901,0.011662747
18747,0.903782,0.010212249,0.0860057
18748,0.8824752,0.053934272,0.0635905
18749,0.7618514,0.079081826,0.15906686
18750,0.9644501,0.014842567,0.020707315
18751,0.7003582,0.017320383,0.28232136
18752,0.91491187,0.034329537,0.05075858
18753,0.96951866,0.00035902494,0.030122327
18754,0.12319641,0.041996613,0.834807
18755,0.94057316,0.0020878236,0.05733901
18756,0.9784263,0.0014075738,0.02016619
18757,0.8737303,0.008710123,0.11755949
18758,0.90465647,0.013361918,0.08198159
18759,0.9806131,0.0041130357,0.01527387
18760,0.6683251,0.03203268,0.2996422
18761,0.13009441,0.02255952,0.84734607
18762,0.89520985,0.012941105,0.09184903
18763,0.6340882,0.0076603163,0.35825145
18764,0.179721,0.02525468,0.79502434
18765,0.15010937,0.4157962,0.43409446
18766,0.9234989,0.018377371,0.058123656
18767,0.042343594,0.0065581137,0.95109826
18768,0.58501136,0.0264619,0.38852677
18769,0.9281096,0.014339365,0.057551086
18770,0.75323045,0.009292993,0.2374765
18771,0.9769845,0.0019141192,0.021101391
18772,0.9093837,0.027871491,0.06274479
18773,0.8654213,0.047885828,0.08669286
18774,0.9779262,0.0033901685,0.018683579
18775,0.94495994,0.015085518,0.039954465
18776,0.96526784,0.005144593,0.02958756
18777,0.8987413,0.0029799228,0.098278746
18778,0.9424033,0.036265768,0.02133096
18779,0.7959593,0.0045332955,0.19950739
18780,0.9888814,0.00039597676,0.010722639
18781,0.8272736,0.028641067,0.14408533
18782,0.6059227,0.0075726463,0.3865047
18783,0.4516541,0.0132296225,0.53511626
18784,0.88987976,0.008038833,0.10208139
18785,0.8107787,0.0016915355,0.18752976
18786,0.9724626,0.0014116137,0.026125811
18787,0.9651055,0.0050219744,0.029872533
18788,0.9914004,0.0012380758,0.0073614186
18789,0.77941984,0.018185994,0.20239419
18790,0.8211968,0.068332165,0.11047109
18791,0.98842186,0.0005949457,0.010983119
18792,0.95890945,0.0023941593,0.03869641
18793,0.94804883,0.042143427,0.009807711
18794,0.92898476,0.003209241,0.067806005
18795,0.14643115,0.15358034,0.69998854
18796,0.85546136,0.022147404,0.12239119
18797,0.19041821,0.055846315,0.7537355
18798,0.9412464,0.019923344,0.038830224
18799,0.98324996,0.006569528,0.01018051
18800,0.024371766,0.004486204,0.971142
18801,0.20011494,0.0067364313,0.79314864
18802,0.51123786,0.0073550288,0.48140708
18803,0.99332196,0.0017941465,0.004883912
18804,0.72079515,0.11621816,0.16298667
18805,0.9940248,0.000681842,0.0052933944
18806,0.104394816,0.03566229,0.8599429
18807,0.7641261,0.0064554107,0.22941841
18808,0.41538224,0.031054543,0.5535632
18809,0.06515391,0.0027119173,0.93213415
18810,0.9817774,0.0006908151,0.017531676
18811,0.9823784,0.0002851452,0.01733647
18812,0.9894394,0.00033006482,0.010230482
18813,0.9817722,0.00944138,0.008786501
18814,0.6511869,0.0039643254,0.3448488
18815,0.97528833,0.005467919,0.019243736
18816,0.96771795,0.006439552,0.02584247
18817,0.9666375,0.008831056,0.024531448
18818,0.6508967,0.020406926,0.32869634
18819,0.06385845,0.021749403,0.9143922
18820,0.84714127,0.008277635,0.14458108
18821,0.98156357,0.009549646,0.008886837
18822,0.2857582,0.05954155,0.6547003
18823,0.62065357,0.028961169,0.35038528
18824,0.97441316,0.0047708964,0.020815961
18825,0.9471348,0.014811032,0.038054228
18826,0.15210854,0.058210384,0.78968114
18827,0.9825477,0.00043112983,0.017021224
18828,0.9868716,0.00090023485,0.012228176
18829,0.9165733,0.0061948104,0.077231914
18830,0.36640722,0.02038887,0.61320394
18831,0.8816599,0.062119767,0.05622033
18832,0.9831942,0.0031478838,0.013657858
18833,0.13183682,0.10223426,0.7659289
18834,0.023032032,0.000563873,0.97640413
18835,0.9852175,0.0010384012,0.013744045
18836,0.9257586,0.0095410375,0.06470032
18837,0.70415545,0.05182109,0.2440235
18838,0.9114879,0.01783788,0.07067425
18839,0.7467607,0.012957191,0.24028206
18840,0.97985417,0.008096562,0.012049297
18841,0.05714906,0.004373666,0.9384773
18842,0.91973895,0.013395549,0.06686544
18843,0.9751628,0.002193615,0.022643566
18844,0.92912626,0.011230062,0.05964366
18845,0.9806372,0.0011175814,0.018245183
18846,0.9781845,0.0031789967,0.018636504
18847,0.9582689,0.03160629,0.01012485
18848,0.392256,0.018153487,0.5895905
18849,0.18590842,0.027369013,0.7867226
18850,0.968273,0.004093163,0.0276338
18851,0.846113,0.048212342,0.10567465
18852,0.9534879,0.0062687546,0.04024343
18853,0.9566146,0.022815717,0.02056968
18854,0.9558548,0.008304292,0.03584093
18855,0.9501377,0.007566349,0.0422959
18856,0.8654208,0.010593099,0.12398608
18857,0.9607434,0.0019308882,0.037325665
18858,0.9554601,0.0035840415,0.040955923
18859,0.0020440193,0.00029061484,0.9976654
18860,0.78093606,0.051899776,0.1671642
18861,0.10352899,0.014048124,0.88242286
18862,0.4692991,0.00662217,0.52407867
18863,0.9147943,0.03552488,0.049680777
18864,0.98280877,0.0013875979,0.015803574
18865,0.9591687,0.011083774,0.029747576
18866,0.9678104,0.006079182,0.026110377
18867,0.9561554,0.018232167,0.025612338
18868,0.9637774,0.0034943174,0.032728195
18869,0.9522157,0.0011627008,0.046621587
18870,0.2509084,0.007988295,0.74110335
18871,0.38902768,0.07996418,0.5310081
18872,0.97134936,0.011352921,0.017297778
18873,0.98713905,0.0073846374,0.005476256
18874,0.9316655,0.0058831675,0.062451318
18875,0.13958277,0.030004412,0.83041286
18876,0.97759855,0.009347617,0.013053817
18877,0.9762309,0.0024234224,0.021345586
18878,0.97228086,0.0033799713,0.0243391
18879,0.93663514,0.0042301845,0.059134737
18880,0.9240603,0.003510178,0.07242952
18881,0.20540544,0.0059287758,0.7886658
18882,0.97526896,0.004827245,0.019903835
18883,0.89220387,0.012700985,0.09509512
18884,0.8854969,0.0053785215,0.10912457
18885,0.21723285,0.04099084,0.7417763
18886,0.94039464,0.004150179,0.05545513
18887,0.70959973,0.009474996,0.28092527
18888,0.949167,0.0032321939,0.04760079
18889,0.848023,0.0031572664,0.14881968
18890,0.0039195307,0.0004530493,0.9956274
18891,0.9640336,0.0070437207,0.028922634
18892,0.9801645,0.006198574,0.01363685
18893,0.92430484,0.0023122411,0.073382944
18894,0.8292688,0.00959719,0.16113399
18895,0.8343833,0.013850211,0.15176648
18896,0.1933849,0.10844167,0.6981734
18897,0.21425936,0.012150826,0.7735898
18898,0.9602762,0.0008239704,0.038899783
18899,0.967366,0.002946838,0.029687185
18900,0.9769644,0.0025093032,0.020526355
18901,0.86700994,0.08115178,0.051838245
18902,0.9877461,0.0014303207,0.010823524
18903,0.88110113,0.006066789,0.11283204
18904,0.97602206,0.013098906,0.010878991
18905,0.9676519,0.0023956178,0.029952552
18906,0.83036083,0.014911256,0.15472795
18907,0.29711804,0.011250307,0.6916317
18908,0.9144721,0.007457506,0.07807042
18909,0.7298987,0.005084931,0.26501638
18910,0.9532641,0.02514638,0.021589542
18911,0.6369041,0.010702477,0.35239345
18912,0.96441287,0.0035222413,0.03206482
18913,0.022507917,0.0018164479,0.9756756
18914,0.9300354,0.0033976107,0.06656699
18915,0.9302396,0.008195986,0.06156438
18916,0.9562426,0.008549913,0.0352075
18917,0.76896214,0.015858343,0.21517949
18918,0.71967757,0.009388701,0.27093375
18919,0.069096945,0.0006975762,0.93020546
18920,0.9640415,0.0057340898,0.030224456
18921,0.27868876,0.14058895,0.5807223
18922,0.9402981,0.0009838354,0.05871804
18923,0.58807206,0.0026120995,0.4093158
18924,0.9312088,0.0030156218,0.06577559
18925,0.9837346,0.002287826,0.0139776
18926,0.9310522,0.04779972,0.021148132
18927,0.94391304,0.004185997,0.051900923
18928,0.82806534,0.020229056,0.15170561
18929,0.98701626,0.0012277344,0.011756008
18930,0.50359017,0.03297365,0.46343616
18931,0.61177546,0.016045608,0.37217897
18932,0.6750512,0.14662914,0.17831968
18933,0.56895906,0.01095202,0.42008892
18934,0.92389,0.0046508703,0.07145917
18935,0.9654376,0.0013596296,0.033202786
18936,0.668907,0.008361899,0.32273114
18937,0.9789443,0.0013174649,0.019738285
18938,0.9519966,0.01826965,0.029733663
18939,0.9794525,0.0025193421,0.018028194
18940,0.6450658,0.12113327,0.23380089
18941,0.9291508,0.040486995,0.030362168
18942,0.3230663,0.043538228,0.6333955
18943,0.024214108,0.009846809,0.96593904
18944,0.266749,0.038752876,0.6944981
18945,0.8266121,0.021554152,0.15183365
18946,0.5377465,0.016148271,0.44610524
18947,0.9550338,0.0016129725,0.04335319
18948,0.9383932,0.009791994,0.051814847
18949,0.9822978,0.0003693031,0.017332947
18950,0.9793115,0.0004960526,0.020192437
18951,0.9567091,0.0017473501,0.041543577
18952,0.7446054,0.07499197,0.18040256
18953,0.0023850324,0.0007313628,0.9968836
18954,0.85566336,0.010506146,0.13383052
18955,0.004840377,0.0006788569,0.9944807
18956,0.9845005,0.002524214,0.012975319
18957,0.8010417,0.0074119535,0.19154632
18958,0.6919351,0.018016214,0.2900487
18959,0.907713,0.023385111,0.06890192
18960,0.9753745,0.014593932,0.010031534
18961,0.89425135,0.001198346,0.10455032
18962,0.9822725,0.0046671266,0.013060389
18963,0.97898006,0.013586698,0.0074332613
18964,0.9017855,0.06994813,0.028266365
18965,0.823586,0.07177119,0.10464277
18966,0.031320956,0.004655935,0.9640231
18967,0.78473836,0.14559089,0.06967073
18968,0.020291533,0.0008419807,0.9788665
18969,0.0006901799,0.0017815818,0.99752825
18970,0.9065794,0.0043321257,0.08908846
18971,0.9186085,0.0035501537,0.07784134
18972,0.80429053,0.008098855,0.1876106
18973,0.9062456,0.010938499,0.08281591
18974,0.96520555,0.005564922,0.02922959
18975,0.73725533,0.0108893365,0.25185534
18976,0.97090244,0.019930009,0.0091674775
18977,0.95221376,0.004018671,0.043767527
18978,0.888669,0.06312468,0.048206277
18979,0.973026,0.002445865,0.024528177
18980,0.9431816,0.01083165,0.04598677
18981,0.8903445,0.05198321,0.05767229
18982,0.9691414,0.01281071,0.018047892
18983,0.99512696,0.0012302693,0.0036427507
18984,0.32116488,0.3208594,0.35797578
18985,0.053913753,0.03222588,0.9138604
18986,0.946786,0.027280984,0.025933066
18987,0.18683693,0.027933815,0.78522927
18988,0.9896702,0.0016431183,0.008686668
18989,0.23425275,0.16098894,0.6047583
18990,0.9534044,0.00066854194,0.045926973
18991,0.9558983,0.009055076,0.035046663
18992,0.9358554,0.028427921,0.03571675
18993,0.5608399,0.06483741,0.37432268
18994,0.9688432,0.0048812437,0.026275516
18995,0.882826,0.07248277,0.044691276
18996,0.9682437,0.007943179,0.023813045
18997,0.96476436,0.0071891975,0.028046459
18998,0.9735093,0.0011003593,0.025390288
18999,0.52635616,0.033273153,0.44037068
19000,0.97540456,0.0057063024,0.018889096
19001,0.8784693,0.063407175,0.058123548
19002,0.63027877,0.022842372,0.34687892
19003,0.019789241,0.0030792668,0.9771314
19004,0.8879995,0.0337529,0.07824761
19005,0.7543733,0.0066117905,0.23901492
19006,0.077420555,0.027181694,0.8953977
19007,0.9134892,0.010438006,0.07607283
19008,0.39247787,0.09276015,0.5147619
19009,0.75696623,0.0022684808,0.24076533
19010,0.94142944,0.022841647,0.03572895
19011,0.9663509,0.0034286177,0.03022054
19012,0.935979,0.005465789,0.058555216
19013,0.8653812,0.04750535,0.0871135
19014,0.9584157,0.00698006,0.03460421
19015,0.8140168,0.012085655,0.17389752
19016,0.99159056,0.0008203098,0.0075891293
19017,0.97440964,0.014041524,0.011548783
19018,0.019144204,0.0053683314,0.9754875
19019,0.90854335,0.008514638,0.08294198
19020,0.28195542,0.027003871,0.6910407
19021,0.4968988,0.0021145323,0.5009867
19022,0.8660552,0.0021939287,0.13175087
19023,0.970206,0.0034943388,0.026299573
19024,0.9748004,0.002648745,0.022550786
19025,0.94517535,0.0013388118,0.05348588
19026,0.9875657,0.0061069736,0.006327361
19027,0.028471796,0.004905491,0.9666227
19028,0.0091134235,0.0034670494,0.98741955
19029,0.45257127,0.0051256204,0.5423031
19030,0.0012716579,0.0008771277,0.99785125
19031,0.96655744,0.00957729,0.023865266
19032,0.9889486,0.0010340831,0.010017325
19033,0.9684143,0.0041266726,0.027459083
19034,0.89138985,0.010289229,0.09832086
19035,0.4921164,0.016341176,0.4915425
19036,0.9273489,0.025007898,0.04764324
19037,0.97142774,0.0034666602,0.02510559
19038,0.33680716,0.05333176,0.6098611
19039,0.2275357,0.04702025,0.725444
19040,0.9720704,0.0030417726,0.024887789
19041,0.9506803,0.012911845,0.036407858
19042,0.9838885,0.00085011683,0.0152614
19043,0.9820749,0.00048554325,0.017439555
19044,0.1270739,0.05213916,0.8207869
19045,0.88319826,0.002915808,0.11388594
19046,0.96703935,0.0033197878,0.02964083
19047,0.912409,0.0056995736,0.081891395
19048,0.81978434,0.012395491,0.16782019
19049,0.21983336,0.0028704992,0.7772961
19050,0.8944536,0.0064160503,0.099130325
19051,0.9830683,0.0005917481,0.016339943
19052,0.9180344,0.011520316,0.07044533
19053,0.34014136,0.32591647,0.33394215
19054,0.98138547,0.006724513,0.011890096
19055,0.96790165,0.015432237,0.016666139
19056,0.8680635,0.023824498,0.10811196
19057,0.05159904,0.0021604495,0.94624054
19058,0.75578207,0.040936638,0.2032813
19059,0.96596986,0.0046862327,0.02934384
19060,0.9557036,0.003658717,0.040637653
19061,0.9224343,0.0016221547,0.075943574
19062,0.9402528,0.010840588,0.048906658
19063,0.9926824,0.00028495895,0.007032643
19064,0.3251923,0.006017763,0.6687899
19065,0.9151371,0.023744954,0.06111795
19066,0.9856808,0.0019508691,0.012368331
19067,0.97620845,0.0019268274,0.021864768
19068,0.9834011,0.0013183609,0.015280563
19069,0.011806507,0.0009944678,0.987199
19070,0.95971835,0.021993523,0.018288154
19071,0.8534375,0.0012611658,0.14530131
19072,0.9836843,0.0016181079,0.01469762
19073,0.78029853,0.012998757,0.20670271
19074,0.06652579,0.009431942,0.9240422
19075,0.038179934,0.004485169,0.95733494
19076,0.86290413,0.032324933,0.10477089
19077,0.9663538,0.0022926147,0.031353544
19078,0.95299834,0.0031680916,0.04383353
19079,0.9517964,0.0080549475,0.040148675
19080,0.58979243,0.00631044,0.40389714
19081,0.94446707,0.009129973,0.046403017
19082,0.9533989,0.0070348983,0.03956623
19083,0.9518181,0.006354928,0.04182695
19084,0.9652262,0.023452692,0.011321146
19085,0.65632725,0.003737661,0.3399351
19086,0.90643364,0.025702965,0.06786347
19087,0.96515954,0.0029578244,0.031882606
19088,0.99697065,0.00035780776,0.0026714648
19089,0.6467612,0.038779654,0.31445912
19090,0.8803538,0.016952885,0.10269335
19091,0.958283,0.007716534,0.03400053
19092,0.9154966,0.007578782,0.07692465
19093,0.5849745,0.0782796,0.3367459
19094,0.97698826,0.00041352838,0.022598162
19095,0.8028893,0.0073812073,0.18972954
19096,0.5747789,0.013849929,0.41137117
19097,0.93185383,0.010242554,0.057903588
19098,0.58836097,0.004756021,0.40688306
19099,0.81125706,0.02117005,0.16757287
19100,0.5053834,0.018330188,0.47628647
19101,0.7559832,0.005499601,0.23851724
19102,0.10642287,0.0031555435,0.89042157
19103,0.95114404,0.003766947,0.045089055
19104,0.117450535,0.04437366,0.8381758
19105,0.9163515,0.008958403,0.07469008
19106,0.9819681,0.001397406,0.01663445
19107,0.02505246,0.0056739887,0.96927357
19108,0.5312298,0.047708828,0.42106137
19109,0.07998612,0.014143053,0.90587085
19110,0.83290464,0.011469062,0.1556263
19111,0.9751672,0.012705982,0.012126826
19112,0.6468262,0.024884619,0.32828918
19113,0.98808354,0.0012856417,0.010630778
19114,0.80156404,0.018361868,0.1800741
19115,0.9550301,0.0057859416,0.039183993
19116,0.9033809,0.008888542,0.087730564
19117,0.99610317,0.00022831597,0.0036684936
19118,0.9560822,0.017007085,0.026910657
19119,0.5894979,0.012864372,0.39763767
19120,0.98440266,0.000692163,0.014905144
19121,0.9717055,0.013322492,0.014972068
19122,0.98287326,0.0011744592,0.015952328
19123,0.9664677,0.009146441,0.024385845
19124,0.3064432,0.027159097,0.6663977
19125,0.9697418,0.011313441,0.018944794
19126,0.95287627,0.0045789117,0.042544886
19127,0.9496371,0.002620126,0.047742713
19128,0.8486703,0.0061896984,0.14514002
19129,0.6000309,0.069272794,0.33069634
19130,0.97350323,0.00958223,0.016914569
19131,0.95611435,0.024660124,0.019225555
19132,0.94090897,0.011524014,0.047567047
19133,0.9036583,0.023891207,0.07245057
19134,0.89697397,0.009209764,0.09381633
19135,0.02569227,0.08760441,0.8867033
19136,0.02651059,0.00080935354,0.9726801
19137,0.87502706,0.024697287,0.100275695
19138,0.9277049,0.0053865914,0.06690858
19139,0.04608354,0.056684814,0.89723164
19140,0.9439913,0.0060659153,0.049942803
19141,0.85796034,0.011807974,0.13023171
19142,0.9810354,0.0005558895,0.018408764
19143,0.9393391,0.039307456,0.021353414
19144,0.9878263,0.0011396477,0.011034037
19145,0.9397687,0.0034751666,0.056756232
19146,0.9788455,0.0024837542,0.018670773
19147,0.84456295,0.01379364,0.1416434
19148,0.95718384,0.009994994,0.032821197
19149,0.62887925,0.018233,0.35288775
19150,0.010475259,0.0046943203,0.9848304
19151,0.54719865,0.0066813277,0.44612002
19152,0.95879275,0.009215661,0.03199159
19153,0.9589899,0.00087414536,0.04013598
19154,0.08724944,0.0017688755,0.91098166
19155,0.9730195,0.002475625,0.024504872
19156,0.86671907,0.0036998421,0.12958108
19157,0.7772707,0.029242089,0.19348721
19158,0.9331508,0.005874785,0.06097432
19159,0.90887564,0.030707438,0.060416844
19160,0.92119855,0.019647975,0.059153464
19161,0.68714494,0.2031909,0.1096642
19162,0.9701619,0.0047221933,0.025115838
19163,0.9431881,0.02696528,0.02984669
19164,0.97019345,0.0012493966,0.028557153
19165,0.956574,0.0043199556,0.03910601
19166,0.99050385,0.0024646574,0.0070315115
19167,0.33364993,0.04634439,0.62000567
19168,0.9846465,0.00935163,0.006001867
19169,0.7129279,0.068347536,0.21872458
19170,0.007064672,0.00083943957,0.9920959
19171,0.9102203,0.0031334003,0.08664626
19172,0.9572661,0.022127187,0.020606749
19173,0.5667775,0.10989985,0.32332265
19174,0.94341356,0.005516299,0.0510701
19175,0.9218212,0.028893718,0.049285073
19176,0.95779556,0.012156344,0.030048158
19177,0.7028897,0.02179272,0.27531758
19178,0.7142529,0.017203934,0.26854318
19179,0.24151619,0.6677401,0.090743676
19180,0.8672957,0.0034548303,0.12924947
19181,0.9796551,0.001899905,0.01844505
19182,0.19041209,0.0028190662,0.80676883
19183,0.98595876,0.0076863286,0.0063549033
19184,0.9676844,0.028538916,0.0037767217
19185,0.89831007,0.007042936,0.09464701
19186,0.97572017,0.003135713,0.021144133
19187,0.96284133,0.029168008,0.0079906285
19188,0.879175,0.010326259,0.11049876
19189,0.97852695,0.0088068675,0.012666237
19190,0.9463235,0.0030653132,0.05061117
19191,0.63369715,0.029516704,0.33678612
19192,0.8357821,0.091689095,0.07252881
19193,0.97091424,0.002149449,0.02693627
19194,0.68835413,0.10647253,0.2051733
19195,0.9383924,0.007094996,0.054512553
19196,0.82336175,0.019289877,0.15734836
19197,0.97723025,0.0009467377,0.021823063
19198,0.50906813,0.024730483,0.46620142
19199,0.9700384,0.0023872,0.027574353
19200,0.65015316,0.03209096,0.3177559
19201,0.7764505,0.01955333,0.2039962
19202,0.13978729,0.074386545,0.7858262
19203,0.9871954,0.0019671847,0.0108374385
19204,0.93860596,0.0037782376,0.057615805
19205,0.8602001,0.028256297,0.11154358
19206,0.8032442,0.17063652,0.026119327
19207,0.12216769,0.005498227,0.87233406
19208,0.82277006,0.003246015,0.17398392
19209,0.015484864,0.0058256504,0.9786895
19210,0.868815,0.0044054477,0.12677948
19211,0.94381005,0.0026671544,0.05352277
19212,0.9199534,0.03265297,0.047393586
19213,0.9766781,0.00257455,0.020747347
19214,0.3359253,0.21774761,0.44632706
19215,0.9524299,0.005867255,0.04170292
19216,0.9381315,0.005732233,0.056136206
19217,0.96315485,0.002390515,0.034454644
19218,0.9217212,0.007432396,0.0708464
19219,0.05634981,0.0055981493,0.938052
19220,0.07493142,0.0131802475,0.91188836
19221,0.010666204,0.0017322444,0.9876016
19222,0.94881994,0.008298325,0.0428818
19223,0.96983093,0.0018923007,0.028276777
19224,0.75270516,0.16466455,0.082630284
19225,0.391199,0.1310283,0.47777277
19226,0.92069757,0.053338684,0.025963759
19227,0.17122304,0.015836293,0.81294066
19228,0.8073448,0.03525972,0.15739544
19229,0.9565836,0.0031289356,0.04028748
19230,0.500013,0.01886609,0.48112097
19231,0.95876926,0.0072625303,0.033968173
19232,0.9504308,0.0006887419,0.048880424
19233,0.9791653,0.0019325585,0.018902147
19234,0.9880568,0.0012447963,0.010698367
19235,0.7186893,0.0031613917,0.27814928
19236,0.9891884,0.0010253146,0.009786289
19237,0.7404945,0.006040498,0.25346503
19238,0.8802046,0.100697145,0.01909822
19239,0.50002587,0.012718349,0.48725578
19240,0.64915055,0.021845022,0.3290044
19241,0.86152273,0.022410307,0.116066985
19242,0.98238075,0.0059294794,0.011689843
19243,0.9581366,0.012411495,0.029451834
19244,0.9122178,0.005915677,0.08186649
19245,0.993772,0.0005117695,0.0057162894
19246,0.9348458,0.0025036565,0.06265051
19247,0.026944475,0.13451482,0.8385407
19248,0.1128228,0.012171089,0.8750061
19249,0.7474414,0.003540728,0.24901785
19250,0.40358314,0.022224257,0.5741926
19251,0.8006394,0.012307446,0.18705319
19252,0.0035371953,0.0011254607,0.99533737
19253,0.26243845,0.0074216393,0.7301399
19254,0.2252345,0.017778385,0.7569871
19255,0.9745165,0.0008197514,0.024663769
19256,0.3108878,0.009524327,0.67958784
19257,0.8862159,0.0069872835,0.10679681
19258,0.9911159,0.0007843831,0.008099727
19259,0.28337058,0.009757282,0.70687217
19260,0.080310866,0.19385949,0.7258296
19261,0.07578742,0.010620957,0.91359156
19262,0.9403842,0.0120538315,0.047561992
19263,0.9621624,0.0049938895,0.032843724
19264,0.008196223,0.007870528,0.9839333
19265,0.71275574,0.006743175,0.2805011
19266,0.98922926,0.0009076643,0.009862991
19267,0.96133816,0.00096751,0.037694294
19268,0.96090823,0.011550396,0.027541347
19269,0.97088057,0.004799698,0.024319766
19270,0.748149,0.11493927,0.13691175
19271,0.02386289,0.0023422183,0.9737949
19272,0.88238907,0.0060799285,0.11153105
19273,0.020778628,0.0026728343,0.9765486
19274,0.9488311,0.02210818,0.029060766
19275,0.7554159,0.038609896,0.2059742
19276,0.8900754,0.032827333,0.07709729
19277,0.963534,0.0032124275,0.033253547
19278,0.84178853,0.092807926,0.0654035
19279,0.9614685,0.0031713122,0.035360146
19280,0.5482973,0.011166804,0.44053587
19281,0.2541482,0.08802778,0.65782404
19282,0.84492177,0.0028506047,0.1522276
19283,0.957808,0.006943312,0.03524866
19284,0.8012903,0.033496622,0.16521311
19285,0.90762293,0.0226543,0.06972276
19286,0.96812683,0.007996982,0.023876142
19287,0.29844603,0.029747598,0.6718064
19288,0.96246797,0.0056959004,0.031836182
19289,0.6129453,0.0143631315,0.3726915
19290,0.97065306,0.0076512387,0.021695672
19291,0.95183104,0.0021095676,0.046059396
19292,0.97610176,0.0035364926,0.02036171
19293,0.0011788931,0.00060902303,0.9982121
19294,0.68832386,0.019530145,0.29214603
19295,0.37654054,0.11493418,0.50852525
19296,0.30593842,0.009174969,0.6848866
19297,0.9058562,0.020696748,0.07344708
19298,0.9856871,0.0003159066,0.0139970705
19299,0.11363341,0.03505887,0.8513077
19300,0.43762204,0.017507032,0.5448709
19301,0.9523509,0.0056519574,0.041997068
19302,0.8073873,0.018746216,0.17386647
19303,0.97761226,0.0021522304,0.020235598
19304,0.9363831,0.0063825822,0.057234235
19305,0.8384615,0.024684457,0.13685398
19306,0.815425,0.07513754,0.10943744
19307,0.9748396,0.0028552646,0.022305075
19308,0.017648134,0.050836362,0.93151546
19309,0.8723271,0.015001982,0.112670876
19310,0.9899344,0.0025217002,0.007543869
19311,0.8758825,0.042672794,0.08144467
19312,0.6050733,0.0022543285,0.3926724
19313,0.79972315,0.0075574648,0.19271937
19314,0.9974005,0.0003413984,0.0022580859
19315,0.49578315,0.00718881,0.497028
19316,0.9557139,0.016513491,0.0277726
19317,0.56599015,0.018894272,0.41511557
19318,0.9164724,0.012417525,0.07111017
19319,0.86736155,0.05520056,0.07743789
19320,0.88043356,0.061338164,0.058228295
19321,0.24036434,0.5127826,0.24685305
19322,0.31814283,0.14780645,0.5340507
19323,0.9876653,0.001140442,0.011194254
19324,0.94514436,0.002761666,0.052093983
19325,0.9461283,0.008012826,0.045858886
19326,0.048391253,0.005624084,0.94598466
19327,0.8216163,0.0036338025,0.1747499
19328,0.9689772,0.00321293,0.027809901
19329,0.92628556,0.011441116,0.06227336
19330,0.87243325,0.013607195,0.1139596
19331,0.9876651,0.0022939208,0.0100409575
19332,0.8692986,0.05591965,0.07478171
19333,0.960761,0.006911567,0.032327373
19334,0.9229484,0.024843708,0.052207887
19335,0.72043246,0.04623969,0.23332784
19336,0.9001623,0.05151074,0.048326954
19337,0.038081564,0.0039305994,0.95798784
19338,0.8482392,0.010572446,0.14118835
19339,0.8620557,0.0008725081,0.1370718
19340,0.9922955,0.0008380293,0.0068665436
19341,0.4441451,0.0023247,0.5535302
19342,0.8796001,0.02737466,0.09302524
19343,0.5617855,0.39279452,0.045420013
19344,0.9871709,0.0009666689,0.011862471
19345,0.18991527,0.002987787,0.80709696
19346,0.06059428,0.0023571253,0.9370486
19347,0.15133494,0.017085968,0.8315791
19348,0.84255606,0.06698094,0.090462945
19349,0.9385315,0.011731939,0.049736496
19350,0.80198014,0.0218421,0.17617775
19351,0.9914761,0.0029519454,0.005571931
19352,0.88648254,0.012416535,0.10110091
19353,0.8917407,0.004273223,0.10398607
19354,0.946488,0.002009954,0.051501967
19355,0.20921716,0.65322185,0.13756101
19356,0.03818179,0.0054442314,0.956374
19357,0.52555037,0.008599828,0.46584985
19358,0.9220532,0.0101651475,0.0677816
19359,0.9710345,0.011447476,0.017517988
19360,0.4298717,0.105464846,0.46466345
19361,0.7783978,0.08030354,0.14129859
19362,0.4080495,0.018294506,0.573656
19363,0.9709291,0.0026284943,0.026442427
19364,0.707669,0.035188004,0.25714296
19365,0.9783028,0.0021596248,0.019537553
19366,0.9862881,0.0015890277,0.01212287
19367,0.81737673,0.00550753,0.1771158
19368,0.23452373,0.010400438,0.7550759
19369,0.9156229,0.021823086,0.062554084
19370,0.87275887,0.009339991,0.11790113
19371,0.8469521,0.01929362,0.13375428
19372,0.96583885,0.001549084,0.032612104
19373,0.97527266,0.001463546,0.02326376
19374,0.85860395,0.005570371,0.13582568
19375,0.8871739,0.09347485,0.019351242
19376,0.8971308,0.031508826,0.07136042
19377,0.90113324,0.006643146,0.09222358
19378,0.9808672,0.0003845047,0.018748276
19379,0.9441011,0.010818599,0.045080375
19380,0.1407693,0.032845344,0.8263854
19381,0.80176544,0.004585119,0.19364941
19382,0.9157762,0.0055174856,0.078706294
19383,0.9255727,0.0011571004,0.07327022
19384,0.63897204,0.08279365,0.27823433
19385,0.8574447,0.050528042,0.09202726
19386,0.66658765,0.013391796,0.32002056
19387,0.98719305,0.00095840474,0.011848463
19388,0.9821536,0.013086036,0.0047603394
19389,0.9813324,0.00395516,0.01471247
19390,0.96970403,0.007372941,0.022923065
19391,0.9939889,0.00073391385,0.00527726
19392,0.9515014,0.008726231,0.039772358
19393,0.18867682,0.008217258,0.80310595
19394,0.8667994,0.011787082,0.12141354
19395,0.7041643,0.08544655,0.21038914
19396,0.028191725,0.0016271867,0.9701811
19397,0.97922075,0.0014797513,0.019299475
19398,0.21963072,0.015091874,0.7652774
19399,0.9770016,0.0011425694,0.02185589
19400,0.9871913,0.0045296326,0.008279051
19401,0.97425824,0.011103301,0.0146384435
19402,0.9617625,0.0026452201,0.035592288
19403,0.8435602,0.003500044,0.1529398
19404,0.95961905,0.022179207,0.018201774
19405,0.8496061,0.0210381,0.1293558
19406,0.0407266,0.008160004,0.9511134
19407,0.025660038,0.004686552,0.96965337
19408,0.0501263,0.010171346,0.93970233
19409,0.92113924,0.045843516,0.03301724
19410,0.008754916,0.006043508,0.98520154
19411,0.0021669501,0.00040311416,0.9974299
19412,0.8130562,0.013121817,0.17382202
19413,0.075064234,0.027508128,0.8974276
19414,0.6744984,0.0028476303,0.32265398
19415,0.96699053,0.004158931,0.028850494
19416,0.98446566,0.002054778,0.013479579
19417,0.9358202,0.0011453918,0.06303442
19418,0.93265516,0.014618692,0.052726205
19419,0.08494589,0.04970275,0.8653514
19420,0.9538936,0.012387303,0.033719152
19421,0.95769,0.0053079687,0.037001994
19422,0.98246056,0.0055211675,0.012018294
19423,0.8558366,0.012955507,0.13120794
19424,0.9580861,0.0070692953,0.03484466
19425,0.956863,0.011940682,0.031196391
19426,0.7159531,0.0053088316,0.27873805
19427,0.9364561,0.0021012418,0.0614427
19428,0.9761963,0.0006901727,0.02311359
19429,0.9472125,0.003964753,0.04882267
19430,0.8973389,0.022771027,0.07989008
19431,0.964808,0.0015758455,0.03361617
19432,0.95562094,0.007755788,0.036623202
19433,0.6324274,0.058772676,0.30879992
19434,0.027601967,0.0016066562,0.97079134
19435,0.97657067,0.005417807,0.018011533
19436,0.69784325,0.013173384,0.28898332
19437,0.9814512,0.0054214736,0.0131273195
19438,0.96173483,0.0026259075,0.03563926
19439,0.6290782,0.32659754,0.044324264
19440,0.9685075,0.00760778,0.023884641
19441,0.9362501,0.0045708795,0.05917899
19442,0.95218974,0.0020483304,0.045761913
19443,0.8750253,0.084799066,0.040175658
19444,0.986853,0.002888251,0.010258706
19445,0.85517645,0.029804088,0.115019456
19446,0.86921555,0.0045763743,0.12620805
19447,0.14269988,0.003643086,0.85365707
19448,0.52873456,0.00841778,0.46284768
19449,0.033066705,0.01958809,0.9473452
19450,0.93421763,0.004096559,0.061685815
19451,0.9076232,0.0107750585,0.081601776
19452,0.9458609,0.0031224173,0.051016588
19453,0.93988425,0.009646675,0.05046912
19454,0.93389624,0.016425604,0.049678158
19455,0.9930073,0.00023039675,0.0067623053
19456,0.9701827,0.0061903666,0.023626959
19457,0.90551513,0.01521714,0.0792677
19458,0.98027575,0.010686647,0.009037542
19459,0.028247831,0.0036013639,0.96815073
19460,0.8156689,0.0047751344,0.17955598
19461,0.9497542,0.018054906,0.032190893
19462,0.66122824,0.020740256,0.3180315
19463,0.61943287,0.03664549,0.3439216
19464,0.9817655,0.0016214903,0.016613042
19465,0.8863551,0.011982442,0.101662524
19466,0.98222727,0.0019863374,0.01578637
19467,0.67347014,0.0779615,0.24856837
19468,0.9798329,0.0017684158,0.018398652
19469,0.76599056,0.012903336,0.22110611
19470,0.012291391,0.026040865,0.9616677
19471,0.073177405,0.03646225,0.8903603
19472,0.9418791,0.007127656,0.050993185
19473,0.94318783,0.020741386,0.036070783
19474,0.1035084,0.0060451487,0.8904465
19475,0.9449373,0.033343382,0.021719301
19476,0.8727336,0.02104272,0.10622372
19477,0.92945063,0.021211924,0.049337417
19478,0.9302121,0.0145309605,0.055256892
19479,0.36493927,0.013038493,0.6220222
19480,0.84060305,0.004318783,0.15507819
19481,0.8823211,0.005448582,0.11223029
19482,0.9545465,0.0028507807,0.04260278
19483,0.98492986,0.00065952557,0.014410666
19484,0.9485269,0.023695143,0.027777972
19485,0.9565279,0.010139317,0.033332806
19486,0.9744727,0.0010017158,0.024525555
19487,0.70385796,0.009092963,0.2870491
19488,0.92958033,0.006529601,0.06389005
19489,0.9795855,0.0088388175,0.011575683
19490,0.91757476,0.055101126,0.02732405
19491,0.29791424,0.027053002,0.6750328
19492,0.9104188,0.012451873,0.07712936
19493,0.051136613,0.028452137,0.9204113
19494,0.91487575,0.0083484445,0.07677583
19495,0.21027341,0.017258711,0.77246785
19496,0.9799611,0.0007870736,0.019251801
19497,0.76615727,0.0052504074,0.22859232
19498,0.95839673,0.0076539135,0.03394932
19499,0.766399,0.21165617,0.021944871
19500,0.0875707,0.15415774,0.7582716
19501,0.83155346,0.09239903,0.07604751
19502,0.9636714,0.009006963,0.027321666
19503,0.22612417,0.17601292,0.5978629
19504,0.93696725,0.0051535238,0.057879224
19505,0.791321,0.024346419,0.18433256
19506,0.91705537,0.0037637597,0.07918085
19507,0.8161592,0.12052628,0.06331458
19508,0.6965365,0.0444266,0.25903696
19509,0.98092896,0.004461677,0.014609373
19510,0.9934598,0.002577833,0.0039623366
19511,0.732187,0.004478051,0.26333496
19512,0.7643062,0.07919664,0.15649715
19513,0.9781042,0.0008659677,0.021029785
19514,0.8980224,0.020871762,0.08110585
19515,0.13498604,0.019392118,0.8456219
19516,0.0023515155,0.0009532216,0.9966953
19517,0.8314288,0.110649094,0.057922084
19518,0.9745172,0.004939086,0.020543763
19519,0.98501253,0.006939489,0.008047952
19520,0.96067476,0.004704311,0.034620937
19521,0.95317304,0.024430461,0.02239649
19522,0.9823746,0.0022156495,0.015409695
19523,0.9537075,0.008016421,0.038276028
19524,0.9150013,0.06703829,0.017960504
19525,0.97904783,0.0006506259,0.020301592
19526,0.9728713,0.0017775436,0.025351135
19527,0.9198191,0.00034611562,0.0798347
19528,0.7624759,0.010037268,0.22748686
19529,0.9597941,0.02233827,0.017867586
19530,0.994773,0.0015183396,0.0037087176
19531,0.9715645,0.0019515005,0.026484024
19532,0.9185853,0.012446498,0.06896822
19533,0.7717362,0.0021817863,0.22608206
19534,0.6772206,0.03897164,0.28380778
19535,0.9158075,0.061559707,0.022632793
19536,0.7530176,0.00819675,0.23878565
19537,0.008922667,0.0066913757,0.9843859
19538,0.5790412,0.015777722,0.40518114
19539,0.15774989,0.031812053,0.81043804
19540,0.87397563,0.07441937,0.05160498
19541,0.044289682,0.06845839,0.88725185
19542,0.9304294,0.0027825583,0.06678809
19543,0.965102,0.0011331836,0.03376478
19544,0.96456313,0.014707929,0.020728968
19545,0.9668359,0.0011153186,0.03204871
19546,0.7873093,0.016011473,0.19667928
19547,0.9912174,0.0007776863,0.008004937
19548,0.9497958,0.0044142446,0.045789912
19549,0.21179855,0.026632551,0.76156896
19550,0.17521773,0.0558825,0.76889974
19551,0.031616237,0.0017114017,0.96667236
19552,0.6786416,0.014261034,0.30709735
19553,0.046674527,0.009627404,0.9436981
19554,0.34810254,0.025511635,0.62638587
19555,0.59748787,0.08761818,0.31489393
19556,0.09686933,0.03424194,0.86888874
19557,0.9544575,0.008678608,0.03686384
19558,0.85847235,0.024763232,0.11676441
19559,0.33807123,0.4081194,0.25380936
19560,0.9304655,0.0234691,0.04606539
19561,0.434504,0.0837936,0.4817024
19562,0.9783075,0.0023445545,0.019347955
19563,0.9266666,0.021820504,0.051512845
19564,0.91541165,0.013931191,0.07065714
19565,0.8165681,0.008653571,0.17477836
19566,0.9155225,0.0045001814,0.07997729
19567,0.9682104,0.023077747,0.008711812
19568,0.9616853,0.005041942,0.033272766
19569,0.09507053,0.0380076,0.86692184
19570,0.98593163,0.005063359,0.009004975
19571,0.96912247,0.0037920158,0.027085517
19572,0.6601406,0.027517047,0.3123424
19573,0.9434781,0.002923178,0.053598695
19574,0.85256934,0.0026642906,0.14476635
19575,0.9787457,0.0074852407,0.013769118
19576,0.01731649,0.008002736,0.97468084
19577,0.8548717,0.07614637,0.06898196
19578,0.9729647,0.0034886445,0.023546671
19579,0.9698352,0.0049233693,0.02524139
19580,0.26935598,0.07405756,0.65658647
19581,0.92946637,0.007132211,0.06340136
19582,0.46647215,0.048540503,0.4849873
19583,0.21401034,0.17530651,0.6106832
19584,0.9360868,0.0023257707,0.061587423
19585,0.9481443,0.009671896,0.042183854
19586,0.976459,0.0015837405,0.021957226
19587,0.7904251,0.041935045,0.16763982
19588,0.9171718,0.009813903,0.07301432
19589,0.9088652,0.03871816,0.0524166
19590,0.8437967,0.009503251,0.14670005
19591,0.98965657,0.0025218339,0.007821604
19592,0.9748045,0.002091593,0.023103962
19593,0.63372654,0.03923142,0.32704207
19594,0.9709702,0.0064671184,0.022562614
19595,0.9942567,0.0003351174,0.005408263
19596,0.9297693,0.001572427,0.0686583
19597,0.9265566,0.034901064,0.038542323
19598,0.89651257,0.057206277,0.046281207
19599,0.9246326,0.0040105167,0.07135685
19600,0.84896296,0.026965631,0.124071464
19601,0.97948897,0.0005060086,0.020004982
19602,0.9320444,0.003705304,0.064250335
19603,0.98654515,0.0011554523,0.012299462
19604,0.9765697,0.0037248014,0.019705461
19605,0.13202575,0.0035788987,0.8643954
19606,0.92568314,0.007551776,0.06676509
19607,0.8914191,0.0245886,0.083992295
19608,0.20512316,0.0013007461,0.7935761
19609,0.6687181,0.16547152,0.16581038
19610,0.0017912542,0.0009417549,0.997267
19611,0.9361033,0.030653305,0.033243343
19612,0.30115384,0.016899945,0.6819462
19613,0.18046664,0.017873516,0.8016599
19614,0.69167,0.012306784,0.29602316
19615,0.7824108,0.0218628,0.19572644
19616,0.78207046,0.016064553,0.20186503
19617,0.8845657,0.011667084,0.103767194
19618,0.9810847,0.0068081743,0.012107109
19619,0.981294,0.003595217,0.015110843
19620,0.5557765,0.0066392436,0.43758428
19621,0.50581145,0.016885314,0.47730324
19622,0.97182614,0.003497865,0.024676036
19623,0.9903914,0.0019919951,0.0076166103
19624,0.8625823,0.030606586,0.10681104
19625,0.8956421,0.007094652,0.09726322
19626,0.95951927,0.0014808759,0.0389998
19627,0.779274,0.013135791,0.20759024
19628,0.88933617,0.010913627,0.099750206
19629,0.9123689,0.0141465245,0.07348458
19630,0.8976083,0.053783994,0.048607692
19631,0.97755504,0.0009049303,0.021540063
19632,0.6014517,0.16552569,0.23302259
19633,0.1492585,0.09561094,0.7551306
19634,0.9418406,0.024469784,0.03368963
19635,0.14656483,0.041244954,0.8121902
19636,0.8217665,0.006794924,0.17143856
19637,0.96326715,0.0100228805,0.026709972
19638,0.9638684,0.0044560293,0.03167557
19639,0.92519337,0.0051249065,0.06968176
19640,0.94235504,0.035389103,0.022255896
19641,0.17493787,0.2274287,0.5976334
19642,0.99185514,0.0014308062,0.006714079
19643,0.8685601,0.05142729,0.08001266
19644,0.97891927,0.0012724185,0.019808281
19645,0.8816397,0.020801906,0.097558334
19646,0.9799197,0.0017062668,0.01837404
19647,0.933951,0.003383043,0.0626659
19648,0.35062227,0.11367208,0.5357057
19649,0.9067656,0.0129928235,0.08024162
19650,0.9713581,0.0016348588,0.027007012
19651,0.7441753,0.14018041,0.11564432
19652,0.93400186,0.00034352602,0.06565458
19653,0.039537944,0.0029659495,0.9574961
19654,0.17562833,0.028240392,0.79613125
19655,0.8972849,0.0058016274,0.09691351
19656,0.85235757,0.07985165,0.06779076
19657,0.5760252,0.06477666,0.35919812
19658,0.90961957,0.018085506,0.07229489
19659,0.9475769,0.032067746,0.020355448
19660,0.351072,0.076906316,0.5720217
19661,0.9780815,0.0014339901,0.020484552
19662,0.89837027,0.060444638,0.041185055
19663,0.004127158,0.0010673981,0.9948054
19664,0.17584704,0.11796362,0.7061893
19665,0.95793915,0.020498294,0.021562554
19666,0.8372011,0.003974337,0.1588245
19667,0.5274905,0.2960193,0.17649022
19668,0.96312624,0.0036677162,0.033206064
19669,0.8641256,0.011449523,0.124424934
19670,0.691095,0.018803341,0.29010165
19671,0.8692513,0.030162109,0.10058654
19672,0.07132287,0.012949167,0.91572803
19673,0.97611064,0.0032157782,0.020673554
19674,0.972251,0.0035537998,0.024195129
19675,0.976582,0.007142898,0.016275046
19676,0.63254786,0.010328521,0.35712364
19677,0.95725495,0.00878496,0.03396006
19678,0.8481135,0.011500018,0.14038655
19679,0.96932006,0.0031535695,0.02752636
19680,0.96242225,0.003422794,0.034154955
19681,0.38793686,0.01727221,0.59479094
19682,0.9654456,0.0029953578,0.031559072
19683,0.21248834,0.007355774,0.78015584
19684,0.7001485,0.20563683,0.094214685
19685,0.025159039,0.0011331119,0.97370785
19686,0.9674951,0.007988569,0.02451633
19687,0.6677836,0.055907536,0.27630892
19688,0.5066729,0.03370417,0.4596229
19689,0.752992,0.00558939,0.2414186
19690,0.9580393,0.0055860644,0.03637472
19691,0.71077204,0.047809236,0.24141872
19692,0.8820187,0.011735298,0.106246
19693,0.9877763,0.0012592296,0.01096452
19694,0.47049993,0.11574854,0.4137515
19695,0.79353076,0.042179663,0.16428962
19696,0.4657005,0.038072377,0.49622712
19697,0.5125002,0.13435553,0.35314426
19698,0.9697751,0.004399249,0.025825595
19699,0.9125793,0.007091903,0.08032875
19700,0.6825995,0.006486086,0.31091443
19701,0.9628641,0.00645255,0.030683378
19702,0.31984103,0.0030827813,0.67707616
19703,0.99672544,0.000993322,0.0022811505
19704,0.9771639,0.009406447,0.013429675
19705,0.9833356,0.0022617804,0.0144026615
19706,0.062102042,0.0028965378,0.9350014
19707,0.9587732,0.0016010656,0.039625697
19708,0.98007774,0.0029277843,0.016994504
19709,0.9882135,0.0014991782,0.010287403
19710,0.95742613,0.027105782,0.015468116
19711,0.9696702,0.0029742378,0.027355537
19712,0.7576272,0.012131187,0.23024164
19713,0.96457016,0.0025483235,0.032881495
19714,0.95812196,0.0016705361,0.040207528
19715,0.003423997,0.00082473364,0.99575126
19716,0.06578432,0.005890965,0.92832476
19717,0.8646242,0.014958034,0.12041781
19718,0.08579758,0.086040005,0.82816243
19719,0.9474398,0.0037604407,0.048799757
19720,0.9557775,0.018141173,0.026081268
19721,0.77704984,0.033616222,0.18933395
19722,0.9544797,0.019476444,0.026043896
19723,0.9880112,0.0038873928,0.008101389
19724,0.8029161,0.02562428,0.17145967
19725,0.98251754,0.0065158433,0.010966646
19726,0.7335714,0.0478803,0.21854824
19727,0.73999137,0.055107526,0.20490107
19728,0.9439207,0.0141516,0.04192776
19729,0.30100235,0.10342535,0.59557235
19730,0.9751025,0.00916352,0.01573391
19731,0.77702945,0.0069732387,0.21599728
19732,0.92050815,0.006747837,0.07274406
19733,0.93622136,0.013971738,0.04980689
19734,0.9569339,0.0009256589,0.042140473
19735,0.91554165,0.004129291,0.08032911
19736,0.8915641,0.034617167,0.07381877
19737,0.9799785,0.0019690846,0.01805243
19738,0.0019396466,0.012659591,0.98540074
19739,0.8822623,0.009789755,0.107947916
19740,0.99137443,0.00031366223,0.008311873
19741,0.33491123,0.021667412,0.64342135
19742,0.04705237,0.0016654469,0.9512822
19743,0.9631854,0.019943632,0.016870938
19744,0.0017729432,0.00032565766,0.99790144
19745,0.83734804,0.01356181,0.14909013
19746,0.11290228,0.02991515,0.85718256
19747,0.8676003,0.00900527,0.123394385
19748,0.77119696,0.022077385,0.2067256
19749,0.97362715,0.0056201005,0.020752693
19750,0.74295634,0.051855754,0.20518789
19751,0.8905876,0.0052030813,0.104209274
19752,0.82488066,0.058711004,0.11640838
19753,0.28305677,0.23649529,0.48044792
19754,0.09931562,0.007149285,0.8935351
19755,0.9778856,0.0022354817,0.019878881
19756,0.8672153,0.023590919,0.109193765
19757,0.97213733,0.002133314,0.025729304
19758,0.9730153,0.008142327,0.018842377
19759,0.015755529,0.0057449965,0.97849953
19760,0.013279199,0.003843537,0.9828773
19761,0.66868174,0.012910627,0.31840762
19762,0.01965868,0.010500088,0.96984124
19763,0.93283236,0.029059913,0.038107716
19764,0.13300994,0.011651763,0.8553383
19765,0.9250265,0.0145667875,0.060406774
19766,0.7613413,0.031174796,0.20748396
19767,0.1162735,0.0438867,0.8398398
19768,0.3871226,0.0072513325,0.60562605
19769,0.9528139,0.010435796,0.03675025
19770,0.8504004,0.11236866,0.037230972
19771,0.9596139,0.0047906367,0.035595424
19772,0.8797164,0.005701859,0.11458176
19773,0.28126913,0.089390986,0.6293399
19774,0.7630556,0.01574387,0.22120045
19775,0.12861559,0.03666896,0.8347154
19776,0.9088101,0.002667759,0.088522166
19777,0.74873644,0.018456776,0.23280677
19778,0.014318549,0.0007927304,0.9848887
19779,0.78061396,0.13907646,0.080309615
19780,0.844792,0.041986026,0.11322198
19781,0.8168325,0.0073775765,0.17578998
19782,0.93025315,0.002719311,0.06702758
19783,0.9528674,0.0047766403,0.04235601
19784,0.97745687,0.00058001303,0.021963159
19785,0.8323109,0.0040416624,0.16364743
19786,0.9915686,0.00034248317,0.008088885
19787,0.79400194,0.010814718,0.19518337
19788,0.9904737,0.00054706476,0.008979188
19789,0.95541275,0.0037642121,0.040823027
19790,0.96126777,0.0039391736,0.034793034
19791,0.022342838,0.0046373517,0.9730198
19792,0.949232,0.012931894,0.03783613
19793,0.92237425,0.033145245,0.044480477
19794,0.9326472,0.001063924,0.06628884
19795,0.98411024,0.0040302305,0.011859461
19796,0.95461375,0.0016778351,0.043708473
19797,0.9375212,0.009167762,0.053311065
19798,0.9716603,0.002477489,0.025862195
19799,0.21178783,0.026291525,0.76192063
19800,0.8978448,0.004035642,0.09811959
19801,0.9256782,0.01668408,0.057637714
19802,0.85548973,0.009721872,0.13478841
19803,0.029251903,0.008271051,0.962477
19804,0.8940535,0.015022996,0.090923466
19805,0.9377325,0.014246425,0.048021115
19806,0.9501191,0.002138562,0.047742397
19807,0.99015105,0.0030927793,0.0067562433
19808,0.46836346,0.0823269,0.44930968
19809,0.97230095,0.0012834542,0.026415564
19810,0.94502705,0.0012587958,0.05371418
19811,0.46527842,0.14614521,0.38857633
19812,0.93827516,0.008444464,0.053280376
19813,0.9313284,0.012144796,0.056526776
19814,0.023896623,0.022550352,0.953553
19815,0.98634493,0.0015014712,0.012153597
19816,0.8587069,0.032473408,0.10881972
19817,0.040030867,0.047509495,0.9124596
19818,0.97647786,0.010022813,0.013499305
19819,0.6058807,0.005113498,0.38900584
19820,0.9729331,0.0011096795,0.025957244
19821,0.8105552,0.057152733,0.13229199
19822,0.9720882,0.0011666543,0.02674511
19823,0.5785054,0.01784581,0.40364876
19824,0.90755755,0.0045669205,0.087875515
19825,0.50962454,0.07660491,0.41377056
19826,0.9623049,0.004721488,0.03297359
19827,0.22223836,0.6357272,0.14203446
19828,0.124106005,0.07195321,0.80394083
19829,0.7809799,0.16175488,0.057265274
19830,0.007359515,0.002450665,0.99018985
19831,0.0021677315,0.00027868166,0.99755365
19832,0.979199,0.0012613318,0.019539654
19833,0.96420884,0.003919554,0.031871643
19834,0.9319929,0.025694562,0.042312518
19835,0.92956674,0.023684125,0.04674916
19836,0.0038515937,0.0008615452,0.9952868
19837,0.96774924,0.0025986882,0.02965206
19838,0.9306438,0.007251563,0.062104687
19839,0.14064568,0.056613248,0.80274105
19840,0.921303,0.027243247,0.051453847
19841,0.9100664,0.0065309885,0.08340263
19842,0.14982277,0.044790488,0.8053868
19843,0.84398896,0.08029503,0.07571603
19844,0.10255341,0.0061190035,0.89132756
19845,0.8726737,0.0024762682,0.124850065
19846,0.9759412,0.0008586656,0.023200147
19847,0.99518174,0.0003771724,0.004441042
19848,0.9052559,0.06705741,0.027686717
19849,0.82836926,0.0811505,0.090480275
19850,0.93492174,0.015737668,0.049340535
19851,0.9413963,0.0014048228,0.05719896
19852,0.5879156,0.011694317,0.4003901
19853,0.8381658,0.0016007035,0.16023345
19854,0.96914667,0.006064192,0.024789078
19855,0.971838,0.001241691,0.026920363
19856,0.5474038,0.07928537,0.3733108
19857,0.56921196,0.010289463,0.42049852
19858,0.92402136,0.010718222,0.06526038
19859,0.7809094,0.01026985,0.20882075
19860,0.54171664,0.03926054,0.41902277
19861,0.990719,0.0007305344,0.008550461
19862,0.031374693,0.05225802,0.91636735
19863,0.79822963,0.016683586,0.1850868
19864,0.9328246,0.046406653,0.020768763
19865,0.930057,0.029736172,0.04020688
19866,0.099406146,0.0154360635,0.8851578
19867,0.9886081,0.0019098627,0.009481961
19868,0.031455256,0.13164017,0.8369045
19869,0.94844157,0.00034293238,0.051215515
19870,0.51740354,0.04485318,0.43774328
19871,0.94498754,0.0070042643,0.04800815
19872,0.98341227,0.0011753,0.0154124275
19873,0.9334423,0.022117278,0.044440378
19874,0.9683137,0.012532911,0.019153435
19875,0.5748835,0.06036438,0.36475214
19876,0.951178,0.013058774,0.0357632
19877,0.5412948,0.005786514,0.4529187
19878,0.825669,0.014943456,0.15938754
19879,0.6012317,0.045112118,0.3536562
19880,0.062489856,0.024984322,0.91252583
19881,0.8012124,0.0156022385,0.18318534
19882,0.93733287,0.010937983,0.051729124
19883,0.9520503,0.0034778137,0.044471875
19884,0.9508976,0.010212236,0.038890205
19885,0.080785036,0.018666755,0.90054816
19886,0.8863601,0.003743178,0.10989666
19887,0.8878148,0.0022006414,0.1099845
19888,0.011418354,0.061535012,0.92704666
19889,0.7817513,0.009845537,0.20840314
19890,0.01718654,0.0008301389,0.9819833
19891,0.9441049,0.007911077,0.04798401
19892,0.9349328,0.0042891786,0.060778014
19893,0.8278242,0.003879101,0.16829677
19894,0.9607298,0.007519048,0.03175117
19895,0.5207758,0.08158054,0.3976437
19896,0.9835866,0.0011709238,0.015242421
19897,0.9604122,0.025401823,0.014185933
19898,0.98425007,0.0013057804,0.014444075
19899,0.95583177,0.007346642,0.036821596
19900,0.20117712,0.0058919187,0.7929309
19901,0.98006666,0.0004240282,0.019509288
19902,0.8705725,0.0030167922,0.12641065
19903,0.7965174,0.0019477025,0.20153491
19904,0.93636245,0.03989825,0.023739317
19905,0.96729016,0.022383656,0.010326251
19906,0.9022197,0.003969867,0.09381041
19907,0.27304447,0.034378916,0.69257665
19908,0.98522085,0.007422004,0.007357064
19909,0.9269801,0.0113518145,0.061668087
19910,0.7397126,0.01091622,0.24937116
19911,0.7976806,0.012412067,0.18990733
19912,0.3134718,0.021585831,0.6649424
19913,0.40894786,0.013753812,0.57729834
19914,0.01771075,0.016791938,0.9654974
19915,0.96196896,0.019393103,0.018637978
19916,0.9710004,0.0033693705,0.025630236
19917,0.908728,0.008564141,0.08270786
19918,0.9681874,0.0034262508,0.028386325
19919,0.006728735,0.00461771,0.9886536
19920,0.9569419,0.007358991,0.035699103
19921,0.6688558,0.055702474,0.27544174
19922,0.9431607,0.02024286,0.036596388
19923,0.98703057,0.0067330115,0.006236369
19924,0.91796356,0.006676887,0.07535955
19925,0.98921776,0.0013989293,0.009383279
19926,0.53649384,0.07474345,0.3887627
19927,0.8669772,0.08584196,0.04718081
19928,0.34321958,0.34379753,0.31298292
19929,0.9771911,0.0016151392,0.021193728
19930,0.98103917,0.0007895499,0.018171221
19931,0.87538785,0.010382944,0.114229195
19932,0.96479964,0.0063547497,0.028845591
19933,0.51565576,0.010399251,0.473945
19934,0.5953254,0.018072324,0.38660228
19935,0.94585335,0.004576784,0.04956984
19936,0.7148271,0.018228874,0.266944
19937,0.9565798,0.010321287,0.033098876
19938,0.84781635,0.0064937356,0.14568989
19939,0.96013176,0.0034016534,0.03646653
19940,0.42666197,0.5041226,0.06921545
19941,0.55240756,0.007629286,0.43996316
19942,0.8743168,0.0064559807,0.11922721
19943,0.8981361,0.008236895,0.093627
19944,0.82861465,0.0760497,0.0953357
19945,0.9693201,0.020035962,0.010643924
19946,0.93461263,0.0061614495,0.05922589
19947,0.98868996,0.0013711652,0.009938842
19948,0.04818773,0.020704748,0.93110746
19949,0.97355145,0.0024638614,0.023984723
19950,0.5927179,0.19801731,0.20926481
19951,0.04815305,0.004113901,0.94773304
19952,0.9593616,0.009248201,0.03139019
19953,0.98921305,0.0027575677,0.00802934
19954,0.9314501,0.040919013,0.027630866
19955,0.8938442,0.008167729,0.097988024
19956,0.92561764,0.033481907,0.0409005
19957,0.9476,0.00071424263,0.051685765
19958,0.7632999,0.06693728,0.16976283
19959,0.11856645,0.1384881,0.7429455
19960,0.17416804,0.004231566,0.8216004
19961,0.9081097,0.0035779972,0.08831234
19962,0.5561655,0.09599193,0.34784257
19963,0.8946714,0.009608927,0.0957197
19964,0.6739699,0.019317307,0.30671278
19965,0.7082943,0.011934384,0.27977136
19966,0.8277677,0.012239909,0.15999237
19967,0.0670779,0.0436717,0.88925046
19968,0.0954891,0.09755005,0.8069608
19969,0.9869272,0.0049502514,0.008122559
19970,0.8435757,0.006919959,0.14950435
19971,0.82407546,0.10497254,0.07095196
19972,0.83736813,0.005873368,0.15675852
19973,0.05769284,0.013109856,0.92919725
19974,0.9758809,0.0033808947,0.02073819
19975,0.8329374,0.008553181,0.1585094
19976,0.94466436,0.009288885,0.046046726
19977,0.025609637,0.0015230596,0.97286737
19978,0.95223796,0.016880285,0.030881783
19979,0.40193313,0.0025902106,0.5954766
19980,0.94911957,0.031072304,0.019808117
19981,0.05686898,0.0019927705,0.94113827
19982,0.9646145,0.0009738099,0.034411695
19983,0.94841444,0.005874653,0.045710925
19984,0.92502475,0.024985483,0.049989827
19985,0.91531295,0.0092229,0.07546419
19986,0.86514586,0.019983454,0.1148707
19987,0.9667646,0.005514879,0.027720453
19988,0.9927724,0.0006229385,0.0066047274
19989,0.095806144,0.0035955592,0.9005982
19990,0.012550586,0.06619401,0.9212554
19991,0.9779157,0.004084521,0.017999707
19992,0.9475793,0.034816187,0.017604528
19993,0.97164,0.0044583958,0.023901587
19994,0.19983195,0.000743162,0.79942495
19995,0.9399191,0.0019544053,0.058126446
19996,0.31625092,0.026272083,0.657477
19997,0.9532976,0.0028562783,0.04384607
19998,0.44342783,0.28835773,0.2682145
19999,0.97683734,0.017870253,0.005292434
20000,0.93460053,0.00080806407,0.06459136
20001,0.4267821,0.012470498,0.5607474
20002,0.24776241,0.019330377,0.73290724
20003,0.2838494,0.0025458944,0.7136047
20004,0.963871,0.0051174643,0.031011473
20005,0.7954369,0.014620686,0.18994239
20006,0.6665337,0.002417107,0.33104914
20007,0.054221835,0.009484646,0.9362935
20008,0.0045784074,0.0020745718,0.99334705
20009,0.97751766,0.0074265683,0.015055722
20010,0.8870174,0.0071632857,0.105819315
20011,0.9535586,0.032043085,0.014398223
20012,0.5330694,0.008275349,0.45865533
20013,0.9777801,0.0017072352,0.020512713
20014,0.92999387,0.013675579,0.056330577
20015,0.021859111,0.003774777,0.97436607
20016,0.35294518,0.032764032,0.61429083
20017,0.9565404,0.008780706,0.034678835
20018,0.87407655,0.046897937,0.079025544
20019,0.9377719,0.004998927,0.057229172
20020,0.892036,0.016296756,0.091667145
20021,0.8895596,0.026765509,0.08367481
20022,0.09711127,0.12993048,0.7729582
20023,0.087567024,0.0077155475,0.90471745
20024,0.7665894,0.0050542215,0.22835636
20025,0.9032089,0.0010908091,0.09570031
20026,0.9795858,0.0021065178,0.01830764
20027,0.96648127,0.005072702,0.028446028
20028,0.88937694,0.006071181,0.104551844
20029,0.010474397,0.003177568,0.98634803
20030,0.9836446,0.004405521,0.011949863
20031,0.6699219,0.03289162,0.29718655
20032,0.9755189,0.006517115,0.01796399
20033,0.9286958,0.0051565873,0.06614767
20034,0.13030441,0.07355345,0.7961421
20035,0.066279665,0.014232546,0.9194877
20036,0.72999156,0.09250178,0.17750667
20037,0.6576552,0.20633665,0.13600819
20038,0.8605953,0.0075931693,0.13181147
20039,0.9395637,0.013860448,0.046575848
20040,0.9054493,0.0019701822,0.092580594
20041,0.16666517,0.06733108,0.7660037
20042,0.98105365,0.0022411877,0.016705202
20043,0.9450396,0.016269874,0.0386905
20044,0.9752363,0.003739969,0.021023758
20045,0.8848923,0.00878091,0.10632681
20046,0.9722979,0.004065546,0.02363653
20047,0.94917756,0.035765864,0.015056638
20048,0.96225244,0.010642284,0.02710531
20049,0.6712166,0.017022876,0.31176054
20050,0.9925793,0.00063777436,0.006782941
20051,0.20585708,0.41557372,0.37856922
20052,0.9657728,0.0037130686,0.030514076
20053,0.9517086,0.0057223886,0.04256903
20054,0.94487256,0.012150605,0.042976826
20055,0.9013549,0.0055600703,0.09308507
20056,0.763213,0.024165493,0.21262158
20057,0.14761516,0.03370622,0.81867856
20058,0.83416545,0.02694309,0.1388915
20059,0.8901725,0.0024884043,0.1073391
20060,0.6720535,0.0039049492,0.32404152
20061,0.9798364,0.0051522753,0.015011246
20062,0.94139904,0.005418573,0.053182427
20063,0.01804676,0.00409857,0.9778546
20064,0.9242206,0.0043723923,0.071407
20065,0.99155116,0.0013800624,0.007068821
20066,0.9408135,0.0021963846,0.056990165
20067,0.5244299,0.0067367675,0.46883333
20068,0.90811837,0.004165519,0.087716095
20069,0.9865155,0.00033177034,0.0131527055
20070,0.42527735,0.031783268,0.54293936
20071,0.9796117,0.0034697223,0.016918618
20072,0.9625455,0.0017592291,0.035695333
20073,0.9797902,0.010319892,0.009889958
20074,0.22940189,0.008238102,0.76236004
20075,0.43666375,0.007964959,0.5553713
20076,0.49505055,0.047341745,0.4576077
20077,0.940741,0.006360505,0.052898467
20078,0.95590615,0.008833219,0.035260674
20079,0.20410223,0.17348458,0.6224132
20080,0.90206146,0.035457592,0.06248092
20081,0.98484796,0.0018018596,0.013350176
20082,0.19442713,0.06307752,0.74249536
20083,0.7998972,0.0057069655,0.19439586
20084,0.8769124,0.00785802,0.11522962
20085,0.0061593507,0.0007813906,0.9930593
20086,0.9310424,0.027662415,0.041295215
20087,0.8754885,0.024731193,0.09978032
20088,0.8222637,0.07984398,0.09789225
20089,0.8102135,0.007975062,0.18181145
20090,0.9781279,0.0006543147,0.021217722
20091,0.9758419,0.004531305,0.019626858
20092,0.95967025,0.014866285,0.025463527
20093,0.14448243,0.111555375,0.74396217
20094,0.96654284,0.00033813878,0.03311901
20095,0.81321067,0.0023579067,0.18443146
20096,0.66621524,0.061289866,0.2724949
20097,0.75760984,0.18692948,0.055460624
20098,0.9694188,0.0007329321,0.029848287
20099,0.94881153,0.02870524,0.022483246
20100,0.37339652,0.017231088,0.6093724
20101,0.9434765,0.014449464,0.04207406
20102,0.7764032,0.07722396,0.14637288
20103,0.6959111,0.005748249,0.29834068
20104,0.15929134,0.013876739,0.82683194
20105,0.9311367,0.0035825497,0.06528076
20106,0.017446555,0.0010742141,0.9814792
20107,0.78727025,0.0052077137,0.20752205
20108,0.9600683,0.0067722746,0.033159405
20109,0.4258827,0.17217934,0.40193802
20110,0.9862824,0.0034825723,0.010235009
20111,0.9448422,0.00037316774,0.054784536
20112,0.90911156,0.0017043492,0.08918407
20113,0.30933753,0.03431965,0.6563428
20114,0.57975036,0.0056145713,0.4146351
20115,0.95557064,0.0069849123,0.037444476
20116,0.15227419,0.009472018,0.83825374
20117,0.9193694,0.045546215,0.035084393
20118,0.9833952,0.001682792,0.01492196
20119,0.9262098,0.006328939,0.06746124
20120,0.9689568,0.00659147,0.024451733
20121,0.38826638,0.03187375,0.5798599
20122,0.8140231,0.010839557,0.17513733
20123,0.9728485,0.0026081107,0.024543375
20124,0.9794917,0.012190761,0.008317549
20125,0.76709056,0.0075990832,0.22531031
20126,0.97972083,0.012214755,0.008064414
20127,0.8896347,0.0008691228,0.109496154
20128,0.6006599,0.019411566,0.37992853
20129,0.8251023,0.11443014,0.060467567
20130,0.053414132,0.022341926,0.9242439
20131,0.83058953,0.017016256,0.15239424
20132,0.96931565,0.0031224517,0.027561883
20133,0.4910366,0.15309276,0.3558707
20134,0.93817824,0.0432306,0.018591197
20135,0.9360209,0.015834082,0.048145074
20136,0.12660371,0.03428557,0.8391107
20137,0.9567854,0.0043358775,0.038878806
20138,0.82973564,0.016011108,0.15425327
20139,0.61231077,0.0349104,0.35277885
20140,0.96680105,0.0049983547,0.028200584
20141,0.9424824,0.0037840041,0.053733557
20142,0.8716945,0.015657129,0.1126484
20143,0.96445835,0.018248009,0.017293649
20144,0.5798183,0.0077162636,0.41246542
20145,0.0074715237,0.0028785078,0.98965
20146,0.022485482,0.016833926,0.96068054
20147,0.7453718,0.014431261,0.24019691
20148,0.9880994,0.002270712,0.009629882
20149,0.9672017,0.0036479465,0.02915031
20150,0.9142224,0.044804975,0.04097255
20151,0.98327696,0.0028983746,0.013824735
20152,0.004557051,0.007725167,0.98771775
20153,0.97901136,0.0058905603,0.015098117
20154,0.94705844,0.0010097034,0.05193186
20155,0.9593333,0.00462297,0.036043707
20156,0.926521,0.008692108,0.0647869
20157,0.9859132,0.0015272677,0.01255947
20158,0.9717727,0.0010858481,0.027141532
20159,0.8560483,0.010442302,0.13350941
20160,0.93480724,0.0057815555,0.059411157
20161,0.02164543,0.006592556,0.971762
20162,0.9438689,0.0023816165,0.053749476
20163,0.9425514,0.002820077,0.054628555
20164,0.94422275,0.0072532445,0.04852402
20165,0.027866617,0.0039301706,0.9682031
20166,0.9785271,0.0014436889,0.02002917
20167,0.87950206,0.013743413,0.10675449
20168,0.95729744,0.009283366,0.033419207
20169,0.98484415,0.0012247865,0.013931076
20170,0.92915756,0.0077938605,0.06304856
20171,0.78634703,0.008892507,0.20476046
20172,0.01957363,0.009834926,0.9705914
20173,0.98502153,0.009178705,0.0057997396
20174,0.9710094,0.0002442621,0.028746428
20175,0.39009908,0.06313744,0.5467635
20176,0.91268635,0.0016232885,0.08569035
20177,0.14858316,0.062791884,0.788625
20178,0.29447222,0.015877038,0.6896507
20179,0.96710604,0.014174485,0.01871945
20180,0.9229845,0.0032759279,0.073739596
20181,0.2474541,0.006746748,0.7457992
20182,0.955532,0.0024259856,0.042041965
20183,0.82379574,0.0062066936,0.16999759
20184,0.017718732,0.0008570136,0.9814243
20185,0.98510253,0.003040847,0.011856682
20186,0.9764649,0.0008807128,0.022654397
20187,0.96963227,0.00090071576,0.029466994
20188,0.9626553,0.008172886,0.029171864
20189,0.75415677,0.0070908787,0.23875237
20190,0.6535987,0.0034507227,0.34295058
20191,0.96441776,0.0028079527,0.03277426
20192,0.9350561,0.008832226,0.056111645
20193,0.25257495,0.03247264,0.7149524
20194,0.9441967,0.010820283,0.04498303
20195,0.49355602,0.002767729,0.5036763
20196,0.9581927,0.0148819,0.026925458
20197,0.9728564,0.0017685412,0.02537505
20198,0.9088706,0.047066133,0.04406335
20199,0.046374716,0.053957693,0.8996676
20200,0.71293133,0.009336604,0.27773207
20201,0.9862715,0.0017932532,0.011935285
20202,0.96011275,0.0060305567,0.033856664
20203,0.021536773,0.06578275,0.9126805
20204,0.9571013,0.015904907,0.026993778
20205,0.9288083,0.010634153,0.060557574
20206,0.9350075,0.0016353673,0.06335706
20207,0.8575342,0.002363811,0.14010203
20208,0.9452445,0.007862008,0.046893496
20209,0.98216885,0.0020326462,0.015798481
20210,0.9933889,0.00040319207,0.0062079104
20211,0.91716623,0.046687234,0.036146518
20212,0.56319994,0.042235762,0.3945643
20213,0.9550991,0.018130038,0.026770793
20214,0.6811794,0.09081625,0.2280043
20215,0.12476033,0.002397276,0.8728424
20216,0.9778847,0.0026736148,0.019441634
20217,0.7489742,0.03282972,0.21819603
20218,0.4713369,0.27013433,0.25852877
20219,0.9539562,0.0010646428,0.0449792
20220,0.31896785,0.2108889,0.4701432
20221,0.004014771,0.0005357798,0.9954495
20222,0.26585385,0.0070710992,0.72707504
20223,0.8690578,0.029216023,0.101726174
20224,0.7780209,0.021733413,0.20024568
20225,0.11645215,0.049808674,0.83373916
20226,0.97741926,0.0016240791,0.020956665
20227,0.13358356,0.069341354,0.7970751
20228,0.9016206,0.036714103,0.06166527
20229,0.7365383,0.011239696,0.252222
20230,0.94863546,0.0013480352,0.05001654
20231,0.9392253,0.0010732028,0.05970154
20232,0.8298691,0.14205028,0.0280806
20233,0.97325486,0.017486088,0.009259041
20234,0.7292692,0.15313831,0.117592506
20235,0.9893281,0.0021333862,0.008538535
20236,0.9616946,0.009810799,0.028494624
20237,0.88773626,0.0027004208,0.10956331
20238,0.55724233,0.0013649905,0.4413927
20239,0.96110004,0.013502908,0.025397
20240,0.13789235,0.016710669,0.845397
20241,0.038156282,0.00878098,0.9530628
20242,0.09354557,0.019942332,0.88651204
20243,0.542117,0.05183094,0.40605208
20244,0.91355956,0.0077899806,0.07865046
20245,0.95081884,0.0168041,0.03237699
20246,0.9393867,0.035863448,0.02474979
20247,0.91044647,0.04553841,0.044015083
20248,0.8598505,0.04313715,0.09701228
20249,0.98562026,0.0009878706,0.013391911
20250,0.97152543,0.003035044,0.025439579
20251,0.06701592,0.0064195055,0.9265646
20252,0.98136216,0.0006659993,0.01797184
20253,0.8165621,0.14149308,0.04194481
20254,0.96283716,0.00046267553,0.03670016
20255,0.17989731,0.010014044,0.81008863
20256,0.92833275,0.017814748,0.053852484
20257,0.9569729,0.0030788125,0.03994828
20258,0.7835733,0.003111176,0.21331547
20259,0.98722106,0.005772846,0.0070061157
20260,0.1209376,0.1556429,0.7234195
20261,0.6603722,0.023963131,0.31566462
20262,0.57894766,0.008244647,0.41280767
20263,0.89597803,0.0048080883,0.099213876
20264,0.15444435,0.033493273,0.8120623
20265,0.9680757,0.0066873096,0.025237048
20266,0.9451996,0.027852777,0.026947571
20267,0.3720494,0.30902797,0.31892267
20268,0.94639355,0.0015901454,0.052016325
20269,0.12065114,0.28925323,0.59009564
20270,0.97323114,0.0064655533,0.020303331
20271,0.32438853,0.43090117,0.24471031
20272,0.95568734,0.0025907885,0.04172185
20273,0.15904336,0.010445011,0.83051157
20274,0.8404704,0.001644837,0.1578848
20275,0.64700407,0.03344067,0.31955525
20276,0.9796332,0.0016789471,0.018687798
20277,0.8191145,0.025477735,0.15540777
20278,0.60161626,0.24616309,0.15222064
20279,0.9619448,0.004648694,0.033406515
20280,0.61410224,0.023480373,0.36241734
20281,0.11006155,0.64015216,0.24978624
20282,0.8975007,0.07129163,0.031207696
20283,0.8795597,0.009420706,0.11101959
20284,0.79419285,0.021495996,0.18431117
20285,0.8714099,0.0038237285,0.12476636
20286,0.8609801,0.027166989,0.111852944
20287,0.17975841,0.005135454,0.81510615
20288,0.061949812,0.080803916,0.8572462
20289,0.5471519,0.029149363,0.42369872
20290,0.89882433,0.0094395215,0.09173609
20291,0.92262226,0.0057392945,0.07163848
20292,0.89939696,0.01992521,0.080677874
20293,0.9722272,0.0049402425,0.022832487
20294,0.9772419,0.002181713,0.020576475
20295,0.7954406,0.05340711,0.15115228
20296,0.011570104,0.009997485,0.9784324
20297,0.9478082,0.0018238014,0.050368
20298,0.9590328,0.0057025794,0.03526465
20299,0.8822234,0.026657874,0.09111877
20300,0.92610633,0.011440221,0.062453493
20301,0.9874356,0.0030895877,0.009474762
20302,0.914013,0.002528695,0.08345821
20303,0.82119715,0.08668872,0.09211411
20304,0.8133759,0.12460397,0.06202015
20305,0.7390126,0.0050504194,0.255937
20306,0.9357893,0.0007618705,0.06344887
20307,0.88681984,0.009334616,0.103845514
20308,0.8739492,0.013155157,0.112895615
20309,0.9624957,0.0021975036,0.035306856
20310,0.9468972,0.026783425,0.02631936
20311,0.9492335,0.0018485577,0.048917904
20312,0.945397,0.007948561,0.04665437
20313,0.9793692,0.006233281,0.014397483
20314,0.82125634,0.011463885,0.16727981
20315,0.63572925,0.020468105,0.34380266
20316,0.98351246,0.005821428,0.01066606
20317,0.9506953,0.0045920867,0.04471269
20318,0.93643343,0.044351783,0.019214803
20319,0.933493,0.0046848613,0.06182216
20320,0.18657933,0.028346878,0.7850738
20321,0.09488159,0.0034660546,0.90165234
20322,0.8835203,0.007946898,0.1085328
20323,0.9803477,0.0015808494,0.01807144
20324,0.9760079,0.0008917299,0.023100413
20325,0.74957925,0.0026179468,0.24780281
20326,0.96236706,0.00605427,0.031578746
20327,0.94734174,0.0021193398,0.050538912
20328,0.9015496,0.011676646,0.08677376
20329,0.024572942,0.018929243,0.9564978
20330,0.9701399,0.014277803,0.015582307
20331,0.043538462,0.009592255,0.94686925
20332,0.9495886,0.006059712,0.04435168
20333,0.9045049,0.007195946,0.08829916
20334,0.4885035,0.022683097,0.48881346
20335,0.8531163,0.0072366726,0.13964702
20336,0.9357134,0.00092231185,0.063364334
20337,0.9287062,0.008929287,0.062364437
20338,0.93045807,0.0077339136,0.061808016
20339,0.9748389,0.0039055164,0.021255594
20340,0.95812166,0.003275079,0.03860326
20341,0.93790823,0.0039632204,0.058128566
20342,0.90790224,0.0047999015,0.08729791
20343,0.9610734,0.007011622,0.03191499
20344,0.9861499,0.003994114,0.009856016
20345,0.9434371,0.0069901487,0.049572766
20346,0.84812224,0.012974078,0.1389037
20347,0.9286286,0.0024759471,0.068895385
20348,0.88498,0.013438513,0.101581454
20349,0.8495758,0.012418348,0.13800578
20350,0.7596273,0.004509297,0.23586345
20351,0.9571061,0.00078856724,0.042105377
20352,0.96600705,0.0056309137,0.028362012
20353,0.94202274,0.010169568,0.047807727
20354,0.33514938,0.048948243,0.6159024
20355,0.028232606,0.0006087213,0.9711586
20356,0.9280549,0.0027170617,0.069227986
20357,0.9534595,0.0040663206,0.042474233
20358,0.6976551,0.0094279535,0.29291695
20359,0.84210414,0.012167347,0.14572848
20360,0.931552,0.015134409,0.053313572
20361,0.9244461,0.003887454,0.0716664
20362,0.99033874,0.00064386724,0.009017386
20363,0.984746,0.0056862645,0.009567788
20364,0.6123382,0.010898076,0.37676376
20365,0.9634365,0.0066130124,0.029950442
20366,0.97109824,0.004795201,0.024106579
20367,0.97400993,0.004777856,0.021212207
20368,0.33835283,0.14793763,0.51370955
20369,0.8115007,0.16437827,0.024121026
20370,0.67872256,0.14412296,0.17715451
20371,0.96124715,0.0034880198,0.035264757
20372,0.015222409,0.00530824,0.9794693
20373,0.95860976,0.023209155,0.018181147
20374,0.2062027,0.0022267138,0.7915706
20375,0.85613364,0.012137381,0.13172899
20376,0.96824765,0.0019403107,0.029812105
20377,0.36904752,0.27989835,0.35105413
20378,0.9788023,0.0025561822,0.018641513
20379,0.95144284,0.00066424225,0.047892895
20380,0.9631569,0.02413287,0.012710209
20381,0.73972166,0.011828538,0.24844983
20382,0.4645057,0.00441414,0.5310802
20383,0.926721,0.008617386,0.06466159
20384,0.1862617,0.0017397988,0.8119985
20385,0.87335694,0.06905317,0.057589877
20386,0.95605016,0.003690284,0.040259503
20387,0.7834087,0.07019573,0.14639555
20388,0.52473843,0.12296579,0.35229573
20389,0.2462311,0.014826382,0.73894256
20390,0.8756721,0.02045223,0.10387559
20391,0.90809554,0.026009893,0.06589455
20392,0.59966695,0.02920089,0.37113217
20393,0.92528963,0.006145509,0.068564855
20394,0.94771796,0.018371386,0.03391063
20395,0.95292646,0.013141358,0.033932153
20396,0.956228,0.0009519701,0.042819962
20397,0.019784128,0.009447131,0.97076875
20398,0.8662852,0.006574393,0.12714042
20399,0.9735928,0.0042688022,0.0221384
20400,0.0808576,0.03559775,0.8835447
20401,0.9684116,0.002484159,0.029104184
20402,0.58139443,0.0077163037,0.41088924
20403,0.8018585,0.0151190385,0.18302245
20404,0.01903902,0.008934831,0.97202617
20405,0.022521628,0.0010959628,0.97638243
20406,0.45359665,0.0105753215,0.535828
20407,0.5462064,0.02204244,0.43175113
20408,0.9518169,0.0032801216,0.044902973
20409,0.95926416,0.010249363,0.030486485
20410,0.885987,0.07095233,0.043060698
20411,0.9890392,0.00037570545,0.010585139
20412,0.95931464,0.02137965,0.019305743
20413,0.98495126,0.0034835846,0.011565245
20414,0.99578345,0.0011439213,0.0030726506
20415,0.9842196,0.0011351359,0.01464531
20416,0.9758411,0.017631121,0.0065278434
20417,0.9295065,0.0010163533,0.06947716
20418,0.9399401,0.0051481235,0.054911748
20419,0.93472904,0.039543074,0.025727892
20420,0.79816425,0.10612792,0.09570785
20421,0.84628534,0.13653287,0.017181803
20422,0.021129107,0.0068151657,0.9720558
20423,0.9733209,0.0020105755,0.024668494
20424,0.37073848,0.25369996,0.37556157
20425,0.86525434,0.012763177,0.121982455
20426,0.9551654,0.0049934806,0.03984117
20427,0.48037478,0.0121293925,0.5074959
20428,0.90112746,0.0078857355,0.09098686
20429,0.8862208,0.0020817907,0.111697376
20430,0.14306152,0.010328078,0.8466104
20431,0.941718,0.003742592,0.05453946
20432,0.044611946,0.016757334,0.93863076
20433,0.61862695,0.004700226,0.37667283
20434,0.92179114,0.02362695,0.054581955
20435,0.5974865,0.26860133,0.13391215
20436,0.8267488,0.0016988721,0.1715524
20437,0.5776417,0.37991965,0.04243861
20438,0.8138107,0.012250036,0.1739392
20439,0.9430605,0.005499711,0.051439844
20440,0.06300842,0.007128075,0.92986345
20441,0.94864804,0.007050513,0.044301417
20442,0.9483742,0.02170313,0.02992261
20443,0.9343333,0.033966683,0.031700045
20444,0.86000335,0.021574648,0.118421994
20445,0.9574359,0.005348025,0.03721607
20446,0.9517488,0.024186866,0.024064379
20447,0.950303,0.0207839,0.02891307
20448,0.71289086,0.003965754,0.2831434
20449,0.9045578,0.019243753,0.07619845
20450,0.9651167,0.0014095247,0.033473734
20451,0.19641967,0.028533908,0.7750464
20452,0.9542125,0.005437239,0.040350217
20453,0.093061134,0.0033943688,0.9035445
20454,0.9727923,0.0042671235,0.022940585
20455,0.82361776,0.029954977,0.14642721
20456,0.05863339,0.0045957332,0.93677086
20457,0.5668149,0.010067243,0.42311785
20458,0.8863988,0.00350635,0.11009479
20459,0.997163,0.00070181425,0.0021351466
20460,0.17108956,0.01880856,0.81010187
20461,0.92204064,0.021096544,0.05686284
20462,0.9842074,0.006977757,0.008814876
20463,0.004898865,0.0008432673,0.9942578
20464,0.06412573,0.008171445,0.92770284
20465,0.9883514,0.001833083,0.009815479
20466,0.98660105,0.0007721726,0.012626812
20467,0.85032374,0.020202218,0.12947401
20468,0.0009863097,0.00036403607,0.99864966
20469,0.7274892,0.015348228,0.25716257
20470,0.5727532,0.040567365,0.38667944
20471,0.9274711,0.0056350934,0.06689378
20472,0.89470804,0.0020505427,0.10324148
20473,0.9311516,0.013479792,0.05536855
20474,0.7924855,0.007749046,0.19976544
20475,0.9929021,0.00045907206,0.00663885
20476,0.9683957,0.002468866,0.029135413
20477,0.9366173,0.004996459,0.05838619
20478,0.97588646,0.0016094013,0.022504164
20479,0.83051646,0.007244355,0.16223921
20480,0.844155,0.0067580976,0.14908688
20481,0.94277656,0.0041069854,0.05311643
20482,0.93753004,0.0077665797,0.05470345
20483,0.049885333,0.0041926308,0.9459221
20484,0.007610366,0.0020214485,0.99036825
20485,0.92928827,0.0049511674,0.06576061
20486,0.96490574,0.003396936,0.031697344
20487,0.01790029,0.00096878386,0.98113096
20488,0.7950326,0.034534305,0.17043306
20489,0.8843766,0.020131819,0.09549158
20490,0.6156124,0.041542087,0.3428456
20491,0.10297172,0.005938238,0.8910901
20492,0.0015681912,0.00029547777,0.9981363
20493,0.9763017,0.001377797,0.02232046
20494,0.92661697,0.03784406,0.035538994
20495,0.3586611,0.0177118,0.62362707
20496,0.7998356,0.005159167,0.1950052
20497,0.9873903,0.0015116804,0.011098023
20498,0.90853125,0.0013728181,0.090095885
20499,0.9023821,0.024217783,0.07340011
20500,0.8753021,0.024646806,0.10005109
20501,0.9293738,0.007944399,0.06268178
20502,0.96305025,0.0072024027,0.029747345
20503,0.9532641,0.0030903271,0.043645576
20504,0.9684327,0.027621474,0.0039457562
20505,0.9126515,0.00869274,0.0786558
20506,0.49525034,0.11326284,0.39148682
20507,0.984744,0.00872674,0.0065292483
20508,0.031477045,0.011525963,0.95699704
20509,0.98377395,0.0049462635,0.011279797
20510,0.36283442,0.06511625,0.5720493
20511,0.98945194,0.001817162,0.008730925
20512,0.74873716,0.012359961,0.23890291
20513,0.26326245,0.016280988,0.7204565
20514,0.9738032,0.0020923459,0.024104413
20515,0.7870784,0.06345258,0.14946903
20516,0.92592937,0.0066705896,0.06740007
20517,0.02342069,0.0039797574,0.97259957
20518,0.5071111,0.013146848,0.47974202
20519,0.93919855,0.004961956,0.055839468
20520,0.9766692,0.006552108,0.016778693
20521,0.97872555,0.010187977,0.011086496
20522,0.8895373,0.0019223159,0.108540416
20523,0.92575675,0.0049896957,0.069253504
20524,0.89634156,0.0034305158,0.10022789
20525,0.4854102,0.044013564,0.47057623
20526,0.7042918,0.018803148,0.276905
20527,0.5833234,0.05837652,0.3583001
20528,0.9806145,0.002646215,0.016739251
20529,0.030917384,0.038875196,0.93020743
20530,0.9682302,0.003519623,0.028250195
20531,0.019543098,0.0304784,0.94997853
20532,0.9487414,0.023975382,0.02728324
20533,0.3671903,0.011806411,0.62100327
20534,0.83021265,0.019562295,0.1502251
20535,0.93788546,0.0028545775,0.059259992
20536,0.9427384,0.0060069254,0.051254623
20537,0.019700704,0.004659661,0.97563964
20538,0.9897119,0.0037571532,0.0065309675
20539,0.95425624,0.0033292077,0.0424146
20540,0.058672152,0.0063937707,0.9349341
20541,0.9642759,0.010125006,0.025599094
20542,0.9822567,0.008617028,0.0091262
20543,0.85558283,0.036147185,0.10827002
20544,0.12212321,0.16600052,0.7118763
20545,0.8036817,0.007302427,0.18901597
20546,0.1593126,0.009453365,0.831234
20547,0.46092343,0.06827174,0.47080487
20548,0.86837894,0.019964926,0.11165617
20549,0.8562261,0.031851772,0.11192213
20550,0.14520283,0.0090163965,0.8457808
20551,0.6958407,0.005902201,0.2982571
20552,0.96632963,0.005338874,0.02833152
20553,0.9731269,0.0015761873,0.025296953
20554,0.74173826,0.07733333,0.1809284
20555,0.009953637,0.002506888,0.9875395
20556,0.9093272,0.010089558,0.08058321
20557,0.731948,0.0012505308,0.26680148
20558,0.70465434,0.010607698,0.28473794
20559,0.98543996,0.0011673012,0.01339275
20560,0.61468166,0.10049582,0.28482252
20561,0.9815232,0.0017713618,0.01670538
20562,0.0035220247,0.0027139792,0.993764
20563,0.9405426,0.023033747,0.0364237
20564,0.9579175,0.0048823445,0.03720016
20565,0.9412095,0.002625601,0.05616492
20566,0.37325165,0.25999683,0.3667515
20567,0.6044708,0.058313202,0.33721602
20568,0.98435485,0.0045439056,0.011101257
20569,0.9762012,0.0020819318,0.021716928
20570,0.98900235,0.0012061809,0.009791478
20571,0.03769982,0.01908585,0.94321436
20572,0.5136165,0.057547122,0.42883632
20573,0.9664797,0.0016416018,0.031878702
20574,0.90709466,0.014643793,0.07826161
20575,0.9681423,0.003828954,0.028028835
20576,0.98493946,0.00047577548,0.014584766
20577,0.31776157,0.033902273,0.6483361
20578,0.3570604,0.0341953,0.6087443
20579,0.55557424,0.0015946564,0.4428311
20580,0.93501407,0.009605309,0.055380635
20581,0.7161873,0.038806044,0.24500662
20582,0.7790275,0.006792936,0.21417955
20583,0.96690416,0.01429618,0.018799726
20584,0.92704874,0.025397949,0.047553297
20585,0.920589,0.02689228,0.05251865
20586,0.8929302,0.022673713,0.08439606
20587,0.30108032,0.17653064,0.522389
20588,0.83906204,0.040832203,0.12010575
20589,0.93127143,0.009707657,0.05902096
20590,0.9879011,0.0033144357,0.008784429
20591,0.9774939,0.0022455442,0.020260574
20592,0.93025905,0.005093888,0.06464709
20593,0.9704332,0.014641747,0.014925091
20594,0.9447321,0.004234486,0.051033426
20595,0.8300702,0.08711505,0.08281475
20596,0.9635806,0.0069017285,0.029517723
20597,0.96345645,0.017551392,0.018992182
20598,0.004830985,0.0014523609,0.99371666
20599,0.45060188,0.058551814,0.49084634
20600,0.058293317,0.0032580916,0.9384486
20601,0.84718585,0.002659851,0.15015434
20602,0.94551426,0.008512789,0.045972943
20603,0.9572378,0.00054101547,0.042221174
20604,0.98852277,0.0014535956,0.010023713
20605,0.8460032,0.0048632054,0.14913361
20606,0.083285615,0.0048895776,0.9118248
20607,0.15067089,0.3418016,0.5075275
20608,0.55425125,0.008642705,0.43710607
20609,0.9419143,0.037439447,0.020646269
20610,0.95912915,0.007923576,0.03294723
20611,0.9731855,0.006144527,0.020669961
20612,0.95022875,0.020749817,0.029021464
20613,0.7908429,0.042263415,0.16689368
20614,0.9279088,0.0031837844,0.06890746
20615,0.95667744,0.013299541,0.030023027
20616,0.95786345,0.004015528,0.038121045
20617,0.045026377,0.1142955,0.84067816
20618,0.94934446,0.006487644,0.044167873
20619,0.016003262,0.006243797,0.9777529
20620,0.15053831,0.048403382,0.8010583
20621,0.9735198,0.0042509446,0.02222927
20622,0.974843,0.0022050263,0.022951914
20623,0.96204203,0.0024459928,0.03551204
20624,0.016767168,0.0004877844,0.9827451
20625,0.669617,0.009833584,0.32054943
20626,0.21475904,0.07824868,0.70699227
20627,0.96647745,0.005403474,0.028119037
20628,0.056489732,0.018751536,0.9247588
20629,0.06912265,0.0032763237,0.92760104
20630,0.012089323,0.0034472104,0.98446345
20631,0.79733086,0.0043978905,0.19827121
20632,0.0011415763,0.0016264444,0.997232
20633,0.78686905,0.010761986,0.20236897
20634,0.82689345,0.005227445,0.1678791
20635,0.6329201,0.0022106392,0.36486927
20636,0.9740313,0.0008758802,0.025092846
20637,0.028196342,0.0017197222,0.97008395
20638,0.78544855,0.0022306773,0.21232073
20639,0.9747833,0.002075946,0.023140704
20640,0.12074071,0.032455664,0.84680367
20641,0.19514936,0.01233509,0.7925155
20642,0.36808312,0.026258044,0.6056589
20643,0.95469815,0.0101393685,0.035162535
20644,0.101866096,0.0035359885,0.89459795
20645,0.938362,0.0039256965,0.057712268
20646,0.9430175,0.015580703,0.041401815
20647,0.97225577,0.015086563,0.01265766
20648,0.990919,0.0012627639,0.007818283
20649,0.0015966585,0.0004916739,0.99791163
20650,0.9806495,0.0016900472,0.017660504
20651,0.9245726,0.0080787055,0.06734878
20652,0.076872125,0.009893556,0.91323435
20653,0.9117288,0.023259884,0.06501134
20654,0.046979323,0.013761676,0.93925905
20655,0.98522955,0.0078073386,0.006963129
20656,0.89639664,0.0035708377,0.10003253
20657,0.7720242,0.013993144,0.21398261
20658,0.046079613,0.004656716,0.9492637
20659,0.9653095,0.00047036115,0.03422019
20660,0.36801228,0.021386128,0.6106016
20661,0.056887966,0.0063305157,0.9367815
20662,0.069917664,0.010183713,0.9198986
20663,0.9748291,0.0037104117,0.021460468
20664,0.029221393,0.033119027,0.93765956
20665,0.9334256,0.046007413,0.020566948
20666,0.9826888,0.0025320128,0.014779217
20667,0.9778646,0.0014655546,0.02066981
20668,0.96018696,0.0020407394,0.03777226
20669,0.8613153,0.0056292834,0.13305539
20670,0.9863625,0.009876751,0.0037606657
20671,0.015141381,0.0006634763,0.9841951
20672,0.9595305,0.007119216,0.03335033
20673,0.94249725,0.009524645,0.047978174
20674,0.9540247,0.005114777,0.040860604
20675,0.46767792,0.021878695,0.5104434
20676,0.7136343,0.04405298,0.2423127
20677,0.821209,0.02456087,0.15423016
20678,0.48765746,0.014483436,0.49785915
20679,0.8691951,0.002524122,0.1282808
20680,0.92602545,0.005170748,0.06880385
20681,0.8827199,0.0033836416,0.113896444
20682,0.8260463,0.06176808,0.1121857
20683,0.73619616,0.00095593487,0.26284784
20684,0.95033014,0.032057934,0.01761191
20685,0.15393746,0.006798261,0.83926433
20686,0.95376366,0.0063334145,0.039902892
20687,0.83960587,0.009831951,0.15056215
20688,0.4555611,0.05957187,0.4848671
20689,0.98276305,0.0013083016,0.01592865
20690,0.032941326,0.00641466,0.96064407
20691,0.69653445,0.0034857471,0.29997978
20692,0.0029182031,0.0006545713,0.99642724
20693,0.98199123,0.0002092199,0.017799582
20694,0.13372971,0.010011297,0.8562589
20695,0.8152337,0.01195534,0.17281099
20696,0.8306847,0.06952499,0.09979036
20697,0.9739363,0.0026719938,0.023391686
20698,0.94423604,0.0009825942,0.054781415
20699,0.82626796,0.01566033,0.15807171
20700,0.0071449247,0.0017088411,0.99114627
20701,0.92440975,0.009752252,0.06583805
20702,0.9840565,0.0027372371,0.013206274
20703,0.98918855,0.004390255,0.006421126
20704,0.82236415,0.0052073174,0.17242855
20705,0.9774965,0.0017636077,0.02073987
20706,0.36785722,0.02859764,0.6035451
20707,0.37121284,0.10273594,0.5260512
20708,0.9534326,0.0036154652,0.04295198
20709,0.71765804,0.034912374,0.24742953
20710,0.9713964,0.0075860783,0.021017527
20711,0.83216065,0.051056467,0.116782874
20712,0.90137434,0.0056185583,0.09300711
20713,0.33080822,0.0056249835,0.66356677
20714,0.97515976,0.0017123214,0.023127949
20715,0.46140745,0.029669978,0.5089226
20716,0.9366118,0.0010428852,0.06234531
20717,0.94347566,0.005555078,0.050969332
20718,0.9774969,0.0012173571,0.021285677
20719,0.95640576,0.0025891801,0.04100513
20720,0.86832505,0.041480005,0.09019493
20721,0.9181747,0.0008494873,0.08097582
20722,0.7008137,0.19613135,0.103054926
20723,0.0019555872,0.00025644858,0.99778795
20724,0.93458676,0.0033843582,0.062028833
20725,0.70250386,0.002182317,0.29531384
20726,0.23202787,0.0048363507,0.76313573
20727,0.94982034,0.004281706,0.04589797
20728,0.9434168,0.0033037073,0.053279493
20729,0.64288896,0.09636307,0.26074797
20730,0.93413675,0.0013147583,0.06454848
20731,0.09207574,0.0020164493,0.90590775
20732,0.76847744,0.07175381,0.15976879
20733,0.95688164,0.0054120426,0.037706375
20734,0.85657704,0.0062318044,0.13719112
20735,0.90754193,0.036253653,0.056204442
20736,0.96501154,0.0059912065,0.02899725
20737,0.84201777,0.007157656,0.15082453
20738,0.13177694,0.008200439,0.8600226
20739,0.98532736,0.00075372175,0.013918923
20740,0.996135,0.0005733352,0.0032916402
20741,0.92626137,0.0015116143,0.07222707
20742,0.9740675,0.0023388031,0.02359371
20743,0.9719064,0.006172183,0.021921344
20744,0.9289975,0.016278427,0.054723997
20745,0.946936,0.0042546014,0.048809364
20746,0.8394274,0.12354265,0.03702997
20747,0.009934529,0.00065261923,0.98941284
20748,0.9222058,0.03402825,0.043765936
20749,0.72985625,0.19600654,0.0741372
20750,0.98996896,0.00048716334,0.009543859
20751,0.4177823,0.04815097,0.53406674
20752,0.019787645,0.011266014,0.9689463
20753,0.97090954,0.015408619,0.013681805
20754,0.0056284526,0.0012173967,0.99315417
20755,0.9220826,0.0028365748,0.07508076
20756,0.9667076,0.0013947956,0.031897638
20757,0.7766056,0.018107353,0.20528701
20758,0.9166005,0.0029955695,0.08040389
20759,0.9503006,0.011549444,0.038149975
20760,0.7567092,0.07669631,0.16659452
20761,0.34909683,0.035327956,0.6155752
20762,0.08442253,0.0038438546,0.91173357
20763,0.9402665,0.009947535,0.049785983
20764,0.8533594,0.004905962,0.14173467
20765,0.87361366,0.034419827,0.09196649
20766,0.06516073,0.00993993,0.9248994
20767,0.92532706,0.0032936695,0.07137926
20768,0.5947934,0.07187642,0.33333024
20769,0.9289289,0.008533049,0.062538035
20770,0.96505505,0.010631659,0.024313299
20771,0.98452353,0.0014008153,0.014075634
20772,0.6036027,0.015804516,0.38059276
20773,0.9693309,0.0016981439,0.028970959
20774,0.72627944,0.21524894,0.05847164
20775,0.4335369,0.08582162,0.48064142
20776,0.29882795,0.27837387,0.42279816
20777,0.9707178,0.002901887,0.02638035
20778,0.03424048,0.02886986,0.93688965
20779,0.93568814,0.008217919,0.056093924
20780,0.9461618,0.003026577,0.050811656
20781,0.025682513,0.012079935,0.96223754
20782,0.03224722,0.0032171947,0.96453553
20783,0.5812651,0.019656472,0.3990784
20784,0.05635191,0.007342602,0.93630546
20785,0.80432665,0.0396934,0.15597993
20786,0.90185124,0.004473375,0.09367538
20787,0.9906063,0.0017236334,0.007670077
20788,0.96419406,0.0009379302,0.034868017
20789,0.7648005,0.019802097,0.21539736
20790,0.2987081,0.027991831,0.6733
20791,0.89119166,0.03383295,0.07497539
20792,0.8736145,0.024898188,0.10148735
20793,0.96816385,0.018451931,0.013384278
20794,0.87756914,0.072064586,0.050366316
20795,0.10467191,0.010003146,0.88532495
20796,0.11808652,0.005868898,0.8760446
20797,0.02044023,0.002298348,0.9772614
20798,0.96593595,0.0015549324,0.032509062
20799,0.95068157,0.0041692588,0.045149166
20800,0.92302084,0.0047415285,0.0722376
20801,0.9767457,0.0029152578,0.020338994
20802,0.92976886,0.022187619,0.04804357
20803,0.9926247,0.0016202846,0.0057550236
20804,0.6312357,0.017991673,0.35077265
20805,0.9686646,0.0007218188,0.030613631
20806,0.9682427,0.018411506,0.013345816
20807,0.9535174,0.0074696895,0.03901292
20808,0.97042817,0.0034575588,0.026114348
20809,0.9423255,0.006539092,0.051135376
20810,0.15143158,0.25102434,0.5975441
20811,0.84456396,0.0068039857,0.14863206
20812,0.9776724,0.004852936,0.017474672
20813,0.77489626,0.024719354,0.20038435
20814,0.98630595,0.007543427,0.0061505917
20815,0.9437726,0.0038852456,0.052342158
20816,0.9589813,0.014359245,0.026659468
20817,0.96399385,0.0040416764,0.03196443
20818,0.85949796,0.063685335,0.076816745
20819,0.005898169,0.00039243762,0.99370944
20820,0.9327456,0.002324866,0.064929545
20821,0.9753783,0.008322178,0.016299568
20822,0.96902555,0.0015806917,0.029393792
20823,0.9678587,0.010825349,0.021316037
20824,0.4994987,0.025899716,0.4746016
20825,0.90005875,0.015602961,0.084338315
20826,0.090979695,0.0028174252,0.9062029
20827,0.9554517,0.002429193,0.0421191
20828,0.43522573,0.10571894,0.45905533
20829,0.9621686,0.005564235,0.032267142
20830,0.739163,0.042992145,0.21784481
20831,0.0015021764,0.0002026264,0.99829525
20832,0.88934493,0.007465332,0.10318975
20833,0.928287,0.02840711,0.043305844
20834,0.987633,0.0048035346,0.007563527
20835,0.814322,0.012768113,0.1729099
20836,0.023287073,0.0005848786,0.97612804
20837,0.04492553,0.0034688404,0.9516056
20838,0.87285256,0.0015237182,0.12562375
20839,0.93814844,0.02457456,0.03727702
20840,0.9844096,0.011723618,0.003866734
20841,0.92646223,0.050037332,0.02350043
20842,0.88317126,0.0077083004,0.10912047
20843,0.95643497,0.036097627,0.0074673966
20844,0.9566346,0.0037958564,0.039569605
20845,0.67045385,0.0072158016,0.32233033
20846,0.9668433,0.0046938974,0.028462818
20847,0.5610804,0.016722573,0.422197
20848,0.9621826,0.0018164126,0.036001056
20849,0.98353875,0.0006148565,0.015846383
20850,0.95891964,0.0014417014,0.039638616
20851,0.7164174,0.029367438,0.25421515
20852,0.046345968,0.0031246073,0.9505294
20853,0.98939145,0.001880871,0.00872766
20854,0.97904325,0.010097072,0.010859636
20855,0.17563984,0.0052971845,0.819063
20856,0.94019616,0.04194274,0.017861076
20857,0.9776904,0.008230408,0.014079258
20858,0.8953223,0.009732934,0.09494473
20859,0.97994816,0.009869113,0.010182795
20860,0.9615622,0.022873903,0.01556392
20861,0.76939535,0.008801523,0.2218031
20862,0.03402969,0.044909105,0.92106116
20863,0.1498341,0.37029698,0.4798689
20864,0.20441367,0.011085222,0.78450114
20865,0.9919416,0.00030140928,0.0077570155
20866,0.9539488,0.0037238172,0.042327415
20867,0.7282386,0.018404318,0.25335708
20868,0.97474164,0.0007074293,0.024550932
20869,0.9899748,0.0003660024,0.0096591795
20870,0.98072445,0.0010655337,0.018210016
20871,0.95995694,0.013742279,0.026300738
20872,0.8215207,0.004312057,0.17416726
20873,0.85930216,0.001977444,0.13872041
20874,0.97866726,0.010005512,0.01132728
20875,0.9685176,0.0012944997,0.030187845
20876,0.9826141,0.00048171307,0.01690423
20877,0.97003406,0.002968795,0.026997108
20878,0.9682692,0.0013152024,0.030415628
20879,0.953644,0.0060561243,0.04029996
20880,0.91772544,0.020193554,0.06208104
20881,0.37769407,0.06354721,0.5587587
20882,0.06150021,0.030176757,0.9083231
20883,0.65550137,0.0315369,0.3129617
20884,0.0776648,0.009201436,0.91313374
20885,0.9411869,0.0081908,0.05062233
20886,0.9513271,0.013719976,0.03495292
20887,0.91009456,0.011760112,0.07814535
20888,0.90971535,0.017840797,0.072443865
20889,0.90571743,0.006281198,0.088001415
20890,0.93876773,0.0048511643,0.056381043
20891,0.95391583,0.0060302676,0.040053863
20892,0.9659988,0.0033663125,0.030634873
20893,0.9643235,0.0058426373,0.029833874
20894,0.973644,0.0040415153,0.022314478
20895,0.9525384,0.021530826,0.0259308
20896,0.910034,0.006984103,0.08298183
20897,0.96167463,0.0020062458,0.036319118
20898,0.90569854,0.007646745,0.0866547
20899,0.98088545,0.003732061,0.015382535
20900,0.93542916,0.00211653,0.062454294
20901,0.03119944,0.0035672104,0.96523327
20902,0.93130183,0.005702339,0.062995784
20903,0.9748547,0.009965275,0.015180065
20904,0.9636633,0.0010143543,0.035322376
20905,0.91013294,0.0061518312,0.08371526
20906,0.9835745,0.00533241,0.011093059
20907,0.9350511,0.0076260143,0.057322852
20908,0.7993889,0.008122318,0.19248882
20909,0.28068385,0.28732637,0.43198976
20910,0.90538484,0.004583255,0.09003183
20911,0.2750191,0.052104972,0.6728759
20912,0.8436469,0.019587995,0.13676515
20913,0.8834734,0.050538115,0.0659885
20914,0.9698897,0.008526666,0.021583613
20915,0.95814943,0.005961973,0.035888575
20916,0.94150054,0.029161362,0.02933808
20917,0.023470191,0.025027374,0.95150244
20918,0.9699176,0.002088693,0.027993668
20919,0.97803897,0.0017002382,0.020260813
20920,0.009104732,0.0011563855,0.9897389
20921,0.62704045,0.030863348,0.34209624
20922,0.9322411,0.020081865,0.04767703
20923,0.88524836,0.017145282,0.09760638
20924,0.2450312,0.0063986713,0.74857014
20925,0.7376074,0.14055492,0.12183767
20926,0.92478293,0.017612731,0.057604324
20927,0.33129588,0.0046111676,0.66409296
20928,0.9734678,0.0019623244,0.024569828
20929,0.88165843,0.019573588,0.09876792
20930,0.80154175,0.034049913,0.16440833
20931,0.948411,0.005707992,0.04588099
20932,0.84405315,0.05491324,0.10103357
20933,0.8250611,0.030335097,0.14460383
20934,0.041313097,0.0030060417,0.95568085
20935,0.81233835,0.012895011,0.17476666
20936,0.96066284,0.007243232,0.032093953
20937,0.93325156,0.0049705366,0.061777867
20938,0.7872109,0.11246743,0.1003217
20939,0.8343704,0.015227652,0.15040192
20940,0.92542046,0.0069041555,0.0676754
20941,0.8574957,0.0700944,0.07240984
20942,0.27198026,0.013394802,0.7146249
20943,0.9463204,0.010764624,0.042914983
20944,0.500375,0.01881304,0.48081204
20945,0.22522685,0.078901716,0.6958714
20946,0.14932136,0.07342883,0.77724975
20947,0.98150015,0.00011720787,0.018382596
20948,0.94123423,0.022592593,0.036173116
20949,0.015732532,0.0056457613,0.97862166
20950,0.8258317,0.13013098,0.04403732
20951,0.9545139,0.0055541676,0.039931968
20952,0.95166296,0.031904556,0.016432498
20953,0.98761785,0.0033443673,0.009037697
20954,0.0062833847,0.023926124,0.96979046
20955,0.52782404,0.0181787,0.45399725
20956,0.95466936,0.005543617,0.039786983
20957,0.97029793,0.006857668,0.022844343
20958,0.7584744,0.074952476,0.16657314
20959,0.7620437,0.04577845,0.19217783
20960,0.8690348,0.05306293,0.07790225
20961,0.991512,0.0009926457,0.007495307
20962,0.69539416,0.011739013,0.29286686
20963,0.94604313,0.0015801751,0.05237669
20964,0.9231094,0.005604353,0.07128629
20965,0.9949361,0.00035375502,0.0047100964
20966,0.0042180424,0.002247758,0.9935342
20967,0.95856625,0.016938202,0.0244955
20968,0.96654654,0.0042812168,0.029172309
20969,0.96639276,0.0050385324,0.028568761
20970,0.97644097,0.0060999133,0.017459095
20971,0.9355388,0.0021192858,0.06234188
20972,0.8602618,0.027037987,0.112700224
20973,0.8760691,0.005429602,0.11850124
20974,0.8729512,0.0033237073,0.12372514
20975,0.47698578,0.24277411,0.28024006
20976,0.96612084,0.004995245,0.02888389
20977,0.87100327,0.008571443,0.120425254
20978,0.5033218,0.0042790757,0.4923991
20979,0.96119475,0.0059436844,0.03286153
20980,0.9731472,0.0019049508,0.024947777
20981,0.9742657,0.013024737,0.012709522
20982,0.42167673,0.108362995,0.46996036
20983,0.94407374,0.0010130098,0.054913256
20984,0.768044,0.1477104,0.084245645
20985,0.04634573,0.01924883,0.93440545
20986,0.95211756,0.013337615,0.034544863
20987,0.051526885,0.04261733,0.90585583
20988,0.19561666,0.003775913,0.80060744
20989,0.49928102,0.36336064,0.13735828
20990,0.80259746,0.032322627,0.16507992
20991,0.99186534,0.0007166212,0.007417967
20992,0.94659764,0.019442221,0.033960216
20993,0.9668305,0.0017341573,0.031435385
20994,0.9481008,0.029340556,0.022558628
20995,0.022512186,0.0020026432,0.9754852
20996,0.586741,0.06299599,0.35026303
20997,0.9859357,0.0009949646,0.013069362
20998,0.9279264,0.0043427455,0.06773085
20999,0.9928329,0.0006596247,0.006507488
21000,0.99330634,0.000779371,0.0059143575
21001,0.8692407,0.004183194,0.12657614
21002,0.9713997,0.004463432,0.024136811
21003,0.49393782,0.40514824,0.10091392
21004,0.96012354,0.0027740316,0.03710246
21005,0.9373265,0.042350348,0.020323155
21006,0.7370205,0.014273926,0.24870558
21007,0.9713614,0.009573694,0.019064933
21008,0.81811774,0.00089625985,0.18098602
21009,0.94184476,0.010032312,0.048122972
21010,0.88725346,0.008955461,0.103791095
21011,0.19447654,0.036251888,0.76927155
21012,0.88875514,0.019135823,0.092108965
21013,0.9400257,0.0055033267,0.05447094
21014,0.8517648,0.010791679,0.13744357
21015,0.98478276,0.0014521355,0.013765146
21016,0.93504244,0.014509357,0.050448187
21017,0.8967001,0.07598545,0.027314495
21018,0.59095,0.026053553,0.38299647
21019,0.9916801,0.0022585497,0.006061325
21020,0.9825419,0.0024350542,0.015023023
21021,0.6781189,0.018488279,0.30339283
21022,0.9666894,0.0027835767,0.030527027
21023,0.7275694,0.03969656,0.23273405
21024,0.95621157,0.017873475,0.025914978
21025,0.35821235,0.027448738,0.61433893
21026,0.8235641,0.061238118,0.11519782
21027,0.9310284,0.025182145,0.04378947
21028,0.9846964,0.0024027661,0.012900777
21029,0.9233717,0.05317359,0.023454743
21030,0.9665003,0.0011345461,0.0323652
21031,0.9032057,0.0077935485,0.089000724
21032,0.3682235,0.051728494,0.580048
21033,0.9534059,0.00509069,0.04150341
21034,0.95254654,0.012009044,0.0354444
21035,0.86158526,0.014940783,0.12347397
21036,0.28905663,0.041534282,0.6694091
21037,0.521741,0.033908136,0.4443509
21038,0.96160454,0.0033888381,0.035006598
21039,0.7081425,0.08957608,0.20228143
21040,0.27864784,0.11504051,0.6063117
21041,0.942486,0.02284805,0.03466594
21042,0.9631937,0.02780838,0.008997945
21043,0.8765255,0.005522549,0.11795195
21044,0.016787903,0.0049073044,0.97830474
21045,0.9568131,0.0028621482,0.040324826
21046,0.96366596,0.007484356,0.02884973
21047,0.014749136,0.0035632728,0.9816876
21048,0.98608285,0.00052524486,0.013391925
21049,0.98662436,0.001581035,0.01179456
21050,0.5978232,0.033748258,0.36842853
21051,0.9686733,0.004459806,0.026866885
21052,0.74024177,0.09332329,0.16643496
21053,0.99196327,0.0005589116,0.0074778264
21054,0.82447,0.022113685,0.15341628
21055,0.9773046,0.0030207217,0.01967467
21056,0.0143862115,0.002141116,0.9834727
21057,0.0024071953,0.0014143919,0.9961784
21058,0.9753645,0.0010732273,0.023562204
21059,0.94614303,0.026806809,0.027050192
21060,0.94372135,0.02464853,0.031630073
21061,0.94284976,0.006247625,0.050902646
21062,0.8778176,0.0042917915,0.11789062
21063,0.9785351,0.0066228677,0.014841943
21064,0.96140474,0.017242832,0.021352412
21065,0.99179924,0.0012180081,0.0069827423
21066,0.85811484,0.004970794,0.13691437
21067,0.90315163,0.029087989,0.06776035
21068,0.9706687,0.00070647383,0.028624807
21069,0.95184153,0.036561206,0.011597307
21070,0.90935886,0.0058641047,0.08477704
21071,0.97577024,0.003068105,0.02116162
21072,0.51263636,0.009911766,0.4774519
21073,0.003299074,0.00056228903,0.99613863
21074,0.091989994,0.009024476,0.8989855
21075,0.5363466,0.010976084,0.4526773
21076,0.38220555,0.19283484,0.4249596
21077,0.24533343,0.010784565,0.743882
21078,0.051003877,0.016498959,0.93249714
21079,0.037634663,0.004140459,0.95822483
21080,0.8527484,0.012088633,0.13516298
21081,0.91739464,0.015791483,0.06681384
21082,0.9769981,0.00310179,0.01990018
21083,0.73289496,0.010842067,0.25626296
21084,0.06852034,0.02885943,0.90262026
21085,0.5868118,0.25537133,0.15781692
21086,0.8245134,0.021942854,0.15354377
21087,0.9796855,0.0023294615,0.017984996
21088,0.8433088,0.037845757,0.11884539
21089,0.013310454,0.0039634295,0.9827261
21090,0.18642601,0.005165986,0.80840796
21091,0.8801846,0.0053862305,0.11442916
21092,0.96839565,0.002873263,0.028731152
21093,0.9162054,0.0039955303,0.079799116
21094,0.92703223,0.012616729,0.060351074
21095,0.92719686,0.01107093,0.06173215
21096,0.8666898,0.005858374,0.1274519
21097,0.88362277,0.0047947923,0.111582465
21098,0.791936,0.006182022,0.20188202
21099,0.9472197,0.005038224,0.047742125
21100,0.6286695,0.19587226,0.17545822
21101,0.97405756,0.0059929187,0.019949542
21102,0.8272916,0.01672011,0.15598823
21103,0.9336815,0.008410994,0.057907484
21104,0.8954303,0.010352885,0.09421678
21105,0.6532807,0.019897845,0.32682145
21106,0.19170226,0.076794855,0.7315029
21107,0.004968703,0.0012096035,0.9938216
21108,0.95798206,0.005912006,0.03610596
21109,0.9364538,0.020165863,0.043380376
21110,0.96729237,0.0019002174,0.030807378
21111,0.19971985,0.0023326715,0.79794747
21112,0.94421136,0.001686338,0.05410233
21113,0.58171874,0.08655567,0.33172554
21114,0.8221588,0.0015247691,0.17631646
21115,0.120292135,0.0063922717,0.8733156
21116,0.99221355,0.0011996153,0.006586863
21117,0.9739871,0.0022740418,0.023738861
21118,0.82149756,0.009117836,0.16938464
21119,0.9630579,0.0015727845,0.035369318
21120,0.94302976,0.014934798,0.0420354
21121,0.9423014,0.0062013646,0.051497217
21122,0.95615065,0.0037010978,0.040148266
21123,0.72048146,0.0032418014,0.27627677
21124,0.22137123,0.008986995,0.76964176
21125,0.10416602,0.053435076,0.8423989
21126,0.9522467,0.002251205,0.045502085
21127,0.37155437,0.0068234154,0.6216222
21128,0.75115716,0.078828104,0.17001475
21129,0.8665247,0.04204971,0.09142563
21130,0.8899176,0.02123105,0.08885139
21131,0.93525326,0.045264605,0.019482138
21132,0.97321206,0.012702546,0.01408546
21133,0.8235022,0.014748488,0.16174938
21134,0.0006477655,0.00016480287,0.9991874
21135,0.94489396,0.009870214,0.045235824
21136,0.9813343,0.0035694614,0.015096168
21137,0.9779985,0.0013127835,0.020688673
21138,0.9464505,0.007869904,0.04567968
21139,0.83615327,0.03248811,0.13135861
21140,0.8222021,0.0067334236,0.17106451
21141,0.8164699,0.12643433,0.057095785
21142,0.79983145,0.045265548,0.15490304
21143,0.0015136331,0.00043215582,0.99805427
21144,0.9896053,0.0012616063,0.009133092
21145,0.32186532,0.010367607,0.66776705
21146,0.7156431,0.0074279318,0.276929
21147,0.9520563,0.012529513,0.03541422
21148,0.31223458,0.05666337,0.6311021
21149,0.9846324,0.007181071,0.008186538
21150,0.0049577123,0.0043670866,0.9906753
21151,0.98029035,0.002377158,0.01733254
21152,0.9923366,0.0007503071,0.006913073
21153,0.9551045,0.002289799,0.042605776
21154,0.60688055,0.08421267,0.30890682
21155,0.7863554,0.041989397,0.17165527
21156,0.90508884,0.014451937,0.080459185
21157,0.00409861,0.0009563024,0.9949451
21158,0.45532757,0.10477946,0.439893
21159,0.9894819,0.0013152225,0.009202922
21160,0.84979814,0.051597476,0.09860445
21161,0.07655157,0.004567608,0.9188808
21162,0.92699593,0.029937804,0.04306625
21163,0.91893446,0.008098825,0.072966695
21164,0.9258596,0.005628629,0.06851177
21165,0.89616317,0.020321632,0.08351522
21166,0.9559009,0.0006352118,0.043463882
21167,0.43023303,0.02707901,0.54268795
21168,0.23729682,0.023527173,0.73917603
21169,0.86950725,0.0023974173,0.12809534
21170,0.97858137,0.0018292647,0.019589342
21171,0.07546614,0.014254069,0.9102798
21172,0.79660594,0.07429515,0.12909888
21173,0.001766925,0.0018137045,0.9964194
21174,0.77432466,0.019097636,0.20657773
21175,0.942179,0.04679349,0.011027518
21176,0.9247758,0.0058497926,0.069374405
21177,0.9822803,0.0027312443,0.01498848
21178,0.19650786,0.0039632353,0.79952896
21179,0.92618436,0.052425094,0.021390568
21180,0.07422091,0.008655855,0.91712326
21181,0.9716114,0.0062629906,0.0221256
21182,0.96140385,0.0034020632,0.035194088
21183,0.88223314,0.008796249,0.1089706
21184,0.9606921,0.004468336,0.034839552
21185,0.9443186,0.008504506,0.047176883
21186,0.0050427974,0.0004905862,0.9944666
21187,0.8818184,0.005097512,0.11308409
21188,0.98755753,0.0028285955,0.009613836
21189,0.96120995,0.0065501453,0.03223993
21190,0.84607255,0.11332777,0.04059965
21191,0.28631365,0.012467129,0.7012192
21192,0.9643936,0.00081260933,0.03479382
21193,0.9835909,0.008005754,0.008403343
21194,0.6136187,0.002921058,0.38346028
21195,0.95688295,0.009583523,0.033533543
21196,0.57883537,0.0073849447,0.41377974
21197,0.6565977,0.052997343,0.29040495
21198,0.46992508,0.024778234,0.50529665
21199,0.9083828,0.0020588338,0.08955837
21200,0.9871486,0.006814281,0.0060371296
21201,0.9503979,0.039892364,0.009709754
21202,0.94078296,0.012980674,0.046236407
21203,0.97353786,0.006135516,0.020326585
21204,0.7212016,0.029131398,0.24966697
21205,0.98966753,0.0006531232,0.009679356
21206,0.52885395,0.009648493,0.46149758
21207,0.0081001595,0.0009446075,0.9909552
21208,0.9243081,0.0008308196,0.074861094
21209,0.0035067836,0.00046428767,0.9960289
21210,0.9604752,0.01777892,0.021745816
21211,0.98684376,0.00054386223,0.012612411
21212,0.88241804,0.008233798,0.10934815
21213,0.82284343,0.017154707,0.16000187
21214,0.9411268,0.011736995,0.04713612
21215,0.297761,0.10471889,0.5975201
21216,0.8566676,0.052668523,0.09066386
21217,0.024500929,0.020576723,0.9549224
21218,0.8996815,0.007589586,0.092728905
21219,0.008196587,0.0007357855,0.9910676
21220,0.949571,0.006651729,0.043777242
21221,0.90803134,0.020876661,0.07109203
21222,0.98338425,0.009182527,0.0074332026
21223,0.69360214,0.00125115,0.30514672
21224,0.046886843,0.0060095047,0.9471037
21225,0.26415431,0.005797958,0.73004776
21226,0.34397623,0.103403255,0.55262053
21227,0.8044848,0.018344646,0.1771706
21228,0.0791695,0.0027045673,0.9181259
21229,0.97574914,0.00187119,0.022379676
21230,0.6149049,0.06480863,0.3202865
21231,0.99279517,0.00074785424,0.0064569856
21232,0.9305079,0.037884813,0.03160725
21233,0.9756977,0.00042701708,0.023875238
21234,0.9344953,0.0035612301,0.061943542
21235,0.97383016,0.0037979523,0.02237194
21236,0.6573045,0.032344777,0.31035072
21237,0.9916189,0.0032589613,0.0051221517
21238,0.9653855,0.0027792838,0.0318353
21239,0.5458746,0.12288752,0.3312379
21240,0.9550058,0.006181283,0.038812872
21241,0.018536594,0.0023022383,0.9791612
21242,0.17156756,0.20879102,0.6196414
21243,0.88239306,0.0121147,0.10549223
21244,0.884335,0.00270778,0.112957224
21245,0.9630127,0.007098291,0.02988904
21246,0.886092,0.004229161,0.109678835
21247,0.42388293,0.02873358,0.5473835
21248,0.9403805,0.013878651,0.045740787
21249,0.888713,0.02243844,0.08884854
21250,0.024902362,0.004500273,0.9705974
21251,0.89515144,0.0011620439,0.103686586
21252,0.9715874,0.004079917,0.024332682
21253,0.9458132,0.0075260303,0.046660785
21254,0.96516055,0.0051330416,0.02970637
21255,0.00071783236,0.00016055131,0.9991216
21256,0.9384,0.004449718,0.057150282
21257,0.8593674,0.08954102,0.05109158
21258,0.9415242,0.014662488,0.043813262
21259,0.879056,0.026952887,0.093991116
21260,0.4716482,0.09555577,0.43279606
21261,0.9555847,0.0020437206,0.042371534
21262,0.0069242707,0.006594378,0.9864813
21263,0.010660939,0.0027505017,0.98658854
21264,0.9394264,0.035866972,0.024706634
21265,0.960984,0.012044028,0.026972005
21266,0.9602711,0.016877206,0.022851603
21267,0.45522612,0.4780556,0.066718265
21268,0.98583454,0.0047531747,0.009412336
21269,0.90859336,0.07529078,0.016115932
21270,0.094483435,0.04542809,0.86008847
21271,0.9647087,0.0012051074,0.034086198
21272,0.8461842,0.018963836,0.13485202
21273,0.1294309,0.00608814,0.864481
21274,0.9948719,0.0011905733,0.0039374446
21275,0.654569,0.070742205,0.27468884
21276,0.40913558,0.0466523,0.5442121
21277,0.86714894,0.045661047,0.08718998
21278,0.9886628,0.0016331373,0.009704057
21279,0.23826405,0.029258702,0.7324772
21280,0.993612,0.00073339813,0.005654637
21281,0.023261614,0.0016165449,0.9751218
21282,0.6546807,0.016241971,0.3290773
21283,0.85828763,0.013049336,0.12866308
21284,0.98572874,0.00021720276,0.014053983
21285,0.4407172,0.007584188,0.55169857
21286,0.9794041,0.0037455773,0.016850349
21287,0.9804708,0.0026584852,0.016870687
21288,0.9624017,0.0036330202,0.03396531
21289,0.9798308,0.004145594,0.016023597
21290,0.984518,0.0039837416,0.011498315
21291,0.2744377,0.2957552,0.42980716
21292,0.8583216,0.0032731572,0.13840525
21293,0.9503906,0.0012015053,0.04840791
21294,0.06526003,0.007515235,0.92722476
21295,0.83725345,0.12123192,0.04151464
21296,0.9626027,0.0049152183,0.032482095
21297,0.69838613,0.018617103,0.2829967
21298,0.01425869,0.0011760144,0.9845653
21299,0.94979644,0.008578085,0.041625414
21300,0.8889735,0.020939806,0.09008671
21301,0.9564968,0.0072140004,0.036289223
21302,0.45897073,0.022528144,0.5185011
21303,0.95874745,0.013343274,0.027909271
21304,0.17844345,0.038455762,0.7831008
21305,0.97098225,0.009994641,0.019023096
21306,0.9402961,0.0046686023,0.05503536
21307,0.7229373,0.0036965034,0.27336618
21308,0.016046057,0.000981358,0.98297256
21309,0.7367028,0.013419521,0.24987769
21310,0.7956471,0.014961945,0.18939097
21311,0.82425886,0.16367409,0.012067032
21312,0.98116404,0.0006010392,0.018234922
21313,0.0894708,0.02672991,0.8837994
21314,0.84120345,0.0069818962,0.15181462
21315,0.41648284,0.021589393,0.5619278
21316,0.9598628,0.010866053,0.029271092
21317,0.2013779,0.03251877,0.7661033
21318,0.05126479,0.00050984474,0.9482253
21319,0.92737824,0.0024294632,0.07019233
21320,0.6052192,0.008239285,0.3865415
21321,0.9916215,0.002389785,0.005988749
21322,0.9470668,0.00056338124,0.052369863
21323,0.94891846,0.0056130853,0.04546842
21324,0.010340175,0.022616854,0.9670429
21325,0.97562385,0.014577108,0.009799094
21326,0.97000366,0.0029120457,0.027084256
21327,0.17017977,0.051686842,0.7781334
21328,0.08995248,0.22583644,0.6842111
21329,0.102279834,0.013516743,0.8842034
21330,0.39411336,0.0061313747,0.5997553
21331,0.5804559,0.01643514,0.40310895
21332,0.9678853,0.012091403,0.020023271
21333,0.96666414,0.0040473356,0.029288564
21334,0.8406989,0.06476103,0.09454005
21335,0.034204166,0.011666156,0.9541297
21336,0.87880635,0.0051191677,0.11607454
21337,0.49565053,0.0018878122,0.5024617
21338,0.79108155,0.010439707,0.19847873
21339,0.32585418,0.02761276,0.6465331
21340,0.9612592,0.01622295,0.022517897
21341,0.12580281,0.02273843,0.8514587
21342,0.95349145,0.032428075,0.014080533
21343,0.026650308,0.0011171645,0.9722325
21344,0.291371,0.020417042,0.688212
21345,0.9434486,0.010663129,0.04588828
21346,0.8429833,0.005904822,0.15111189
21347,0.48848042,0.04590823,0.4656114
21348,0.3587758,0.15405232,0.4871719
21349,0.900968,0.024100695,0.074931316
21350,0.8418031,0.01996229,0.13823466
21351,0.9853182,0.00048697097,0.014194806
21352,0.969777,0.014866843,0.01535612
21353,0.78022146,0.02898244,0.19079608
21354,0.9388567,0.006633025,0.054510213
21355,0.98726815,0.0037268186,0.009005057
21356,0.21753454,0.052501336,0.72996414
21357,0.31534004,0.0054937745,0.67916614
21358,0.93355066,0.012540912,0.053908452
21359,0.92708325,0.0046165735,0.068300195
21360,0.9385817,0.009471124,0.051947188
21361,0.9333721,0.017213698,0.049414244
21362,0.5138551,0.46209103,0.024053924
21363,0.027307868,0.007883719,0.96480846
21364,0.4897534,0.007353207,0.5028934
21365,0.9658183,0.0012198995,0.032961804
21366,0.018128907,0.0037919148,0.9780792
21367,0.9414896,0.017473277,0.04103717
21368,0.00094146864,0.00018748702,0.998871
21369,0.9096705,0.01124144,0.079088144
21370,0.85571337,0.008854103,0.13543254
21371,0.9856915,0.0025565827,0.011752001
21372,0.9754801,0.00065573683,0.023864167
21373,0.10652461,0.013487056,0.8799884
21374,0.97217757,0.006918469,0.020904034
21375,0.7723082,0.050748106,0.1769437
21376,0.009727577,0.009266111,0.9810064
21377,0.008885189,0.0005532965,0.99056154
21378,0.9717449,0.0077141817,0.020540932
21379,0.06626969,0.0018437834,0.93188655
21380,0.007876951,0.0008953496,0.9912277
21381,0.9371273,0.0329985,0.029874235
21382,0.91518426,0.007781065,0.0770347
21383,0.979055,0.0018978335,0.019047163
21384,0.9673479,0.0026223117,0.030029735
21385,0.08788223,0.0076550967,0.90446264
21386,0.9508844,0.0031202643,0.045995396
21387,0.52635956,0.08043383,0.3932066
21388,0.9702047,0.010443184,0.019352099
21389,0.92261183,0.01836387,0.059024323
21390,0.18511803,0.01131337,0.80356854
21391,0.2738556,0.0037316647,0.72241277
21392,0.9575943,0.016499402,0.025906302
21393,0.94254184,0.0058125798,0.051645637
21394,0.8156425,0.00426804,0.18008949
21395,0.9814067,0.00039109183,0.018202223
21396,0.12547763,0.0022149808,0.8723074
21397,0.9522797,0.003967718,0.04375259
21398,0.89855844,0.031889975,0.06955164
21399,0.49498728,0.12352492,0.38148785
21400,0.094632685,0.08029997,0.82506734
21401,0.8062935,0.013330138,0.18037635
21402,0.93476176,0.0037976056,0.06144059
21403,0.5725491,0.19165294,0.23579793
21404,0.014771069,0.018774182,0.96645474
21405,0.99176776,0.0021304514,0.006101759
21406,0.94877005,0.0048171394,0.046412893
21407,0.13131125,0.007041425,0.8616473
21408,0.54151356,0.0402669,0.41821954
21409,0.4839405,0.012351961,0.5037075
21410,0.93480164,0.0056038583,0.059594467
21411,0.039104413,0.005852155,0.95504344
21412,0.98077375,0.0049644355,0.014261813
21413,0.96258736,0.0005811254,0.03683157
21414,0.91461426,0.015868645,0.06951712
21415,0.5577527,0.0489485,0.3932988
21416,0.7502065,0.016128974,0.2336645
21417,0.98290825,0.0042159166,0.012875772
21418,0.7404996,0.12407747,0.1354229
21419,0.59319997,0.053990588,0.35280943
21420,0.7371572,0.059368666,0.20347412
21421,0.901666,0.03866569,0.059668276
21422,0.85985804,0.040247496,0.09989449
21423,0.86617637,0.009516552,0.124307044
21424,0.89728326,0.007795739,0.09492104
21425,0.7684827,0.0187017,0.2128156
21426,0.9616191,0.002972407,0.035408508
21427,0.78656346,0.052843556,0.16059297
21428,0.91295487,0.020775564,0.06626962
21429,0.22946556,0.0041228314,0.7664116
21430,0.022820236,0.0037696874,0.9734101
21431,0.97480166,0.0030987714,0.022099618
21432,0.1047903,0.05364047,0.84156924
21433,0.43713057,0.10401886,0.45885062
21434,0.9312914,0.0029097914,0.06579887
21435,0.115650594,0.011687743,0.8726617
21436,0.9891089,0.0018857751,0.009005295
21437,0.08413715,0.0038621176,0.9120007
21438,0.08537272,0.013110395,0.90151685
21439,0.9054588,0.009412252,0.08512892
21440,0.8753621,0.009482344,0.11515559
21441,0.9864266,0.0032784662,0.010294957
21442,0.8334799,0.013066452,0.1534537
21443,0.9324231,0.0029167442,0.064660095
21444,0.92271715,0.033214513,0.04406838
21445,0.60417116,0.09202622,0.30380267
21446,0.6409425,0.0021648824,0.35689265
21447,0.92523825,0.0030225357,0.07173925
21448,0.9497399,0.0016414673,0.048618585
21449,0.9072355,0.03649982,0.056264717
21450,0.072973974,0.024406375,0.90261966
21451,0.41633362,0.027423432,0.55624294
21452,0.0017206112,0.00026780096,0.9980116
21453,0.9306581,0.008673868,0.060667984
21454,0.88961273,0.008012193,0.10237502
21455,0.55970675,0.22781186,0.21248144
21456,0.94450414,0.034123544,0.021372285
21457,0.6857536,0.020238308,0.2940081
21458,0.9055338,0.06434911,0.030117076
21459,0.8000441,0.04555094,0.15440494
21460,0.9716105,0.0072060907,0.021183373
21461,0.4864074,0.021246701,0.4923459
21462,0.46610713,0.017722677,0.5161702
21463,0.97820777,0.004523715,0.017268559
21464,0.9595936,0.0030261513,0.037380237
21465,0.96289927,0.03165239,0.0054483768
21466,0.89520836,0.006714145,0.098077506
21467,0.0066570346,0.0013960778,0.9919469
21468,0.028840864,0.0014475795,0.96971154
21469,0.867675,0.003659483,0.12866555
21470,0.957155,0.0056014773,0.037243556
21471,0.14479119,0.00551726,0.84969157
21472,0.32669154,0.013496513,0.6598119
21473,0.9614135,0.0019709782,0.036615476
21474,0.8969951,0.010390956,0.092613935
21475,0.013075877,0.0039341,0.98299
21476,0.9921968,0.0006314182,0.0071717794
21477,0.9616955,0.00072493195,0.037579577
21478,0.9583489,0.004817817,0.036833264
21479,0.9608991,0.0042304364,0.034870494
21480,0.9348174,0.009805373,0.05537725
21481,0.9923234,0.002127642,0.005548965
21482,0.38353238,0.034329884,0.58213776
21483,0.86994976,0.0032934716,0.1267568
21484,0.9789378,0.0006896024,0.02037259
21485,0.5488567,0.022292797,0.4288505
21486,0.8697552,0.005389764,0.12485503
21487,0.8563212,0.023281796,0.12039703
21488,0.9554093,0.012506494,0.03208425
21489,0.9619191,0.02192723,0.016153704
21490,0.9501149,0.04119104,0.008694134
21491,0.05464275,0.07094812,0.87440914
21492,0.96037483,0.019955965,0.019669183
21493,0.853987,0.0122181475,0.13379495
21494,0.9181866,0.0038930648,0.077920355
21495,0.97789335,0.002458052,0.019648599
21496,0.93510467,0.0005772278,0.06431808
21497,0.97221303,0.0037683528,0.024018575
21498,0.9435823,0.0020959827,0.054321706
21499,0.93607605,0.020575082,0.04334886
21500,0.33991697,0.007484875,0.65259814
21501,0.94668776,0.0023220365,0.050990134
21502,0.91335064,0.032195345,0.054453943
21503,0.9670769,0.0068095718,0.026113529
21504,0.92921716,0.0044475775,0.06633531
21505,0.97300816,0.0020035803,0.024988225
21506,0.0033101495,0.001105873,0.99558395
21507,0.5003218,0.03442942,0.46524873
21508,0.6784023,0.0037768064,0.31782085
21509,0.9340624,0.008399634,0.057537995
21510,0.5386067,0.13220845,0.3291848
21511,0.9822121,0.00083480927,0.016953059
21512,0.9701334,0.003561842,0.026304755
21513,0.9647365,0.009895747,0.025367728
21514,0.92658013,0.0014225444,0.071997344
21515,0.9604493,0.0045512323,0.03499946
21516,0.76995265,0.027053094,0.20299423
21517,0.036493495,0.008910452,0.95459604
21518,0.97269094,0.0011614022,0.02614765
21519,0.9492304,0.012321433,0.03844822
21520,0.117708996,0.008699319,0.87359166
21521,0.97437245,0.0015180906,0.024109473
21522,0.9743628,0.0017721608,0.023864994
21523,0.6229942,0.1767021,0.20030373
21524,0.0014924617,0.0007779998,0.9977296
21525,0.79783237,0.029422272,0.1727454
21526,0.9174405,0.036710203,0.045849346
21527,0.9272663,0.0064440332,0.066289745
21528,0.53580546,0.03035299,0.4338416
21529,0.9612356,0.0044743274,0.03429002
21530,0.952197,0.002740995,0.045061957
21531,0.94869673,0.003197099,0.04810616
21532,0.4651491,0.36182153,0.17302938
21533,0.701892,0.0102821225,0.28782585
21534,0.02487487,0.005504082,0.96962106
21535,0.97656894,0.002476749,0.020954309
21536,0.74075854,0.013529059,0.24571244
21537,0.97814935,0.005820278,0.016030392
21538,0.7961427,0.0024303335,0.20142692
21539,0.56280726,0.010446181,0.42674658
21540,0.0261913,0.0057160733,0.9680926
21541,0.001901106,0.00049456087,0.9976043
21542,0.94598913,0.041839868,0.012170987
21543,0.75989705,0.014398525,0.22570436
21544,0.024595473,0.0462617,0.92914283
21545,0.74002975,0.07263417,0.18733607
21546,0.046807587,0.0026143913,0.95057803
21547,0.05568524,0.009946587,0.9343682
21548,0.8016556,0.003807591,0.1945368
21549,0.9752079,0.0015342342,0.023257824
21550,0.98380554,0.001641937,0.014552493
21551,0.969231,0.013835876,0.016933125
21552,0.027264128,0.0017865039,0.97094935
21553,0.95027673,0.002738615,0.046984643
21554,0.63629615,0.17339866,0.19030516
21555,0.18476644,0.03941404,0.77581954
21556,0.8031308,0.1096958,0.08717341
21557,0.05968001,0.007679328,0.93264073
21558,0.0057205823,0.017202491,0.97707695
21559,0.96760726,0.0021379604,0.030254822
21560,0.81347555,0.029045818,0.15747866
21561,0.9365867,0.010516,0.052897256
21562,0.9872503,0.0017105698,0.011039067
21563,0.063303046,0.009404816,0.9272921
21564,0.6073706,0.019231768,0.37339762
21565,0.97436833,0.0038614378,0.021770246
21566,0.9445314,0.0014500503,0.054018624
21567,0.545879,0.098544165,0.35557684
21568,0.9461239,0.03142564,0.022450488
21569,0.956702,0.003739388,0.039558604
21570,0.9227813,0.020297278,0.05692142
21571,0.97168857,0.0043993997,0.023912018
21572,0.97536886,0.0006327642,0.023998419
21573,0.9675364,0.0037204856,0.028743176
21574,0.91500133,0.06028903,0.024709625
21575,0.9707765,0.006555188,0.022668347
21576,0.23896514,0.004451986,0.75658286
21577,0.031150883,0.0010917839,0.96775734
21578,0.9572867,0.01308613,0.029627105
21579,0.9790229,0.0035471758,0.017429907
21580,0.07942019,0.013686737,0.90689313
21581,0.9543154,0.005411442,0.04027319
21582,0.9451839,0.002703917,0.052112196
21583,0.96957415,0.004874381,0.025551442
21584,0.85628605,0.0927774,0.05093651
21585,0.36429128,0.013971149,0.62173754
21586,0.971273,0.0042602373,0.024466785
21587,0.099858165,0.20451386,0.6956279
21588,0.86658484,0.023097238,0.11031791
21589,0.9858714,0.008631758,0.00549684
21590,0.38355905,0.053821743,0.5626192
21591,0.6524567,0.04044628,0.307097
21592,0.9555243,0.0071541783,0.03732148
21593,0.10978962,0.038752574,0.8514578
21594,0.04562762,0.005438609,0.9489338
21595,0.9665063,0.009748367,0.023745269
21596,0.9762615,0.014978588,0.008759877
21597,0.3710297,0.07636423,0.55260605
21598,0.05023084,0.0003683941,0.9494008
21599,0.7750169,0.03348073,0.19150238
21600,0.041219242,0.009470902,0.9493099
21601,0.8939382,0.006679573,0.09938225
21602,0.0044792136,0.0054020304,0.99011874
21603,0.24694717,0.023534589,0.7295183
21604,0.9942543,0.0010535698,0.0046921032
21605,0.9691325,0.000919981,0.029947594
21606,0.93905425,0.020321976,0.040623818
21607,0.103231125,0.022418613,0.87435025
21608,0.9711285,0.0018728587,0.026998695
21609,0.9892874,0.0011971251,0.009515507
21610,0.9828264,0.0005139407,0.016659655
21611,0.12927349,0.0038919414,0.8668346
21612,0.116454504,0.009805341,0.87374014
21613,0.99173284,0.0019358139,0.00633138
21614,0.24001451,0.010171478,0.74981403
21615,0.8706683,0.009577744,0.11975395
21616,0.14745839,0.008950585,0.8435911
21617,0.9275633,0.020192606,0.052244112
21618,0.65995556,0.007883582,0.33216083
21619,0.7590144,0.009039327,0.23194619
21620,0.72941124,0.04983578,0.220753
21621,0.7649743,0.016676718,0.21834898
21622,0.93074757,0.0013242302,0.06792823
21623,0.5728673,0.02929532,0.3978374
21624,0.87956184,0.0013207922,0.11911735
21625,0.95696527,0.0026479047,0.04038691
21626,0.019355668,0.008500403,0.97214395
21627,0.92145395,0.021511128,0.057034925
21628,0.18977576,0.002950814,0.8072734
21629,0.833895,0.0069022174,0.15920274
21630,0.22101243,0.0055754217,0.7734121
21631,0.76702785,0.012447692,0.22052445
21632,0.95670754,0.0057549872,0.037537493
21633,0.5534713,0.08868721,0.35784143
21634,0.088917166,0.003310462,0.90777236
21635,0.4144961,0.1439392,0.44156477
21636,0.923876,0.038702313,0.037421685
21637,0.94054383,0.0012575662,0.05819858
21638,0.48423415,0.0073280497,0.5084378
21639,0.80584425,0.0027310187,0.19142473
21640,0.39893857,0.05281724,0.5482442
21641,0.86795884,0.11820593,0.013835237
21642,0.018047493,0.0029273133,0.9790252
21643,0.8988034,0.0009154417,0.10028113
21644,0.8361969,0.004244416,0.15955862
21645,0.96409255,0.0033562207,0.032551173
21646,0.9456332,0.010512121,0.043854654
21647,0.61823905,0.018338555,0.36342242
21648,0.26667812,0.006629676,0.7266922
21649,0.82174575,0.013089823,0.16516449
21650,0.7730334,0.0042353603,0.22273128
21651,0.78017503,0.18974003,0.030084986
21652,0.52986765,0.014653797,0.45547855
21653,0.953729,0.007247492,0.03902351
21654,0.8324467,0.010176313,0.157377
21655,0.98083365,0.0016395227,0.017526902
21656,0.6841345,0.18513486,0.13073067
21657,0.9202488,0.0018885456,0.07786267
21658,0.8793506,0.019033343,0.10161608
21659,0.9861626,0.0006264734,0.013210908
21660,0.9249714,0.0035670344,0.07146156
21661,0.4311628,0.088486545,0.48035067
21662,0.9259813,0.01960995,0.05440876
21663,0.8539051,0.002305558,0.14378935
21664,0.94531924,0.0052363123,0.049444415
21665,0.9625108,0.02093799,0.016551202
21666,0.97496086,0.0017090016,0.023330102
21667,0.0017196893,0.00023871638,0.9980415
21668,0.8288826,0.015115594,0.15600188
21669,0.4510723,0.010067422,0.5388603
21670,0.9774889,0.009769618,0.012741528
21671,0.9615119,0.00874403,0.029743982
21672,0.5922445,0.0065851114,0.4011704
21673,0.8382668,0.03136978,0.13036345
21674,0.9590954,0.015544095,0.025360525
21675,0.82436645,0.14703836,0.028595133
21676,0.9627048,0.028979715,0.0083155595
21677,0.048148327,0.022218572,0.9296331
21678,0.9256646,0.0033885324,0.07094682
21679,0.8819024,0.01435651,0.10374108
21680,0.90614474,0.07143414,0.022421127
21681,0.7553865,0.01136745,0.2332461
21682,0.60258293,0.0049750865,0.39244196
21683,0.9828311,0.0026479773,0.0145208975
21684,0.9821716,0.0016189496,0.016209379
21685,0.9827908,0.00041989566,0.016789237
21686,0.9431488,0.0042841625,0.052567005
21687,0.52169406,0.08493946,0.39336652
21688,0.79214394,0.0047008498,0.2031552
21689,0.8448153,0.008658513,0.14652622
21690,0.48048243,0.042416155,0.4771014
21691,0.9529529,0.0024078847,0.04463922
21692,0.6514644,0.0390726,0.309463
21693,0.85118526,0.009260418,0.13955432
21694,0.0019709347,0.0004988055,0.9975303
21695,0.19303682,0.015267181,0.791696
21696,0.40250108,0.06250397,0.53499496
21697,0.96750546,0.0021019331,0.030392613
21698,0.8405629,0.017297901,0.14213926
21699,0.05318595,0.027346613,0.9194675
21700,0.98072696,0.002998042,0.016274955
21701,0.54502326,0.067616075,0.38736066
21702,0.7875509,0.019087106,0.19336201
21703,0.010457321,0.0048782,0.9846645
21704,0.94947827,0.005551599,0.04497018
21705,0.09977068,0.3246508,0.5755785
21706,0.87928873,0.015229737,0.10548157
21707,0.8754329,0.044605087,0.07996203
21708,0.973518,0.0045070085,0.021975026
21709,0.6279724,0.015319184,0.35670838
21710,0.81264406,0.023839299,0.16351666
21711,0.15150675,0.0058528967,0.8426404
21712,0.97843826,0.0012266812,0.020335063
21713,0.65363413,0.010980334,0.3353855
21714,0.0070829988,0.010275818,0.98264116
21715,0.9329831,0.0055191345,0.061497718
21716,0.9327798,0.0034728816,0.06374736
21717,0.9523761,0.0068329936,0.040790834
21718,0.89335823,0.0062568346,0.100384906
21719,0.9688657,0.0018256726,0.02930856
21720,0.9811164,0.000808435,0.018075181
21721,0.9169894,0.026639862,0.056370713
21722,0.63910526,0.01148216,0.34941256
21723,0.90149784,0.0033417589,0.09516041
21724,0.9637592,0.0019721687,0.034268696
21725,0.9568898,0.007032661,0.036077566
21726,0.9829904,0.0035940642,0.013415527
21727,0.9828225,0.0059735454,0.0112039605
21728,0.92578423,0.029433912,0.04478188
21729,0.08265015,0.027919019,0.8894308
21730,0.9709899,0.012257517,0.016752588
21731,0.9225863,0.012747594,0.06466611
21732,0.91503197,0.001419078,0.083548956
21733,0.15792833,0.079221964,0.7628497
21734,0.17090867,0.004471868,0.8246195
21735,0.80901146,0.0031025591,0.18788604
21736,0.94950724,0.002995486,0.04749728
21737,0.9658106,0.007932368,0.026256995
21738,0.80360025,0.013463837,0.18293585
21739,0.7961249,0.0014390169,0.2024361
21740,0.09538056,0.0139403455,0.89067906
21741,0.7609086,0.07019366,0.16889775
21742,0.97873366,0.005907167,0.015359121
21743,0.037432175,0.026011856,0.9365559
21744,0.21113622,0.0056205797,0.7832432
21745,0.85143626,0.034069337,0.114494435
21746,0.93103516,0.018719831,0.05024505
21747,0.7209781,0.036439206,0.24258272
21748,0.9412311,0.010053211,0.04871574
21749,0.9767364,0.0047459,0.018517671
21750,0.8816661,0.045430314,0.07290354
21751,0.7838042,0.04856853,0.16762726
21752,0.8188586,0.011010747,0.1701306
21753,0.9715936,0.0018622618,0.026544131
21754,0.13854656,0.08970633,0.7717471
21755,0.7559291,0.02931357,0.2147573
21756,0.95728445,0.0048498195,0.03786572
21757,0.27603385,0.62929916,0.09466702
21758,0.8599115,0.09377829,0.046310198
21759,0.98801905,0.005588529,0.0063924487
21760,0.6794726,0.25777537,0.06275201
21761,0.9557275,0.0061023193,0.038170174
21762,0.9790444,0.0026654243,0.018290218
21763,0.2089142,0.090188414,0.7008974
21764,0.756918,0.0041966666,0.23888536
21765,0.0025992393,0.001947797,0.9954529
21766,0.6484986,0.007883173,0.3436182
21767,0.45608762,0.0056854673,0.5382269
21768,0.14474939,0.0023148267,0.8529358
21769,0.8095318,0.14603823,0.04443
21770,0.96942174,0.009823683,0.020754592
21771,0.012596598,0.040560465,0.9468429
21772,0.93957275,0.0025929522,0.0578343
21773,0.021576425,0.00097184815,0.97745174
21774,0.94146746,0.0062735947,0.052258924
21775,0.9009132,0.06950453,0.029582275
21776,0.75978523,0.005528651,0.23468614
21777,0.96568054,0.005546846,0.028772624
21778,0.9606248,0.01826252,0.021112652
21779,0.95409906,0.0039765122,0.041924365
21780,0.9328917,0.03348178,0.033626467
21781,0.83309114,0.033658165,0.13325071
21782,0.9792107,0.0015964127,0.019192914
21783,0.9670183,0.0018873499,0.03109435
21784,0.9827725,0.0024691608,0.0147583755
21785,0.81480944,0.042726766,0.14246385
21786,0.97593564,0.0032823014,0.020782083
21787,0.98214424,0.0038036783,0.0140520595
21788,0.78052944,0.004241241,0.21522935
21789,0.36802834,0.009905776,0.62206584
21790,0.19167665,0.27455637,0.533767
21791,0.84944564,0.1106386,0.03991577
21792,0.91414213,0.0026954785,0.083162375
21793,0.90596086,0.003661729,0.09037735
21794,0.25526613,0.012438511,0.73229533
21795,0.9458152,0.003242758,0.050942045
21796,0.10661898,0.04759872,0.84578234
21797,0.73436034,0.001806856,0.26383275
21798,0.9526681,0.012502436,0.034829505
21799,0.9425342,0.016740516,0.04072534
21800,0.71906406,0.026988385,0.25394753
21801,0.9430099,0.01583744,0.04115267
21802,0.9797463,0.0013497816,0.018904004
21803,0.14007513,0.09328979,0.76663506
21804,0.34892285,0.022691183,0.628386
21805,0.7697123,0.09663354,0.13365413
21806,0.10326546,0.0010994689,0.8956351
21807,0.95891047,0.010099437,0.030990072
21808,0.9462,0.018830996,0.03496904
21809,0.5136829,0.05921772,0.42709935
21810,0.90911376,0.037383877,0.053502377
21811,0.9408579,0.006541173,0.052600957
21812,0.9495899,0.0030160625,0.04739405
21813,0.5357906,0.09430937,0.36990005
21814,0.9845955,0.0037701686,0.011634299
21815,0.97018945,0.0010503817,0.028760172
21816,0.97548825,0.0053696157,0.019142149
21817,0.67822593,0.021193812,0.3005803
21818,0.983959,0.0059467163,0.01009422
21819,0.93876165,0.023643544,0.0375948
21820,0.97739685,0.0056098946,0.01699322
21821,0.88662106,0.0036152783,0.10976365
21822,0.49454996,0.353401,0.1520491
21823,0.123957165,0.013037578,0.8630053
21824,0.67456365,0.015443912,0.30999243
21825,0.87187535,0.008351528,0.11977318
21826,0.9748628,0.0027736938,0.022363415
21827,0.0018433115,0.00035430226,0.9978023
21828,0.42622772,0.06791716,0.50585514
21829,0.73655826,0.0012488043,0.262193
21830,0.9873941,0.0025222502,0.0100836
21831,0.96048236,0.0024811686,0.03703644
21832,0.8631775,0.088652626,0.04816991
21833,0.33537182,0.06350822,0.60111994
21834,0.060139198,0.0022169785,0.9376438
21835,0.7167762,0.036683068,0.24654078
21836,0.95655775,0.0131211225,0.030321078
21837,0.22467369,0.0044989176,0.7708274
21838,0.981806,0.0016136102,0.016580453
21839,0.49167436,0.016490065,0.49183553
21840,0.13436607,0.08406363,0.7815703
21841,0.005597139,0.0038703785,0.9905325
21842,0.94097084,0.0067401696,0.05228898
21843,0.6579479,0.0019045143,0.34014758
21844,0.9781261,0.002296852,0.019577079
21845,0.9326827,0.007487251,0.059830066
21846,0.5019226,0.047264658,0.4508128
21847,0.75496995,0.049974643,0.19505535
21848,0.958827,0.0046593235,0.03651362
21849,0.89893657,0.0033605655,0.09770285
21850,0.6249815,0.009856237,0.3651622
21851,0.97810936,0.00042372732,0.021466983
21852,0.18954837,0.037820324,0.7726313
21853,0.93414605,0.00752585,0.058328114
21854,0.91242754,0.0072166943,0.08035575
21855,0.98713964,0.0025746336,0.010285779
21856,0.97101206,0.0049800156,0.024007918
21857,0.63559365,0.0073442915,0.357062
21858,0.6893816,0.075785846,0.23483257
21859,0.9799396,0.0064925523,0.013567887
21860,0.44942495,0.0073111053,0.5432639
21861,0.9452905,0.002918853,0.051790692
21862,0.8940832,0.010776677,0.09514013
21863,0.8828579,0.08884012,0.028301973
21864,0.14585234,0.5343229,0.31982473
21865,0.92617184,0.002621627,0.07120648
21866,0.94925517,0.010802777,0.039941985
21867,0.9881996,0.0009007322,0.010899629
21868,0.85756236,0.002089241,0.1403484
21869,0.98311484,0.0004466134,0.01643861
21870,0.97145534,0.0039824173,0.024562247
21871,0.95805347,0.009824623,0.032121904
21872,0.97268254,0.0016761412,0.025641266
21873,0.98109174,0.001731208,0.017177086
21874,0.020995285,0.0015715087,0.97743315
21875,0.95510924,0.002610491,0.042280305
21876,0.9523798,0.0034483075,0.044171926
21877,0.07381243,0.03241665,0.8937709
21878,0.9724205,0.0025446455,0.025034823
21879,0.0926113,0.002137053,0.9052517
21880,0.9252292,0.0105101885,0.06426063
21881,0.026310537,0.031803425,0.941886
21882,0.96133065,0.0056818123,0.03298751
21883,0.88552403,0.0097083645,0.10476763
21884,0.97256416,0.008672189,0.018763656
21885,0.003145044,0.00025211487,0.9966028
21886,0.7299099,0.016779285,0.25331083
21887,0.96882063,0.011470228,0.019709101
21888,0.06700895,0.0071490626,0.925842
21889,0.6024741,0.018770743,0.37875518
21890,0.93773794,0.009971697,0.052290376
21891,0.9624715,0.0025894959,0.03493899
21892,0.97804034,0.0009095175,0.021050163
21893,0.9839489,0.0019790845,0.014072027
21894,0.6358716,0.02484538,0.33928302
21895,0.05145612,0.0032462964,0.9452976
21896,0.9794256,0.0028977606,0.017676674
21897,0.053778455,0.0046736943,0.9415479
21898,0.98931503,0.0009264207,0.009758514
21899,0.9222507,0.0016988064,0.07605047
21900,0.9472515,0.0015607671,0.05118775
21901,0.050023753,0.0036222108,0.94635403
21902,0.9030804,0.01923167,0.077687964
21903,0.96858156,0.0017276913,0.029690782
21904,0.3111413,0.3443352,0.34452352
21905,0.5963931,0.018926289,0.38468057
21906,0.012644201,0.0118583655,0.9754975
21907,0.013070855,0.0012080665,0.9857211
21908,0.015467833,0.0013513928,0.9831808
21909,0.97350806,0.013913655,0.012578327
21910,0.6159467,0.06835151,0.3157018
21911,0.8382693,0.0034723647,0.15825833
21912,0.06834045,0.060756218,0.8709033
21913,0.93384904,0.046906658,0.019244332
21914,0.035165157,0.0017880562,0.9630467
21915,0.98120534,0.0019016907,0.016892975
21916,0.74707216,0.026196828,0.22673103
21917,0.19725884,0.0029697162,0.7997714
21918,0.9781546,0.005236773,0.016608626
21919,0.98967814,0.0032606532,0.0070611667
21920,0.9651289,0.005922737,0.028948411
21921,0.8280409,0.023375586,0.14858353
21922,0.98504525,0.0012114905,0.013743214
21923,0.92482424,0.050314773,0.024860963
21924,0.95197666,0.036963634,0.011059711
21925,0.8399156,0.08680344,0.07328099
21926,0.93683416,0.0060968427,0.057068974
21927,0.96509504,0.011262693,0.023642281
21928,0.88441694,0.0077695125,0.10781357
21929,0.24397524,0.04177994,0.7142448
21930,0.94994617,0.009344844,0.040709015
21931,0.9452172,0.010497902,0.044284932
21932,0.92479426,0.0048578246,0.070347875
21933,0.051429935,0.006525575,0.94204456
21934,0.7793354,0.014779719,0.20588487
21935,0.9739662,0.007745713,0.018288061
21936,0.97508156,0.0016942453,0.023224225
21937,0.27388424,0.010755928,0.7153598
21938,0.9734485,0.0011162808,0.025435233
21939,0.8969427,0.07849884,0.024558503
21940,0.09528395,0.021741355,0.8829747
21941,0.9163373,0.010715214,0.072947524
21942,0.9396306,0.013195642,0.04717373
21943,0.92505604,0.012518495,0.062425446
21944,0.9355791,0.012073756,0.05234717
21945,0.95297855,0.021138962,0.02588253
21946,0.2960791,0.039877266,0.66404366
21947,0.58950394,0.0114391,0.39905694
21948,0.03655261,0.04019755,0.9232498
21949,0.87642854,0.010727734,0.112843715
21950,0.8826491,0.011687558,0.10566329
21951,0.9780613,0.0025088536,0.01942986
21952,0.71260107,0.0133943325,0.27400464
21953,0.9745466,0.0028702773,0.022583036
21954,0.96508104,0.012348036,0.022570949
21955,0.34468415,0.02278756,0.6325283
21956,0.8790561,0.024188744,0.09675521
21957,0.96679515,0.0059481403,0.027256735
21958,0.09362169,0.046598732,0.8597796
21959,0.8302138,0.088860095,0.080926076
21960,0.41220647,0.43614787,0.15164563
21961,0.010047966,0.0061842706,0.98376775
21962,0.939236,0.0016344348,0.059129573
21963,0.9461506,0.0011061277,0.052743234
21964,0.8727664,0.006168058,0.12106555
21965,0.9969156,0.00091727637,0.0021671706
21966,0.872399,0.019999694,0.10760137
21967,0.9837015,0.0013225666,0.014975958
21968,0.9549678,0.0029553657,0.042076856
21969,0.9812004,0.0027594643,0.016040089
21970,0.98856074,0.004943463,0.006495774
21971,0.98475665,0.0038049987,0.011438348
21972,0.010712422,0.0006475767,0.98863995
21973,0.9050478,0.06906225,0.02589001
21974,0.027891828,0.0071028583,0.96500534
21975,0.92738837,0.011035797,0.061575837
21976,0.65589046,0.02066146,0.3234481
21977,0.33476144,0.02219168,0.64304686
21978,0.93045115,0.0022970606,0.06725178
21979,0.03743663,0.011881383,0.95068204
21980,0.9716257,0.0024577219,0.025916627
21981,0.96116877,0.029178362,0.009652836
21982,0.07570233,0.022660343,0.9016373
21983,0.9364913,0.012212094,0.051296517
21984,0.029880563,0.0038818924,0.9662376
21985,0.85428894,0.037241757,0.10846928
21986,0.44122612,0.01738149,0.5413924
21987,0.69136816,0.018194422,0.29043737
21988,0.9283929,0.020711333,0.0508958
21989,0.9030278,0.022283003,0.074689254
21990,0.9793802,0.0014468924,0.019172927
21991,0.14529926,0.0015146374,0.85318613
21992,0.95003396,0.0017814757,0.04818456
21993,0.98204994,0.008117934,0.009832134
21994,0.13719667,0.049261875,0.8135414
21995,0.9885169,0.00085955445,0.010623555
21996,0.90580064,0.06800019,0.026199164
21997,0.06355166,0.004843681,0.9316046
21998,0.97116405,0.002585839,0.026250089
21999,0.83399785,0.017767569,0.14823462
22000,0.9729154,0.0017451132,0.025339454
22001,0.3208144,0.1261916,0.552994
22002,0.85202813,0.008736711,0.1392352
22003,0.90635556,0.0037633278,0.08988115
22004,0.7703186,0.008082079,0.2215993
22005,0.23705149,0.6346543,0.1282942
22006,0.8940798,0.0072471965,0.09867306
22007,0.9137491,0.004060535,0.08219032
22008,0.98384273,0.003128638,0.013028659
22009,0.32222256,0.016474199,0.6613033
22010,0.37103254,0.01877445,0.610193
22011,0.75841933,0.03959141,0.20198926
22012,0.30250314,0.023568336,0.6739285
22013,0.97753006,0.0011884904,0.021281455
22014,0.9771853,0.006701489,0.016113197
22015,0.97967315,0.006668985,0.01365793
22016,0.04950959,0.0029440396,0.94754636
22017,0.02854464,0.007237704,0.96421766
22018,0.97205466,0.00090486585,0.027040485
22019,0.952037,0.0029596428,0.0450034
22020,0.976261,0.007617375,0.01612153
22021,0.9469784,0.007222371,0.045799278
22022,0.9568814,0.024802743,0.018315835
22023,0.9843965,0.0026989265,0.012904507
22024,0.8906637,0.008219056,0.1011173
22025,0.44315022,0.0911059,0.46574387
22026,0.8736364,0.017617201,0.108746365
22027,0.92354834,0.0014418673,0.07500983
22028,0.8949785,0.050335847,0.054685608
22029,0.9157411,0.008602903,0.07565598
22030,0.9762323,0.0006251572,0.023142535
22031,0.7197309,0.012260708,0.26800838
22032,0.048247576,0.048641585,0.9031108
22033,0.9581642,0.006284873,0.03555087
22034,0.1404974,0.289121,0.5703816
22035,0.97452366,0.001298001,0.024178393
22036,0.88431466,0.008586579,0.10709881
22037,0.9136326,0.013606141,0.07276131
22038,0.9831087,0.004997394,0.011893902
22039,0.956251,0.0048617134,0.03888729
22040,0.90011305,0.0043699415,0.09551701
22041,0.9405777,0.005741614,0.053680647
22042,0.35106447,0.3305323,0.31840324
22043,0.6562571,0.22530617,0.11843673
22044,0.94328034,0.004221234,0.05249841
22045,0.04959534,0.007835774,0.9425689
22046,0.9356657,0.011254226,0.053080082
22047,0.92153007,0.02498437,0.053485587
22048,0.9659978,0.0009877011,0.033014476
22049,0.9781594,0.0025629962,0.019277593
22050,0.6645074,0.0024909084,0.33300164
22051,0.95666885,0.0032149474,0.04011621
22052,0.1442841,0.013353835,0.8423621
22053,0.96032906,0.0075704083,0.032100495
22054,0.86162925,0.049764775,0.08860598
22055,0.8986152,0.0041147955,0.097269975
22056,0.42560107,0.013549138,0.5608498
22057,0.9563954,0.00675576,0.036848877
22058,0.012948251,0.0074837497,0.979568
22059,0.9604709,0.0011013653,0.038427748
22060,0.8461952,0.0012766623,0.15252812
22061,0.7899573,0.020624382,0.18941829
22062,0.7633981,0.0154097965,0.22119206
22063,0.9560774,0.005008548,0.038914014
22064,0.05641939,0.017947396,0.9256332
22065,0.92183965,0.02245482,0.05570556
22066,0.98034483,0.0043688007,0.015286315
22067,0.9770857,0.007683007,0.015231298
22068,0.012436042,0.005544424,0.9820195
22069,0.96196336,0.0011077331,0.036928963
22070,0.0017901522,0.0004179836,0.9977919
22071,0.90809494,0.0066308384,0.085274175
22072,0.012472267,0.0013948143,0.986133
22073,0.9487383,0.009736611,0.041525096
22074,0.07826575,0.004938278,0.91679597
22075,0.4453812,0.06359731,0.49102148
22076,0.9238985,0.005209533,0.07089194
22077,0.073812865,0.1753689,0.75081825
22078,0.8284231,0.01349307,0.15808384
22079,0.82418925,0.006938562,0.1688722
22080,0.5145777,0.013997225,0.4714251
22081,0.97171324,0.009409275,0.018877452
22082,0.82373875,0.039350353,0.13691089
22083,0.52383286,0.0067287,0.46943843
22084,0.870618,0.006764046,0.12261796
22085,0.9515673,0.002318573,0.04611409
22086,0.24722347,0.0039811777,0.74879533
22087,0.9056778,0.06392938,0.030392824
22088,0.52269185,0.004703426,0.4726047
22089,0.971236,0.001689607,0.027074387
22090,0.9721637,0.010925832,0.016910443
22091,0.5075241,0.021902611,0.47057328
22092,0.979358,0.0020049226,0.018636996
22093,0.30590323,0.2665692,0.42752752
22094,0.97093034,0.0013748811,0.02769477
22095,0.10611245,0.026090806,0.8677967
22096,0.9564415,0.0022628347,0.04129564
22097,0.84956586,0.039250065,0.111184075
22098,0.007928844,0.0030508873,0.9890203
22099,0.4042476,0.016095849,0.5796565
22100,0.31743976,0.00805715,0.6745031
22101,0.05207923,0.033150308,0.9147705
22102,0.96342754,0.011138538,0.025433881
22103,0.95215356,0.004334891,0.043511502
22104,0.95239514,0.010732782,0.036872044
22105,0.9929925,0.0006124738,0.006395019
22106,0.79661536,0.024175301,0.17920938
22107,0.97637534,0.00068980345,0.022934867
22108,0.91355944,0.0012674114,0.08517317
22109,0.97406036,0.018575134,0.0073644808
22110,0.32738483,0.0072008767,0.6654143
22111,0.9257885,0.02546341,0.048748072
22112,0.093957625,0.83120096,0.07484145
22113,0.53555846,0.20253517,0.26190636
22114,0.92382836,0.013567449,0.06260423
22115,0.004914065,0.0003923435,0.9946936
22116,0.91008633,0.0043279524,0.085585736
22117,0.99255955,0.001893466,0.005547055
22118,0.9104424,0.0045468537,0.08501069
22119,0.89635605,0.0062422077,0.097401716
22120,0.030524742,0.004871076,0.9646042
22121,0.95685774,0.0038411908,0.039301064
22122,0.97780484,0.0049180053,0.017277189
22123,0.8320294,0.007528201,0.1604424
22124,0.923437,0.018724503,0.05783847
22125,0.75227624,0.095736824,0.15198696
22126,0.9740337,0.0023522233,0.023614084
22127,0.44856218,0.0027253754,0.54871243
22128,0.055139516,0.0010799286,0.9437806
22129,0.54489034,0.022712547,0.43239704
22130,0.97677064,0.0031396998,0.020089665
22131,0.9362484,0.001057295,0.06269429
22132,0.6615862,0.0042475318,0.3341663
22133,0.17300762,0.014690384,0.812302
22134,0.6901035,0.016918052,0.29297847
22135,0.95784575,0.0021348093,0.04001949
22136,0.95305574,0.008604411,0.038339783
22137,0.01065907,0.0031182629,0.9862227
22138,0.97790146,0.0022957728,0.019802783
22139,0.3636651,0.006115561,0.63021934
22140,0.0037232237,0.0012620266,0.9950147
22141,0.28522417,0.065625474,0.6491503
22142,0.03831866,0.005637411,0.95604396
22143,0.09163146,0.0020269246,0.9063417
22144,0.9236977,0.0035778384,0.07272441
22145,0.96974206,0.014282383,0.015975548
22146,0.85965085,0.008537927,0.13181125
22147,0.74606436,0.03152767,0.22240795
22148,0.89546657,0.035062693,0.06947071
22149,0.9535284,0.005061329,0.04141021
22150,0.598122,0.008109649,0.3937683
22151,0.18380286,0.38942608,0.42677104
22152,0.16459619,0.0032673457,0.83213645
22153,0.8409989,0.012752545,0.14624856
22154,0.045649145,0.0023659843,0.9519849
22155,0.9479422,0.0018382727,0.050219495
22156,0.8231265,0.0028695993,0.17400394
22157,0.94735193,0.023099942,0.029548103
22158,0.015482842,0.0022591073,0.9822581
22159,0.8861452,0.0004958527,0.11335904
22160,0.3497185,0.14071475,0.5095667
22161,0.96495295,0.0044796253,0.030567419
22162,0.13437094,0.0012634514,0.86436564
22163,0.90778637,0.0110778585,0.08113574
22164,0.9017705,0.01930958,0.07891993
22165,0.92422915,0.006588769,0.0691821
22166,0.033870704,0.0027149944,0.96341425
22167,0.95684516,0.0041688643,0.038985964
22168,0.3063199,0.0069829044,0.6866972
22169,0.8863402,0.006127966,0.10753183
22170,0.88854384,0.01020187,0.101254284
22171,0.96382475,0.0076503884,0.02852492
22172,0.7364989,0.011673565,0.2518276
22173,0.9077303,0.04327235,0.048997346
22174,0.9604067,0.009033054,0.030560287
22175,0.96871436,0.0038140463,0.027471643
22176,0.96244943,0.0016654257,0.03588512
22177,0.5977036,0.1998804,0.202416
22178,0.88302827,0.007090802,0.10988094
22179,0.07322324,0.0024258005,0.924351
22180,0.8916662,0.0023464698,0.105987355
22181,0.80909896,0.0013101498,0.18959086
22182,0.8315593,0.002766251,0.16567445
22183,0.96642596,0.0031415974,0.030432466
22184,0.80885094,0.0044971984,0.18665187
22185,0.9726996,0.0035101303,0.023790266
22186,0.049472228,0.00096075604,0.949567
22187,0.92039865,0.0021420869,0.07745928
22188,0.8737458,0.0016140267,0.12464023
22189,0.94234943,0.004346895,0.053303685
22190,0.0014843482,0.0003324581,0.9981832
22191,0.89365506,0.007877203,0.09846775
22192,0.9461601,0.0018505394,0.05198935
22193,0.9776839,0.0015843055,0.020731762
22194,0.7352076,0.033950716,0.23084164
22195,0.8130906,0.07482634,0.11208302
22196,0.26456794,0.010902101,0.72453
22197,0.9481422,0.017362889,0.03449493
22198,0.058812022,0.0041416613,0.9370463
22199,0.968037,0.0042016637,0.027761351
22200,0.947136,0.0030193196,0.04984469
22201,0.21661264,0.0070569064,0.7763305
22202,0.987347,0.0037663747,0.008886577
22203,0.95486724,0.034502544,0.0106302155
22204,0.9857547,0.0020253067,0.012219982
22205,0.9642269,0.0013849741,0.03438816
22206,0.8593309,0.015169639,0.12549943
22207,0.6838467,0.018923141,0.29723015
22208,0.48601738,0.012430831,0.5015518
22209,0.70984584,0.0060188784,0.28413528
22210,0.8885551,0.047473673,0.06397125
22211,0.9696492,0.0010210519,0.029329708
22212,0.7687685,0.023096642,0.20813487
22213,0.9771757,0.0012981691,0.021526145
22214,0.7697826,0.17001505,0.060202386
22215,0.17585915,0.29691234,0.5272285
22216,0.88888943,0.0027385713,0.10837199
22217,0.93949,0.030207938,0.030302059
22218,0.8208484,0.0014009305,0.17775062
22219,0.48709795,0.15900622,0.35389584
22220,0.009924494,0.0058868206,0.9841887
22221,0.8438339,0.020032188,0.13613386
22222,0.95200086,0.01999197,0.028007217
22223,0.95564276,0.0011522035,0.043205038
22224,0.920865,0.011294268,0.067840666
22225,0.7474439,0.019468343,0.23308776
22226,0.6849701,0.015018481,0.3000115
22227,0.95563334,0.011541009,0.03282561
22228,0.10763752,0.029015278,0.86334723
22229,0.86409044,0.00820806,0.12770155
22230,0.918701,0.008834074,0.07246492
22231,0.86342657,0.0012356383,0.13533783
22232,0.85144895,0.012142632,0.1364084
22233,0.9800163,0.0022619455,0.017721793
22234,0.96958005,0.004240502,0.026179403
22235,0.0063776355,0.004271652,0.98935074
22236,0.20975377,0.03213239,0.75811386
22237,0.16780677,0.6195392,0.21265405
22238,0.9959992,0.00057851244,0.0034223387
22239,0.7722194,0.049853954,0.1779266
22240,0.9887304,0.0013259365,0.009943633
22241,0.82824534,0.006018859,0.16573577
22242,0.9479314,0.014796167,0.03727243
22243,0.33066365,0.045262143,0.6240742
22244,0.24499217,0.2958427,0.4591652
22245,0.8005893,0.017528297,0.18188235
22246,0.93408084,0.009691465,0.056227673
22247,0.9237465,0.0046187015,0.071634725
22248,0.767454,0.0015600787,0.23098591
22249,0.90747005,0.0063115647,0.08621834
22250,0.016526472,0.0026376469,0.9808359
22251,0.90186846,0.02938141,0.068750076
22252,0.9037966,0.010400884,0.08580255
22253,0.95756376,0.0053210896,0.037115127
22254,0.075110555,0.015114223,0.90977526
22255,0.83250976,0.0015951779,0.16589507
22256,0.6524321,0.07554122,0.27202675
22257,0.96642035,0.008211107,0.025368584
22258,0.5710942,0.017244795,0.411661
22259,0.80974597,0.038156822,0.15209718
22260,0.9924654,0.0018778541,0.0056568305
22261,0.9853297,0.0006045092,0.0140658
22262,0.9385323,0.0019484793,0.059519272
22263,0.053358167,0.001490151,0.9451517
22264,0.9604813,0.0069476212,0.032571066
22265,0.8140978,0.011233789,0.17466843
22266,0.0043750186,0.0035516177,0.99207336
22267,0.9169392,0.029544974,0.053515848
22268,0.9808863,0.007721075,0.011392665
22269,0.98604715,0.0017069527,0.012245847
22270,0.9653228,0.014554131,0.020123035
22271,0.9794408,0.0014197475,0.019139413
22272,0.0050650476,0.0005053791,0.9944296
22273,0.49901983,0.028456295,0.47252393
22274,0.9430002,0.005425209,0.05157459
22275,0.69822,0.033228282,0.2685517
22276,0.8139829,0.0151775945,0.17083952
22277,0.9868901,0.0017500435,0.011359847
22278,0.95244455,0.005278793,0.042276613
22279,0.42561495,0.03296992,0.54141515
22280,0.177616,0.011734054,0.81064993
22281,0.90055573,0.006884564,0.09255968
22282,0.26142943,0.027069518,0.71150106
22283,0.55262065,0.04583699,0.40154237
22284,0.9715972,0.017151868,0.011250878
22285,0.80147934,0.013881415,0.1846393
22286,0.9552565,0.008744568,0.035998903
22287,0.55128837,0.06523909,0.3834726
22288,0.11549097,0.2125826,0.6719264
22289,0.9536237,0.0042681196,0.04210824
22290,0.97015566,0.016630925,0.013213381
22291,0.009368658,0.0019221641,0.98870915
22292,0.4564754,0.034112062,0.5094125
22293,0.5715525,0.109956786,0.31849068
22294,0.9487581,0.0049071712,0.046334773
22295,0.83348614,0.0050570774,0.16145681
22296,0.96312577,0.003378807,0.033495434
22297,0.42661792,0.03033641,0.5430457
22298,0.86945575,0.00510824,0.12543598
22299,0.98652005,0.002048712,0.01143124
22300,0.9818941,0.004671504,0.013434359
22301,0.9929904,0.00048684608,0.0065227123
22302,0.16752478,0.1532309,0.6792443
22303,0.07727269,0.0016866071,0.9210408
22304,0.9488807,0.0022918019,0.048827507
22305,0.8886635,0.002135553,0.109200984
22306,0.93290955,0.002510121,0.06458032
22307,0.4961624,0.029452393,0.4743852
22308,0.03731515,0.002044725,0.9606401
22309,0.22585449,0.016876005,0.75726956
22310,0.95202905,0.0041402634,0.043830667
22311,0.20785251,0.0235282,0.7686193
22312,0.4285943,0.23419218,0.33721355
22313,0.99150753,0.0014969254,0.0069954665
22314,0.8928397,0.004682028,0.10247823
22315,0.91342777,0.008849919,0.07772229
22316,0.97424656,0.0016760321,0.0240774
22317,0.56431586,0.05260145,0.38308275
22318,0.9068044,0.005291719,0.087903865
22319,0.33876216,0.02724467,0.6339932
22320,0.8833313,0.021687765,0.09498096
22321,0.9689584,0.017433899,0.0136077255
22322,0.31048942,0.0055203633,0.68399024
22323,0.77420706,0.024046104,0.2017468
22324,0.0034126625,0.0003149214,0.99627244
22325,0.91952455,0.022543762,0.05793166
22326,0.3050695,0.009692574,0.68523794
22327,0.7373365,0.023071663,0.23959188
22328,0.6865658,0.042985696,0.27044848
22329,0.20743379,0.005468448,0.7870977
22330,0.97418153,0.002412538,0.023405928
22331,0.92277795,0.021397676,0.055824395
22332,0.97132707,0.0025293336,0.02614356
22333,0.947028,0.002836234,0.050135855
22334,0.18821949,0.04780626,0.7639743
22335,0.5974883,0.012503609,0.3900081
22336,0.8019446,0.006243154,0.1918122
22337,0.49036986,0.3719662,0.13766396
22338,0.92437583,0.011681991,0.063942164
22339,0.060246017,0.0079597775,0.9317942
22340,0.95961356,0.0016970434,0.038689386
22341,0.9808725,0.003915332,0.01521218
22342,0.9620566,0.0049917023,0.032951742
22343,0.16927154,0.010095412,0.82063305
22344,0.8533378,0.0045432313,0.14211895
22345,0.933839,0.0171163,0.049044657
22346,0.0013835476,0.001944729,0.9966717
22347,0.15354307,0.0115074385,0.8349495
22348,0.7366807,0.038662378,0.22465692
22349,0.89885986,0.0059412704,0.095198825
22350,0.49329665,0.082907125,0.42379618
22351,0.9159366,0.0035929019,0.08047054
22352,0.34387687,0.013083193,0.64303994
22353,0.8703842,0.014805592,0.114810236
22354,0.53244287,0.0532484,0.41430867
22355,0.91690147,0.0038344702,0.07926402
22356,0.25918794,0.031069206,0.70974284
22357,0.9901811,0.001261963,0.008556946
22358,0.932877,0.0015053429,0.06561768
22359,0.95588994,0.0032595329,0.04085059
22360,0.9868118,0.003163321,0.010024861
22361,0.822833,0.009196284,0.1679707
22362,0.13121052,0.008846855,0.8599426
22363,0.5542132,0.0060583106,0.4397285
22364,0.8905349,0.016743932,0.0927212
22365,0.90032816,0.009506975,0.09016482
22366,0.9719024,0.0022756434,0.02582201
22367,0.033938736,0.0012669113,0.96479434
22368,0.97508407,0.012847819,0.012068167
22369,0.8442927,0.0020704167,0.15363683
22370,0.9565857,0.0051358026,0.038278453
22371,0.9069094,0.010445896,0.082644746
22372,0.57354707,0.017634284,0.4088186
22373,0.93056375,0.0041330946,0.06530313
22374,0.53010446,0.029124375,0.4407712
22375,0.8694428,0.022645412,0.10791173
22376,0.9527663,0.001577401,0.045656256
22377,0.917499,0.009281946,0.0732191
22378,0.19981532,0.0055907937,0.7945939
22379,0.8160693,0.034357905,0.14957276
22380,0.5862491,0.18410578,0.22964515
22381,0.75631267,0.22081117,0.022876136
22382,0.95144707,0.00056572165,0.04798724
22383,0.9729714,0.0054158918,0.021612694
22384,0.5651278,0.0017196939,0.43315247
22385,0.6166543,0.029723242,0.3536225
22386,0.9441423,0.010010634,0.045847118
22387,0.9515841,0.0023521595,0.04606372
22388,0.66364026,0.04499233,0.29136738
22389,0.99391586,0.0018033389,0.0042807837
22390,0.9726017,0.010400287,0.016997963
22391,0.8827651,0.0060332143,0.11120168
22392,0.93328184,0.0178028,0.04891536
22393,0.017125515,0.0014063251,0.98146814
22394,0.8827568,0.0066477205,0.11059546
22395,0.45312217,0.032693207,0.5141846
22396,0.8695947,0.015348022,0.11505728
22397,0.8801652,0.00081335154,0.119021505
22398,0.9886193,0.0013010855,0.010079585
22399,0.02926864,0.0016258161,0.9691056
22400,0.92977875,0.005230429,0.0649908
22401,0.9684353,0.003590305,0.027974386
22402,0.97630227,0.003089806,0.020607943
22403,0.98559016,0.00058118626,0.013828722
22404,0.98048717,0.0005941317,0.01891865
22405,0.9689837,0.0019780097,0.02903829
22406,0.39854434,0.0075486777,0.59390694
22407,0.4367135,0.010751927,0.5525346
22408,0.0026647008,0.0018352362,0.9955
22409,0.92796195,0.004268761,0.06776929
22410,0.23810332,0.021735458,0.7401612
22411,0.88852245,0.021066554,0.09041098
22412,0.32114217,0.033552747,0.6453051
22413,0.8644415,0.012649255,0.12290923
22414,0.9447713,0.0045759184,0.050652783
22415,0.9742827,0.011975626,0.013741697
22416,0.87721914,0.05518874,0.067592084
22417,0.98134273,0.0008010742,0.017856203
22418,0.9000271,0.00744925,0.09252368
22419,0.95129144,0.0035724922,0.045136098
22420,0.91308504,0.0115343435,0.07538066
22421,0.95622224,0.0016818199,0.042095944
22422,0.08229543,0.031428814,0.88627577
22423,0.93468875,0.0037087025,0.061602607
22424,0.95540184,0.015291663,0.029306414
22425,0.73417556,0.017097557,0.24872689
22426,0.51627594,0.039242074,0.44448197
22427,0.66680115,0.016814398,0.31638446
22428,0.5283815,0.026671985,0.44494644
22429,0.89823765,0.01534669,0.086415686
22430,0.7844166,0.15809049,0.057492867
22431,0.95707595,0.0060576834,0.03686637
22432,0.5387334,0.3708231,0.0904435
22433,0.9406233,0.0017018953,0.05767483
22434,0.9838853,0.0024687597,0.013645948
22435,0.084899634,0.0093163075,0.905784
22436,0.5647059,0.038257822,0.39703628
22437,0.7642572,0.20190994,0.03383285
22438,0.9888686,0.0010188444,0.010112574
22439,0.9917094,0.00054221915,0.007748347
22440,0.9543291,0.012682475,0.032988444
22441,0.91712683,0.010455559,0.0724176
22442,0.3332631,0.24533395,0.4214029
22443,0.9377059,0.004114234,0.05817988
22444,0.0072647226,0.0013829126,0.99135244
22445,0.9805563,0.0012477626,0.01819596
22446,0.13749816,0.030331034,0.8321708
22447,0.9610938,0.007413322,0.03149295
22448,0.9127415,0.007553337,0.079705186
22449,0.27088425,0.0041894023,0.72492635
22450,0.9617674,0.003292602,0.034939982
22451,0.69259834,0.15509148,0.15231018
22452,0.025189303,0.0037672825,0.9710434
22453,0.9324281,0.004368954,0.06320297
22454,0.0095152855,0.0019711324,0.9885135
22455,0.01920341,0.005864717,0.97493184
22456,0.91208667,0.024107315,0.063806
22457,0.53960854,0.006271106,0.45412037
22458,0.98724073,0.0084823975,0.004276942
22459,0.9698009,0.0008286559,0.02937044
22460,0.702979,0.25221983,0.04480115
22461,0.97845834,0.0003446864,0.021196991
22462,0.9703827,0.012792229,0.01682511
22463,0.98796,0.00073521625,0.011304807
22464,0.3820077,0.037792556,0.5801997
22465,0.95989645,0.009396289,0.030707268
22466,0.93612933,0.008990839,0.054879818
22467,0.24156773,0.02322861,0.7352037
22468,0.9163083,0.0102391485,0.07345254
22469,0.9797998,0.0014846355,0.018715536
22470,0.952039,0.0015281074,0.046432883
22471,0.9045715,0.002394114,0.0930344
22472,0.95406264,0.00078035844,0.045157026
22473,0.9809153,0.0021184122,0.016966322
22474,0.840234,0.0059825857,0.1537834
22475,0.9842322,0.0054361406,0.010331696
22476,0.93049264,0.0044526593,0.06505471
22477,0.95477897,0.0077903303,0.037430655
22478,0.9705368,0.005059999,0.024403166
22479,0.65327513,0.018948525,0.32777634
22480,0.9680293,0.0036824332,0.028288268
22481,0.96394986,0.0012370669,0.034813073
22482,0.38813964,0.06390875,0.54795164
22483,0.6857805,0.0075652925,0.30665416
22484,0.08476569,0.08522494,0.83000934
22485,0.9675693,0.0019765508,0.030454135
22486,0.5458707,0.014629999,0.43949932
22487,0.1210163,0.103172936,0.7758107
22488,0.65049666,0.08592225,0.26358107
22489,0.87949526,0.041390665,0.07911412
22490,0.9764449,0.0011785892,0.022376489
22491,0.76490134,0.087243386,0.14785528
22492,0.92338467,0.0018752111,0.07474009
22493,0.951165,0.0005430173,0.04829194
22494,0.9776898,0.00034914815,0.021961065
22495,0.90356237,0.023415405,0.07302227
22496,0.65902317,0.0046023885,0.3363744
22497,0.98540145,0.0008575317,0.013741098
22498,0.93586737,0.02917946,0.03495313
22499,0.91788423,0.021133618,0.060982205
22500,0.97025204,0.014279255,0.015468752
22501,0.6023736,0.023655724,0.37397072
22502,0.83893305,0.013654985,0.14741202
22503,0.009422934,0.037728876,0.9528482
22504,0.9775444,0.0025194064,0.019936142
22505,0.2175499,0.0034831327,0.77896696
22506,0.10805389,0.008892645,0.8830535
22507,0.9464029,0.0041224724,0.049474623
22508,0.9634394,0.010524665,0.026035894
22509,0.3939184,0.014608484,0.59147316
22510,0.95853066,0.0037627202,0.037706576
22511,0.5498535,0.004546705,0.44559982
22512,0.3070265,0.02953497,0.6634385
22513,0.88571,0.06382904,0.050460927
22514,0.9713183,0.0024275847,0.026254147
22515,0.9471722,0.0035573093,0.04927048
22516,0.91943836,0.04296622,0.03759539
22517,0.96336746,0.011829738,0.024802828
22518,0.9856134,0.0019685468,0.012417992
22519,0.86017144,0.007923677,0.13190489
22520,0.6963348,0.013897593,0.28976765
22521,0.8610231,0.0485561,0.09042081
22522,0.008833178,0.004702874,0.9864639
22523,0.9433321,0.02120662,0.035461336
22524,0.683755,0.019313606,0.29693136
22525,0.09075152,0.0028042516,0.9064442
22526,0.88188934,0.007492785,0.11061791
22527,0.96973,0.007170598,0.023099413
22528,0.92333955,0.0024786645,0.07418179
22529,0.9589247,0.0024977308,0.038577534
22530,0.9396118,0.01744027,0.04294795
22531,0.91184646,0.0059791165,0.08217447
22532,0.47861016,0.011808944,0.5095809
22533,0.5648379,0.020220287,0.41494185
22534,0.8893962,0.0034655572,0.10713821
22535,0.9817059,0.0008622101,0.017431889
22536,0.90481913,0.017197646,0.07798327
22537,0.96454006,0.0034282065,0.03203173
22538,0.9800655,0.006743932,0.013190518
22539,0.9889215,0.004283278,0.006795144
22540,0.9409695,0.0056404644,0.053389978
22541,0.021524977,0.004768216,0.97370684
22542,0.8948122,0.016999923,0.08818779
22543,0.090246096,0.009875057,0.89987886
22544,0.83168113,0.0069590397,0.16135977
22545,0.464323,0.0064229886,0.52925396
22546,0.9409246,0.030150574,0.028924806
22547,0.035976138,0.02609159,0.93793225
22548,0.9460425,0.021190215,0.032767292
22549,0.87468976,0.007991126,0.11731913
22550,0.9264691,0.037849158,0.03568169
22551,0.8026516,0.09850223,0.09884616
22552,0.77200943,0.0144806225,0.21350995
22553,0.32960647,0.038982246,0.63141125
22554,0.8067424,0.0022318154,0.19102573
22555,0.36959088,0.030910052,0.5994991
22556,0.79928654,0.012755738,0.18795773
22557,0.98269594,0.00031044357,0.01699358
22558,0.84011096,0.01949917,0.14038986
22559,0.989224,0.002400464,0.00837549
22560,0.8801673,0.02266248,0.097170234
22561,0.39663473,0.26062515,0.34274012
22562,0.0047081606,0.002040495,0.9932514
22563,0.08779148,0.0050524813,0.90715605
22564,0.020302903,0.003965108,0.97573197
22565,0.9286455,0.025655312,0.045699157
22566,0.5361429,0.13045506,0.33340207
22567,0.91590697,0.01077048,0.07332248
22568,0.9497087,0.015025763,0.03526547
22569,0.9532771,0.003620437,0.043102488
22570,0.92080975,0.0036786592,0.075511575
22571,0.96061313,0.018567862,0.020818984
22572,0.9559908,0.01162978,0.03237941
22573,0.96823645,0.019001262,0.012762305
22574,0.35564005,0.0020594024,0.64230055
22575,0.70401263,0.06274458,0.23324285
22576,0.06525548,0.03065536,0.9040892
22577,0.96963364,0.0041649644,0.026201451
22578,0.018398298,0.004211304,0.97739047
22579,0.71994185,0.03734085,0.24271728
22580,0.9524926,0.009029395,0.038478013
22581,0.9568034,0.0006267534,0.042569857
22582,0.85486263,0.05907111,0.086066276
22583,0.9691131,0.0046073818,0.026279481
22584,0.9669594,0.0028535519,0.030187022
22585,0.8841142,0.009001969,0.1068839
22586,0.98736286,0.00046277093,0.012174439
22587,0.13522542,0.1389536,0.725821
22588,0.8151447,0.0018613997,0.18299387
22589,0.97389597,0.00313971,0.0229643
22590,0.9838727,0.0064605037,0.00966683
22591,0.9468235,0.0046243984,0.04855216
22592,0.9458294,0.0029142862,0.05125633
22593,0.88657033,0.0329212,0.08050843
22594,0.6281886,0.012767708,0.3590437
22595,0.83450264,0.00335146,0.16214594
22596,0.94803244,0.015523165,0.036444392
22597,0.8129833,0.0059708674,0.1810458
22598,0.69935894,0.0041137272,0.29652736
22599,0.8414358,0.0063557466,0.15220848
22600,0.9143863,0.00727739,0.07833632
22601,0.97228235,0.0033816497,0.024336062
22602,0.65253514,0.013867326,0.33359754
22603,0.97624093,0.0046358174,0.019123267
22604,0.03307914,0.01048915,0.9564317
22605,0.97584677,0.0010871763,0.02306608
22606,0.58261895,0.006087493,0.4112936
22607,0.6383544,0.0124762105,0.34916934
22608,0.97404194,0.0145925125,0.011365495
22609,0.0048249727,0.017152088,0.9780229
22610,0.76721764,0.0032649112,0.22951747
22611,0.9659411,0.0035713755,0.030487526
22612,0.9669384,0.005503908,0.02755768
22613,0.01062148,0.0035882024,0.98579025
22614,0.9932493,0.002675036,0.004075624
22615,0.9595158,0.019711627,0.020772576
22616,0.90429544,0.015114865,0.080589704
22617,0.9894573,0.002809669,0.007732999
22618,0.350399,0.111845955,0.537755
22619,0.6339138,0.023783617,0.3423026
22620,0.6793878,0.0032493158,0.31736287
22621,0.23358786,0.038902797,0.7275094
22622,0.4030174,0.09938059,0.497602
22623,0.5375506,0.03949083,0.42295855
22624,0.9067481,0.010507624,0.08274427
22625,0.95488703,0.009584885,0.035528067
22626,0.9851968,0.0015148316,0.013288404
22627,0.60703653,0.3394931,0.053470347
22628,0.94485354,0.0059685176,0.04917798
22629,0.010037029,0.0035835379,0.98637944
22630,0.9558577,0.0068886066,0.037253693
22631,0.90509003,0.020701343,0.07420863
22632,0.985776,0.0006965805,0.013527444
22633,0.96522254,0.01426456,0.020512927
22634,0.94423836,0.0047756433,0.050985955
22635,0.6504954,0.004777543,0.34472707
22636,0.8792586,0.006406852,0.11433458
22637,0.9652276,0.009631595,0.025140822
22638,0.9296556,0.003438873,0.06690554
22639,0.9215921,0.019311102,0.05909681
22640,0.96556413,0.0024331978,0.03200261
22641,0.9438469,0.005501017,0.050652146
22642,0.016188025,0.013854065,0.9699579
22643,0.8660854,0.0038055405,0.13010903
22644,0.97674257,0.011232656,0.012024787
22645,0.70267195,0.16441883,0.1329092
22646,0.97007185,0.0028799733,0.027048202
22647,0.13160233,0.0054830653,0.8629146
22648,0.66931856,0.078268506,0.25241297
22649,0.9797947,0.0030161007,0.017189233
22650,0.25064543,0.09933788,0.65001667
22651,0.9457936,0.0021239733,0.052082326
22652,0.15677121,0.13297045,0.71025836
22653,0.74661654,0.05202222,0.20136121
22654,0.95190793,0.009206791,0.03888525
22655,0.026049985,0.0015159725,0.97243404
22656,0.37370843,0.07803127,0.54826033
22657,0.9871263,0.0031174845,0.009756273
22658,0.94721144,0.004111782,0.04867673
22659,0.9606492,0.012000261,0.027350556
22660,0.8850042,0.106059186,0.008936622
22661,0.03492754,0.0041622985,0.96091014
22662,0.9835307,0.0036769174,0.012792401
22663,0.6239119,0.004628545,0.3714595
22664,0.08211339,0.15786338,0.76002324
22665,0.27104875,0.19629511,0.53265613
22666,0.05403317,0.0021470892,0.9438197
22667,0.9857738,0.0027113098,0.011514904
22668,0.95655656,0.005431988,0.0380114
22669,0.98309314,0.009177118,0.007729765
22670,0.98478764,0.0025325625,0.012679773
22671,0.9265255,0.0043988153,0.06907568
22672,0.9944429,0.00037698366,0.00518018
22673,0.917178,0.0046704574,0.07815156
22674,0.956941,0.017046446,0.02601258
22675,0.8934777,0.016800413,0.08972189
22676,0.8816987,0.004121847,0.114179395
22677,0.9031895,0.03832242,0.058488082
22678,0.9486298,0.0074113505,0.043958806
22679,0.83489317,0.001264179,0.16384268
22680,0.820599,0.017379694,0.1620213
22681,0.09618256,0.005643365,0.89817405
22682,0.04067312,0.003618227,0.9557086
22683,0.8200811,0.015089297,0.16482955
22684,0.9380912,0.0139064295,0.048002277
22685,0.85684943,0.011824859,0.13132578
22686,0.55957544,0.024345148,0.4160794
22687,0.86825705,0.012228212,0.11951471
22688,0.99130404,0.004993844,0.0037021416
22689,0.7791616,0.002153169,0.21868522
22690,0.92200214,0.0028717609,0.07512607
22691,0.76158565,0.04229343,0.19612087
22692,0.65883553,0.13618313,0.20498134
22693,0.86713684,0.012384168,0.12047897
22694,0.006667111,0.004878577,0.9884543
22695,0.013198983,0.00048026885,0.9863208
22696,0.0157835,0.00071463955,0.98350185
22697,0.8808974,0.013966142,0.105136506
22698,0.053351957,0.0047866455,0.94186133
22699,0.9581561,0.004949616,0.03689423
22700,0.0027031477,0.0005104638,0.99678636
22701,0.9501039,0.0021363548,0.047759727
22702,0.93845123,0.006040593,0.055508148
22703,0.9613623,0.005808986,0.03282873
22704,0.034484845,0.005884198,0.9596309
22705,0.57601476,0.03664006,0.38734517
22706,0.5416588,0.09060232,0.36773884
22707,0.92007864,0.0034875034,0.076433845
22708,0.92828375,0.005379459,0.066336736
22709,0.71737546,0.052498505,0.230126
22710,0.13293421,0.036650646,0.8304151
22711,0.035027433,0.059705373,0.90526724
22712,0.94700307,0.009047817,0.04394917
22713,0.9471869,0.004050722,0.048762463
22714,0.94078505,0.00875116,0.050463777
22715,0.9750686,0.01998868,0.004942741
22716,0.89901495,0.000833016,0.100152
22717,0.11055184,0.004740928,0.8847072
22718,0.9813017,0.0036508648,0.015047336
22719,0.84120405,0.039110202,0.119685724
22720,0.9117089,0.036985904,0.051305186
22721,0.9290083,0.017769612,0.053222053
22722,0.26881805,0.107489415,0.6236926
22723,0.9700988,0.010352195,0.019549064
22724,0.9895964,0.0013587661,0.009044823
22725,0.99018455,0.000964691,0.008850729
22726,0.27889752,0.0052458467,0.7158567
22727,0.2202669,0.022744613,0.75698847
22728,0.9181167,0.010338712,0.07154467
22729,0.5032805,0.04508688,0.4516326
22730,0.94355893,0.0046092365,0.05183179
22731,0.56942743,0.012784776,0.4177878
22732,0.9253789,0.021296455,0.053324677
22733,0.9884397,0.0040256325,0.0075346585
22734,0.016827723,0.0010444939,0.9821278
22735,0.92852247,0.009796495,0.06168106
22736,0.77824813,0.12559207,0.09615983
22737,0.78170526,0.08033446,0.13796026
22738,0.8985322,0.033253178,0.068214566
22739,0.5193277,0.002698146,0.47797415
22740,0.8591408,0.0065528937,0.13430628
22741,0.98645455,0.0004247398,0.013120716
22742,0.86594355,0.004635406,0.12942104
22743,0.022458758,0.011736043,0.9658052
22744,0.06986837,0.14645812,0.78367347
22745,0.9432873,0.001947952,0.054764736
22746,0.98190296,0.0012311493,0.016865902
22747,0.55087525,0.25593123,0.19319348
22748,0.9162057,0.0173995,0.066394776
22749,0.9740026,0.0038300536,0.022167323
22750,0.9234538,0.043405537,0.033140697
22751,0.9572402,0.0017919084,0.040967885
22752,0.9540164,0.0006968316,0.045286752
22753,0.25313354,0.04479833,0.70206815
22754,0.96287936,0.0071408274,0.029979747
22755,0.0075908415,0.00015540363,0.9922537
22756,0.9332881,0.02115558,0.04555638
22757,0.92897,0.020724291,0.05030575
22758,0.67872936,0.03677317,0.2844975
22759,0.9528061,0.0048638587,0.04232998
22760,0.31637877,0.053694926,0.62992626
22761,0.9631006,0.008363078,0.028536318
22762,0.88642746,0.00535535,0.10821722
22763,0.9882703,0.0028861386,0.008843628
22764,0.99589574,0.0003854062,0.003718905
22765,0.010453796,0.0051409057,0.98440534
22766,0.5144392,0.017033068,0.46852764
22767,0.8924227,0.007306582,0.10027074
22768,0.04971326,0.026727274,0.9235594
22769,0.90906507,0.0073936987,0.08354123
22770,0.0010769928,0.00051689043,0.9984061
22771,0.9962004,0.00022290718,0.0035766584
22772,0.43581092,0.011644793,0.5525443
22773,0.41548443,0.002244557,0.58227104
22774,0.7737537,0.04600887,0.18023743
22775,0.9695626,0.0007342316,0.029703144
22776,0.996573,0.0010144961,0.0024125737
22777,0.9225016,0.037220806,0.040277567
22778,0.81183696,0.16737098,0.020792123
22779,0.4555032,0.024525281,0.5199715
22780,0.8119777,0.0052544517,0.18276785
22781,0.89977676,0.0146424305,0.085580766
22782,0.1932543,0.0031852915,0.8035604
22783,0.29649496,0.010565333,0.69293976
22784,0.9407246,0.005531872,0.053743515
22785,0.89659524,0.00660535,0.09679937
22786,0.32767114,0.017047016,0.65528184
22787,0.90315855,0.0013726698,0.09546882
22788,0.95315063,0.024381904,0.02246749
22789,0.96344936,0.0016647783,0.03488592
22790,0.94546545,0.007993472,0.046541143
22791,0.8208446,0.0068585332,0.1722969
22792,0.7354593,0.11540378,0.14913692
22793,0.96276635,0.0029027434,0.034330938
22794,0.9467864,0.005659264,0.04755433
22795,0.93750197,0.014229996,0.048268083
22796,0.39155754,0.02737784,0.58106464
22797,0.9568087,0.004469827,0.038721506
22798,0.17858975,0.06726771,0.7541425
22799,0.9024409,0.04530526,0.05225381
22800,0.8550389,0.04378375,0.1011773
22801,0.9600588,0.026970262,0.012970951
22802,0.92037,0.015512184,0.06411791
22803,0.9373936,0.013352151,0.04925418
22804,0.9779529,0.011170527,0.010876547
22805,0.9523497,0.010130876,0.037519407
22806,0.9337424,0.010717095,0.055540543
22807,0.93290967,0.014128518,0.052961823
22808,0.8609913,0.021921707,0.117086954
22809,0.95756465,0.0024937876,0.039941613
22810,0.9383248,0.0029417994,0.058733396
22811,0.91163695,0.05077683,0.03758619
22812,0.8593186,0.030370954,0.11031041
22813,0.98208445,0.00039362407,0.017521912
22814,0.07917776,0.0017353898,0.9190869
22815,0.015880913,0.0031998744,0.9809192
22816,0.30260506,0.03997413,0.6574208
22817,0.106595606,0.005104904,0.88829947
22818,0.94035393,0.010130705,0.049515344
22819,0.25093338,0.0032069387,0.7458597
22820,0.9282347,0.010928268,0.060837083
22821,0.5752103,0.052604932,0.37218484
22822,0.5687178,0.042336874,0.38894537
22823,0.39965683,0.017992755,0.58235043
22824,0.046788126,0.04156603,0.9116459
22825,0.78565204,0.029494153,0.18485376
22826,0.97261727,0.0017932887,0.02558942
22827,0.9749786,0.0019849872,0.023036359
22828,0.9161901,0.0063347314,0.07747515
22829,0.70783406,0.0553414,0.23682457
22830,0.057955146,0.019246746,0.92279816
22831,0.9800199,0.0029930105,0.016987093
22832,0.8851519,0.006607447,0.10824066
22833,0.0035708707,0.00081924396,0.99560994
22834,0.6444723,0.0066974964,0.3488302
22835,0.93698466,0.016232327,0.04678303
22836,0.16555603,0.004956728,0.82948726
22837,0.91641396,0.007386022,0.07619999
22838,0.990235,0.0073433844,0.002421672
22839,0.5530475,0.028519068,0.4184335
22840,0.97457945,0.002578216,0.022842262
22841,0.60427,0.03500342,0.36072654
22842,0.923425,0.003804862,0.07277009
22843,0.8614413,0.022270788,0.116287895
22844,0.07411583,0.0062021306,0.91968197
22845,0.057128146,0.0031925302,0.93967927
22846,0.95006925,0.005463419,0.044467304
22847,0.91791135,0.016482979,0.06560566
22848,0.75965405,0.0093260985,0.23101987
22849,0.33802208,0.1768592,0.48511872
22850,0.9645311,0.005364383,0.03010456
22851,0.96763,0.013660379,0.018709574
22852,0.82203656,0.0031097136,0.17485367
22853,0.87311393,0.010895672,0.115990445
22854,0.98751605,0.0012578771,0.011226118
22855,0.27514184,0.08343311,0.641425
22856,0.9739292,0.0023955728,0.023675181
22857,0.9756083,0.0134231625,0.010968493
22858,0.95117754,0.0032765714,0.045545883
22859,0.10928782,0.008481714,0.88223046
22860,0.9741522,0.0015090604,0.024338743
22861,0.36826825,0.31590682,0.31582493
22862,0.9361738,0.040193874,0.023632333
22863,0.76808834,0.017794874,0.2141168
22864,0.14485691,0.06665511,0.78848803
22865,0.89175534,0.05341379,0.05483084
22866,0.9355636,0.008844047,0.055592254
22867,0.19628121,0.017223887,0.786495
22868,0.9846891,0.000526475,0.014784387
22869,0.39421496,0.059792377,0.5459927
22870,0.97787833,0.003216153,0.018905573
22871,0.7859956,0.009488071,0.20451635
22872,0.9532128,0.009827855,0.036959313
22873,0.93698967,0.010394036,0.052616313
22874,0.91647965,0.0015964455,0.08192392
22875,0.93312263,0.020347983,0.0465294
22876,0.95555216,0.0038915942,0.04055622
22877,0.17929171,0.0031884308,0.81751984
22878,0.96954983,0.008064886,0.022385247
22879,0.9164345,0.0034443496,0.080121174
22880,0.09528447,0.0045770444,0.90013844
22881,0.44411686,0.2697373,0.2861458
22882,0.058841106,0.00282811,0.9383308
22883,0.0127791865,0.0009861307,0.9862346
22884,0.9217906,0.0048782597,0.07333118
22885,0.97155285,0.0018337074,0.026613466
22886,0.8506037,0.04672355,0.10267275
22887,0.9611182,0.00038446262,0.038497373
22888,0.24953456,0.006806622,0.74365884
22889,0.9693625,0.018964784,0.011672732
22890,0.89029324,0.0031900506,0.106516734
22891,0.9598528,0.005768222,0.03437892
22892,0.97204787,0.003597874,0.024354193
22893,0.40773192,0.026965661,0.56530243
22894,0.8342353,0.02890485,0.1368599
22895,0.95386964,0.0065558497,0.03957452
22896,0.50806755,0.017674737,0.4742577
22897,0.89944315,0.013647076,0.08690976
22898,0.47450805,0.030532623,0.49495932
22899,0.88441545,0.018140234,0.09744427
22900,0.9140526,0.01750501,0.06844235
22901,0.62352294,0.08450175,0.29197538
22902,0.83851993,0.0386655,0.122814566
22903,0.8829898,0.0036006365,0.11340957
22904,0.9490897,0.005435318,0.045475043
22905,0.9572364,0.00463911,0.038124558
22906,0.96075153,0.006616736,0.032631774
22907,0.70062876,0.0103056785,0.2890655
22908,0.97962785,0.0009136927,0.019458458
22909,0.68538797,0.11384538,0.20076665
22910,0.94287246,0.019525599,0.03760193
22911,0.98140794,0.00083195104,0.017760158
22912,0.8926469,0.0059341355,0.101419
22913,0.94501317,0.004043238,0.050943527
22914,0.97914356,0.000595198,0.020261226
22915,0.99830997,0.00025549883,0.001434521
22916,0.934871,0.026375327,0.038753614
22917,0.74327034,0.09605251,0.1606771
22918,0.89171296,0.01023712,0.098049894
22919,0.9737343,0.01185771,0.014408045
22920,0.9792309,0.0065220543,0.014247024
22921,0.68519735,0.22317646,0.09162616
22922,0.8374316,0.008991555,0.1535768
22923,0.9373962,0.017376622,0.04522718
22924,0.9554516,0.0032881696,0.041260246
22925,0.5573741,0.0027432702,0.43988264
22926,0.9875272,0.0027467655,0.009726074
22927,0.93824226,0.0007410751,0.061016697
22928,0.700822,0.042167824,0.25701016
22929,0.14428517,0.005370679,0.8503441
22930,0.8769805,0.01662203,0.106397495
22931,0.9545423,0.020479368,0.024978423
22932,0.9550562,0.015278201,0.029665595
22933,0.9433489,0.012964041,0.043687157
22934,0.88132226,0.0015473736,0.11713037
22935,0.8079053,0.0095788995,0.18251574
22936,0.8386005,0.057562284,0.103837185
22937,0.97919,0.00509486,0.01571514
22938,0.8874308,0.0717035,0.040865693
22939,0.8757894,0.07570792,0.04850264
22940,0.002784854,0.0023893744,0.9948258
22941,0.19547628,0.0024861807,0.8020376
22942,0.05218298,0.0031845942,0.9446324
22943,0.009659837,0.001278969,0.98906124
22944,0.9340393,0.0031648579,0.06279579
22945,0.99034226,0.004656209,0.005001504
22946,0.42644623,0.014056297,0.5594975
22947,0.9676454,0.0029430317,0.029411582
22948,0.17740238,0.06479996,0.75779766
22949,0.9642723,0.002097724,0.033629946
22950,0.019680394,0.015317036,0.96500254
22951,0.30606297,0.027917705,0.6660193
22952,0.92653644,0.0061971415,0.06726647
22953,0.9739569,0.002672207,0.023370884
22954,0.8850665,0.009591339,0.10534212
22955,0.8893806,0.062700674,0.04791882
22956,0.967035,0.0031501797,0.02981479
22957,0.9687871,0.0020426838,0.029170198
22958,0.9396405,0.0034761727,0.056883287
22959,0.24829856,0.09381331,0.6578881
22960,0.92331535,0.0032321454,0.073452525
22961,0.9957228,0.0017151181,0.00256204
22962,0.7822859,0.04511203,0.172602
22963,0.94091034,0.001845011,0.057244614
22964,0.98976,0.0024472333,0.0077927634
22965,0.9777425,0.0012626762,0.020994902
22966,0.93324137,0.0082008615,0.05855774
22967,0.06426996,0.10931309,0.82641697
22968,0.83423465,0.02470348,0.1410619
22969,0.07000784,0.009004487,0.92098767
22970,0.23549686,0.007190491,0.7573127
22971,0.9923828,0.0022815194,0.0053356946
22972,0.9937636,0.0010730318,0.0051633934
22973,0.56752557,0.05621002,0.37626445
22974,0.8502903,0.00930184,0.14040789
22975,0.9501026,0.006485968,0.04341138
22976,0.81368417,0.010369245,0.1759466
22977,0.9847243,0.0005206032,0.014755165
22978,0.8273684,0.012428884,0.16020274
22979,0.6966443,0.014694647,0.2886611
22980,0.94573563,0.0014854257,0.05277896
22981,0.9605745,0.0050439024,0.03438152
22982,0.97369915,0.0030344508,0.02326638
22983,0.60521764,0.01910615,0.3756762
22984,0.9818377,0.0022051332,0.015957236
22985,0.96614254,0.005792613,0.028064841
22986,0.9479556,0.0381871,0.013857249
22987,0.96025026,0.0015772661,0.038172502
22988,0.0020759369,0.003084709,0.9948394
22989,0.960329,0.01420982,0.025461162
22990,0.0030875725,0.00090395345,0.9960084
22991,0.852944,0.0031328658,0.14392309
22992,0.9842,0.0019807823,0.013819229
22993,0.8786562,0.0048370054,0.116506785
22994,0.1628007,0.006203386,0.8309959
22995,0.7784823,0.035709556,0.1858081
22996,0.3665607,0.24611638,0.38732296
22997,0.030357992,0.012027487,0.9576145
22998,0.82476944,0.02505813,0.15017243
22999,0.9827387,0.0069325445,0.010328854
23000,0.9131012,0.0072668297,0.07963195
23001,0.93432605,0.0038390106,0.06183499
23002,0.7824141,0.0023001493,0.21528576
23003,0.6854369,0.089245774,0.22531734
23004,0.93638146,0.0033213755,0.060297158
23005,0.41884762,0.011226701,0.56992567
23006,0.90168864,0.008693294,0.08961799
23007,0.9789032,0.00024419389,0.020852594
23008,0.909209,0.0044425805,0.08634841
23009,0.43667766,0.0023563956,0.5609659
23010,0.60318625,0.0098359985,0.38697776
23011,0.9789956,0.0033240104,0.0176804
23012,0.9528861,0.0059343763,0.04117947
23013,0.98189396,0.0030581923,0.015047833
23014,0.79158604,0.024760608,0.1836534
23015,0.9714264,0.0036627436,0.024910873
23016,0.72890764,0.0017840355,0.2693083
23017,0.9198759,0.020539274,0.059584852
23018,0.30766678,0.015310607,0.67702264
23019,0.9780397,0.0045325537,0.01742776
23020,0.9757377,0.0040815924,0.020180719
23021,0.90745467,0.06407397,0.028471386
23022,0.36771435,0.004717778,0.6275679
23023,0.22313312,0.011770653,0.7650962
23024,0.99524885,0.0016673743,0.003083819
23025,0.0432849,0.008211593,0.94850355
23026,0.17509592,0.79545647,0.029447598
23027,0.9553035,0.0027562848,0.041940186
23028,0.9179086,0.01432421,0.06776717
23029,0.20109777,0.011862025,0.7870402
23030,0.9045414,0.043710403,0.051748272
23031,0.9607372,0.005114648,0.034148112
23032,0.9918138,0.00076937134,0.0074168635
23033,0.3932109,0.04991486,0.5568743
23034,0.98562485,0.0013373385,0.013037816
23035,0.8434977,0.067966625,0.08853565
23036,0.5889574,0.019012425,0.39203015
23037,0.97898406,0.008836689,0.012179262
23038,0.9677976,0.0008388047,0.031363685
23039,0.98839253,0.0018659986,0.009741487
23040,0.9880183,0.0010043359,0.010977446
23041,0.98571694,0.00056719326,0.013715806
23042,0.8970932,0.018668937,0.08423786
23043,0.88497674,0.004217442,0.110805765
23044,0.3273693,0.0631058,0.60952485
23045,0.79631585,0.011389349,0.19229475
23046,0.7334199,0.043902796,0.22267728
23047,0.34112698,0.049582142,0.6092909
23048,0.93445987,0.0034520356,0.062088057
23049,0.27368444,0.0072833225,0.7190322
23050,0.96678,0.012822236,0.020397704
23051,0.44226885,0.11280156,0.44492957
23052,0.9783925,0.0042860764,0.017321412
23053,0.67051136,0.109202005,0.22028664
23054,0.9614144,0.016668722,0.021916818
23055,0.68523216,0.009726461,0.3050414
23056,0.92818373,0.010921173,0.060895134
23057,0.030520601,0.030457195,0.9390222
23058,0.9501458,0.0051869587,0.044667277
23059,0.95943195,0.002381862,0.038186174
23060,0.8168331,0.0242929,0.158874
23061,0.9782412,0.005723841,0.016034955
23062,0.8691195,0.018519267,0.11236116
23063,0.0696875,0.0033307765,0.92698175
23064,0.82568353,0.006816562,0.16749991
23065,0.7538309,0.0064331926,0.23973584
23066,0.6669469,0.044956665,0.28809643
23067,0.96622276,0.018829715,0.014947506
23068,0.37654823,0.044425756,0.579026
23069,0.28496686,0.011882962,0.70315015
23070,0.8959916,0.06422158,0.039786734
23071,0.87323797,0.02183593,0.10492608
23072,0.8050588,0.005443644,0.18949752
23073,0.77159303,0.08514108,0.14326587
23074,0.6099947,0.14352655,0.24647878
23075,0.019949153,0.034627315,0.94542354
23076,0.98283285,0.0033353018,0.013831859
23077,0.66950554,0.0802677,0.25022674
23078,0.08018197,0.00293362,0.9168845
23079,0.0673856,0.04725127,0.88536316
23080,0.9137081,0.010281221,0.07601069
23081,0.9858807,0.0022655344,0.011853843
23082,0.8019703,0.043618944,0.15441078
23083,0.9630526,0.0030358145,0.03391154
23084,0.33108258,0.23261927,0.43629813
23085,0.497461,0.085397676,0.4171413
23086,0.97924644,0.00266077,0.018092735
23087,0.006789369,0.00077498617,0.99243563
23088,0.028487338,0.052537195,0.9189754
23089,0.9528704,0.023097947,0.024031619
23090,0.94171965,0.016107775,0.042172536
23091,0.63133615,0.02794038,0.34072348
23092,0.9170154,0.0010015329,0.08198316
23093,0.7434403,0.13342296,0.123136826
23094,0.8643654,0.014525115,0.12110946
23095,0.88888204,0.0063142953,0.10480364
23096,0.09045627,0.014300537,0.8952432
23097,0.9288215,0.0020521954,0.06912625
23098,0.95734036,0.00046097068,0.042198654
23099,0.587,0.37249947,0.04050047
23100,0.16914193,0.5706043,0.26025373
23101,0.9676694,0.0023696213,0.02996095
23102,0.80274045,0.027616147,0.16964342
23103,0.98699087,0.0020929165,0.010916265
23104,0.8812643,0.04286242,0.07587325
23105,0.85760295,0.01126792,0.13112915
23106,0.8486586,0.047064714,0.1042766
23107,0.29594728,0.008540095,0.69551265
23108,0.92136204,0.0077383323,0.07089964
23109,0.8363862,0.004942824,0.15867095
23110,0.0020203763,0.0017671041,0.9962126
23111,0.9354173,0.009916275,0.054666482
23112,0.96766037,0.015908534,0.016431144
23113,0.94861156,0.0056639696,0.045724425
23114,0.9570006,0.006302536,0.03669688
23115,0.9490113,0.019745952,0.031242788
23116,0.5022651,0.008257857,0.48947704
23117,0.049038224,0.003566928,0.94739485
23118,0.41679767,0.32184264,0.26135972
23119,0.20969836,0.027109485,0.7631922
23120,0.712281,0.054848187,0.23287079
23121,0.9653235,0.0025063944,0.032170117
23122,0.18552296,0.22326165,0.5912154
23123,0.36129937,0.008289436,0.6304112
23124,0.8528331,0.0021535961,0.14501332
23125,0.06900193,0.043007463,0.8879906
23126,0.6498629,0.10755402,0.24258307
23127,0.0714338,0.0073181144,0.92124814
23128,0.5392991,0.01942319,0.44127777
23129,0.7988466,0.17052394,0.030629437
23130,0.9871013,0.003380206,0.009518524
23131,0.78686905,0.010761986,0.20236897
23132,0.9234743,0.0011840687,0.07534159
23133,0.9913605,0.0007560711,0.0078834025
23134,0.9439501,0.016941339,0.039108556
23135,0.055586174,0.00129423,0.9431195
23136,0.6094056,0.007126385,0.38346806
23137,0.970349,0.00089506485,0.028755913
23138,0.9731661,0.0035599023,0.023274016
23139,0.9631582,0.0028884632,0.033953324
23140,0.4811689,0.04241458,0.4764166
23141,0.97713363,0.0023839576,0.020482488
23142,0.85416293,0.10668258,0.039154466
23143,0.023510722,0.005072076,0.9714172
23144,0.9333088,0.00573108,0.06096021
23145,0.9632275,0.0010517866,0.035720628
23146,0.015410019,0.0012465664,0.9833435
23147,0.9641921,0.0014445765,0.034363378
23148,0.7379838,0.07063487,0.1913813
23149,0.50272053,0.22962539,0.26765406
23150,0.94461894,0.0037090643,0.05167203
23151,0.38900623,0.1738368,0.43715698
23152,0.08347551,0.13803802,0.77848643
23153,0.7807912,0.009733037,0.20947574
23154,0.39563885,0.009568603,0.5947925
23155,0.14771128,0.08672858,0.7655601
23156,0.83992237,0.026060078,0.13401753
23157,0.18860702,0.01568131,0.79571164
23158,0.9082442,0.01116376,0.080592
23159,0.9352437,0.017884199,0.046872042
23160,0.9859211,0.0011793601,0.0128995385
23161,0.02722388,0.002434811,0.97034127
23162,0.30912894,0.00908339,0.6817876
23163,0.77837825,0.11705516,0.10456658
23164,0.6417296,0.035346072,0.32292435
23165,0.86615443,0.0072654677,0.12658013
23166,0.950162,0.011975509,0.037862476
23167,0.0012121834,0.0012329798,0.99755484
23168,0.9830719,0.006141631,0.010786379
23169,0.9058153,0.0008402085,0.093344525
23170,0.25469825,0.0023519683,0.7429498
23171,0.92463684,0.046036493,0.029326659
23172,0.9822488,0.001530919,0.016220232
23173,0.840821,0.0026487017,0.15653026
23174,0.9621966,0.0020971166,0.035706308
23175,0.5189058,0.1626579,0.31843626
23176,0.97483903,0.0039998386,0.021161113
23177,0.9578884,0.0046802703,0.037431363
23178,0.97286,0.010157843,0.01698213
23179,0.93260753,0.022059519,0.04533298
23180,0.9585598,0.0037098113,0.037730392
23181,0.044418696,0.0020678954,0.95351344
23182,0.0020223742,0.00050306466,0.9974745
23183,0.94379187,0.03208336,0.024124758
23184,0.6931319,0.12886725,0.17800084
23185,0.99444205,0.0011112051,0.00444669
23186,0.45064577,0.04943393,0.49992025
23187,0.92277217,0.008760485,0.068467304
23188,0.2929679,0.030331783,0.67670035
23189,0.31385332,0.011121668,0.675025
23190,0.7353794,0.021759165,0.2428614
23191,0.9215423,0.011868414,0.06658922
23192,0.78335184,0.007641743,0.20900644
23193,0.8402777,0.0012534788,0.15846884
23194,0.005902467,0.0010614155,0.9930361
23195,0.9201413,0.0013838436,0.07847489
23196,0.8363838,0.09662494,0.0669912
23197,0.9546929,0.0028396256,0.042467453
23198,0.9180811,0.009090203,0.07282865
23199,0.937486,0.0066704173,0.055843607
23200,0.9600774,0.010457851,0.029464751
23201,0.75429463,0.050556418,0.19514897
23202,0.018955898,0.0006558943,0.98038816
23203,0.56749034,0.046351276,0.38615838
23204,0.784387,0.037364896,0.17824814
23205,0.9929147,0.00088498945,0.0062002623
23206,0.65033525,0.08356741,0.2660974
23207,0.002618433,0.004942902,0.99243873
23208,0.7184557,0.02456762,0.25697672
23209,0.77749586,0.12245475,0.100049414
23210,0.96907055,0.0010982887,0.029831138
23211,0.87557435,0.051876605,0.07254911
23212,0.5200515,0.04578427,0.43416426
23213,0.2698164,0.03483137,0.6953522
23214,0.8826765,0.07164918,0.045674294
23215,0.9739343,0.00480348,0.021262245
23216,0.979018,0.0033786136,0.01760336
23217,0.9282444,0.0017520281,0.070003524
23218,0.8838069,0.04947221,0.06672091
23219,0.73882776,0.037653286,0.223519
23220,0.8606015,0.010335867,0.12906268
23221,0.11399053,0.03311458,0.8528949
23222,0.97798216,0.0011998697,0.020817984
23223,0.03783211,0.005994813,0.9561731
23224,0.99005365,0.0013810238,0.0085652955
23225,0.4219502,0.054696377,0.52335346
23226,0.52678865,0.028871823,0.44433957
23227,0.9625444,0.0068553817,0.030600276
23228,0.82254934,0.001618012,0.17583269
23229,0.5379753,0.04711652,0.41490817
23230,0.9400655,0.008441444,0.05149302
23231,0.779574,0.027480023,0.19294599
23232,0.17389002,0.03680055,0.78930944
23233,0.087498076,0.39389664,0.5186053
23234,0.73904824,0.05017853,0.2107732
23235,0.019885076,0.0066110464,0.9735039
23236,0.83549607,0.066207096,0.0982968
23237,0.4836673,0.11829093,0.39804173
23238,0.97975117,0.009500612,0.010748174
23239,0.16493599,0.0036716086,0.8313924
23240,0.96130633,0.010175582,0.028518053
23241,0.952192,0.007668478,0.040139485
23242,0.009969131,0.0028219172,0.98720896
23243,0.12243145,0.3738887,0.5036799
23244,0.9094521,0.003873204,0.08667474
23245,0.96343064,0.010719449,0.025849866
23246,0.67476547,0.05687032,0.26836422
23247,0.96471393,0.0027374043,0.03254867
23248,0.9053677,0.016043227,0.07858915
23249,0.74307585,0.015232349,0.24169178
23250,0.94273204,0.031062799,0.026205113
23251,0.9050041,0.006518298,0.0884776
23252,0.9460381,0.005519533,0.04844238
23253,0.86215013,0.009174513,0.12867533
23254,0.96645933,0.018077534,0.015463179
23255,0.9857092,0.0029078685,0.011382909
23256,0.9910471,0.0034199273,0.0055330303
23257,0.9039612,0.0019210539,0.09411773
23258,0.9827352,0.0049830433,0.012281776
23259,0.9162987,0.006066477,0.077634804
23260,0.96490175,0.0032637052,0.031834524
23261,0.9013548,0.009657572,0.08898761
23262,0.991836,0.00094815326,0.0072158463
23263,0.4879148,0.22570942,0.28637582
23264,0.9299704,0.003232251,0.06679739
23265,0.89379275,0.0030027835,0.10320443
23266,0.34492397,0.007288833,0.6477872
23267,0.027705904,0.00242573,0.96986836
23268,0.9696125,0.0072848964,0.023102598
23269,0.98399967,0.0017178433,0.014282532
23270,0.99106324,0.0021099946,0.006826763
23271,0.9488301,0.011209871,0.039960023
23272,0.95982254,0.0013215387,0.03885589
23273,0.085726134,0.0016348693,0.912639
23274,0.78640634,0.07947803,0.13411565
23275,0.6699294,0.059700105,0.2703705
23276,0.99296486,0.0014954228,0.005539657
23277,0.028903816,0.0065445947,0.9645516
23278,0.98922825,0.0009700263,0.009801763
23279,0.25548503,0.0048535345,0.73966146
23280,0.8475219,0.0153304,0.13714771
23281,0.15040004,0.008494824,0.8411051
23282,0.9362871,0.006149348,0.057563588
23283,0.6136398,0.108049944,0.2783103
23284,0.6520923,0.007994681,0.33991307
23285,0.5065019,0.00438652,0.48911157
23286,0.3416633,0.03991801,0.6184187
23287,0.9642936,0.0013460336,0.034360353
23288,0.8841128,0.019048346,0.096838914
23289,0.70615214,0.004327575,0.28952026
23290,0.8738244,0.0031418926,0.12303371
23291,0.5710468,0.0018496076,0.42710355
23292,0.9736944,0.002955255,0.023350313
23293,0.8684296,0.010482646,0.12108769
23294,0.94802576,0.0050937594,0.04688047
23295,0.9443487,0.010184114,0.04546719
23296,0.91372734,0.013743323,0.07252931
23297,0.97947526,0.005979149,0.014545567
23298,0.88928956,0.046202958,0.06450749
23299,0.94070005,0.024636952,0.034663044
23300,0.08196075,0.019759031,0.89828026
23301,0.09526014,0.049466837,0.85527295
23302,0.9292168,0.0071761967,0.06360702
23303,0.016036734,0.009091716,0.9748716
23304,0.5595997,0.012263805,0.42813647
23305,0.98622954,0.001407476,0.012363036
23306,0.971676,0.001127318,0.027196726
23307,0.57343817,0.011406267,0.41515556
23308,0.9810651,0.0027810365,0.016153801
23309,0.9776238,0.007859467,0.014516668
23310,0.33195698,0.024703471,0.6433396
23311,0.90984243,0.005920367,0.084237196
23312,0.94125557,0.0015902573,0.05715418
23313,0.13761593,0.010131869,0.8522521
23314,0.9746908,0.005862912,0.019446336
23315,0.35441083,0.1666446,0.47894463
23316,0.97447056,0.0006152098,0.024914233
23317,0.12533723,0.013752808,0.86091
23318,0.41618732,0.035585262,0.5482274
23319,0.86718154,0.026832359,0.10598608
23320,0.9651259,0.0016521075,0.033222
23321,0.047725543,0.010612179,0.94166225
23322,0.6562971,0.016808769,0.3268942
23323,0.9463996,0.018338645,0.03526172
23324,0.9628145,0.0042648995,0.03292063
23325,0.7416567,0.041396834,0.2169464
23326,0.99564266,0.00041575963,0.003941572
23327,0.26325285,0.0045992737,0.7321478
23328,0.97326374,0.001290933,0.025445277
23329,0.9526064,0.003641593,0.043752003
23330,0.8803211,0.0006366575,0.119042195
23331,0.9566714,0.015166593,0.028161919
23332,0.8608239,0.010668165,0.12850788
23333,0.9740078,0.015986657,0.010005591
23334,0.8921613,0.013007401,0.09483137
23335,0.86073774,0.015628686,0.12363362
23336,0.88758147,0.00448686,0.10793169
23337,0.749752,0.12518744,0.12506059
23338,0.978779,0.00847555,0.012745411
23339,0.9813509,0.0011332686,0.017515847
23340,0.90800637,0.014676684,0.077316955
23341,0.934937,0.01636489,0.048698094
23342,0.98209906,0.005695918,0.012205071
23343,0.98190916,0.010994884,0.0070959097
23344,0.9852866,0.0017997008,0.0129137365
23345,0.5110218,0.024832562,0.46414566
23346,0.83827066,0.025266206,0.13646309
23347,0.102892205,0.010317789,0.88679004
23348,0.008975129,0.0022083067,0.9888166
23349,0.2643688,0.011714199,0.723917
23350,0.008530476,0.0016031392,0.9898664
23351,0.9594575,0.005240878,0.03530162
23352,0.84555036,0.0012065942,0.15324305
23353,0.94253284,0.0059449617,0.05152228
23354,0.0046397033,0.00074431894,0.994616
23355,0.24565054,0.009999072,0.7443503
23356,0.9103045,0.03204201,0.057653464
23357,0.99301636,0.002353641,0.0046299757
23358,0.9088479,0.0064049675,0.08474708
23359,0.90325123,0.005253034,0.09149574
23360,0.5158282,0.027108327,0.45706347
23361,0.7553275,0.07410036,0.17057209
23362,0.25181708,0.024671627,0.72351134
23363,0.033966634,0.008779216,0.9572542
23364,0.9127883,0.012112793,0.075098984
23365,0.95974237,0.0023760444,0.037881635
23366,0.49235052,0.0065970784,0.50105244
23367,0.8419816,0.012171355,0.145847
23368,0.921063,0.0025612072,0.076375775
23369,0.8938,0.004687585,0.101512425
23370,0.78136855,0.0063682734,0.21226318
23371,0.9758079,0.00064094627,0.023551174
23372,0.49874088,0.21341583,0.28784335
23373,0.8717299,0.016577475,0.111692674
23374,0.31423342,0.050370306,0.6353963
23375,0.9132877,0.010498823,0.076213494
23376,0.71184176,0.0069510955,0.2812071
23377,0.42649826,0.041701727,0.5318
23378,0.6401928,0.01954456,0.34026265
23379,0.046905197,0.0015774468,0.9515173
23380,0.95163476,0.0022738508,0.046091355
23381,0.018989481,0.025283363,0.9557271
23382,0.92109686,0.008464956,0.07043818
23383,0.73281246,0.012570026,0.25461757
23384,0.97234356,0.0024715823,0.025184829
23385,0.4395214,0.036294654,0.5241839
23386,0.94105196,0.0029551762,0.05599279
23387,0.97988826,0.0049600834,0.015151664
23388,0.93533874,0.0030659435,0.061595295
23389,0.9541087,0.003779085,0.04211218
23390,0.12840146,0.0035992686,0.86799926
23391,0.9599038,0.0005113604,0.0395848
23392,0.50468975,0.1693615,0.32594872
23393,0.96214694,0.022030873,0.015822235
23394,0.72966635,0.051538147,0.2187955
23395,0.15571144,0.7445657,0.0997228
23396,0.92818165,0.0029638216,0.06885447
23397,0.86438525,0.087463684,0.04815111
23398,0.9506974,0.012711125,0.036591496
23399,0.9848082,0.0028630034,0.012328753
23400,0.99480695,0.0006827319,0.0045103175
23401,0.95584416,0.0025012826,0.041654553
23402,0.9726246,0.0017952718,0.02558008
23403,0.9787089,0.002430298,0.018860776
23404,0.06896801,0.0022299434,0.9288021
23405,0.9601454,0.005456493,0.03439815
23406,0.0074811773,0.012101197,0.9804176
23407,0.71937686,0.00914978,0.27147338
23408,0.9414971,0.0069586285,0.051544353
23409,0.9683005,0.0036398326,0.02805969
23410,0.9539763,0.0033531592,0.04267054
23411,0.7995152,0.038512513,0.16197228
23412,0.22353013,0.009963628,0.7665063
23413,0.9757805,0.011444037,0.01277549
23414,0.88205206,0.004697595,0.11325033
23415,0.29145482,0.034913205,0.67363197
23416,0.85537213,0.10208795,0.04253996
23417,0.08913193,0.049208578,0.8616595
23418,0.044928998,0.0016321281,0.9534389
23419,0.9740889,0.0018908135,0.024020327
23420,0.8401263,0.08318065,0.07669309
23421,0.78781325,0.015868772,0.19631797
23422,0.6887856,0.017065858,0.29414847
23423,0.9397951,0.0008807957,0.0593241
23424,0.975172,0.0017440022,0.023083981
23425,0.7051827,0.013335886,0.2814814
23426,0.6174584,0.02252076,0.36002085
23427,0.7592867,0.00062247814,0.24009082
23428,0.9711754,0.006752772,0.022071838
23429,0.6545113,0.028830303,0.3166584
23430,0.6191799,0.024166068,0.356654
23431,0.31256253,0.07118312,0.6162544
23432,0.7960906,0.009770053,0.19413936
23433,0.71248984,0.1583889,0.12912124
23434,0.97879344,0.0043216934,0.016884902
23435,0.9639194,0.00405748,0.032023143
23436,0.7043625,0.031360142,0.26427737
23437,0.9572035,0.0052905977,0.03750592
23438,0.9815408,0.0016342171,0.016824923
23439,0.83176255,0.01792468,0.15031277
23440,0.93535113,0.025674293,0.038974553
23441,0.96655554,0.004940076,0.028504355
23442,0.8262686,0.006591292,0.16714004
23443,0.9401953,0.00222648,0.057578195
23444,0.9245646,0.0027273095,0.07270803
23445,0.9900994,0.0014575081,0.008443072
23446,0.6145578,0.09595123,0.28949097
23447,0.81753993,0.012896178,0.16956387
23448,0.310899,0.004992656,0.6841084
23449,0.9509572,0.0034641733,0.04557867
23450,0.97781724,0.0008247607,0.021357983
23451,0.02802602,0.0011185602,0.9708554
23452,0.13428183,0.73439175,0.13132645
23453,0.9242356,0.03926381,0.03650055
23454,0.015418875,0.009401404,0.97517973
23455,0.9802156,0.008264545,0.011519825
23456,0.031798795,0.0056127156,0.9625884
23457,0.05584768,0.0028156787,0.9413367
23458,0.9780262,0.0039890604,0.017984752
23459,0.62536395,0.01761367,0.35702237
23460,0.10930419,0.012591218,0.8781046
23461,0.5868424,0.016094003,0.39706358
23462,0.99194133,0.0004443851,0.007614208
23463,0.6099512,0.026955977,0.36309278
23464,0.97240585,0.0024638353,0.025130318
23465,0.91030765,0.015145895,0.07454647
23466,0.93034106,0.030266177,0.039392814
23467,0.9724988,0.001062295,0.026438998
23468,0.15015787,0.02560192,0.8242402
23469,0.4617207,0.47321957,0.06505975
23470,0.0037844758,0.0010085297,0.995207
23471,0.0012037323,0.0017730492,0.99702317
23472,0.9420607,0.0062668347,0.051672384
23473,0.9859292,0.00043270725,0.013638104
23474,0.9653457,0.0017040614,0.032950204
23475,0.16004643,0.02822186,0.8117317
23476,0.7491174,0.0033333672,0.24754922
23477,0.29935405,0.101045646,0.5996003
23478,0.982189,0.0041771424,0.013633846
23479,0.9916807,0.00079644687,0.0075228587
23480,0.9724903,0.0036093632,0.02390034
23481,0.94978267,0.007001061,0.04321629
23482,0.8606013,0.008920416,0.13047825
23483,0.07332641,0.0039992263,0.9226743
23484,0.6662018,0.104588024,0.22921023
23485,0.0014959138,0.0004355384,0.9980685
23486,0.89103085,0.05421281,0.054756388
23487,0.89192814,0.0743732,0.033698738
23488,0.3482197,0.0881053,0.563675
23489,0.85487753,0.012301023,0.13282149
23490,0.71319914,0.111949794,0.1748511
23491,0.980823,0.0014368545,0.017740246
23492,0.91088396,0.004436166,0.084679864
23493,0.9125187,0.019580958,0.06790043
23494,0.80486083,0.0019863744,0.19315283
23495,0.3688323,0.03640195,0.5947657
23496,0.98029625,0.0012142023,0.018489562
23497,0.9856651,0.00078578707,0.013549173
23498,0.8990568,0.01746505,0.08347814
23499,0.6211824,0.28690362,0.091914
23500,0.017433494,0.0011089913,0.98145753
23501,0.94638574,0.013756298,0.03985793
23502,0.81658053,0.0069680903,0.1764513
23503,0.07639395,0.0018843564,0.92172164
23504,0.9751252,0.001725147,0.023149671
23505,0.9521096,0.0032107153,0.044679698
23506,0.99018717,0.00095639686,0.008856431
23507,0.30413043,0.18833613,0.50753343
23508,0.9941148,0.0023387244,0.0035465339
23509,0.08720236,0.0301811,0.8826165
23510,0.010449851,0.00061486126,0.9889353
23511,0.3993087,0.021103425,0.5795879
23512,0.9705209,0.0028167292,0.026662359
23513,0.2126567,0.040595166,0.7467481
23514,0.9735554,0.006434078,0.020010522
23515,0.920354,0.007093391,0.07255264
23516,0.57696825,0.0077087213,0.41532302
23517,0.9217107,0.012639924,0.06564932
23518,0.8905195,0.0009793991,0.10850111
23519,0.9016242,0.0027382213,0.09563761
23520,0.9167147,0.04998711,0.03329812
23521,0.9824111,0.006359085,0.011229843
23522,0.89857537,0.017347772,0.08407682
23523,0.6352142,0.022129163,0.34265664
23524,0.79556125,0.028344152,0.17609458
23525,0.94855726,0.009687147,0.04175554
23526,0.9519333,0.0008710819,0.047195517
23527,0.93961877,0.0005627369,0.05981857
23528,0.91934323,0.0070139323,0.07364289
23529,0.63372463,0.27698386,0.0892915
23530,0.5445815,0.06163647,0.39378205
23531,0.92192423,0.00070900936,0.07736671
23532,0.048429195,0.0067045344,0.9448663
23533,0.33718014,0.085305944,0.5775139
23534,0.044507325,0.16515763,0.790335
23535,0.88244635,0.00097200024,0.116581626
23536,0.0728208,0.0033074375,0.9238718
23537,0.27604666,0.008150396,0.71580297
23538,0.19236739,0.018705353,0.7889273
23539,0.44209045,0.26461533,0.29329425
23540,0.9572435,0.005397543,0.037359025
23541,0.9911972,0.00027747187,0.00852535
23542,0.9118007,0.006365327,0.08183401
23543,0.27029043,0.021075593,0.708634
23544,0.89146733,0.0028744866,0.10565818
23545,0.85964066,0.086209886,0.054149482
23546,0.9617928,0.003888758,0.034318425
23547,0.98345804,0.006739637,0.0098023405
23548,0.94281924,0.0017988015,0.055381916
23549,0.87153363,0.008512828,0.11995348
23550,0.060535677,0.0039263912,0.935538
23551,0.96471715,0.014792709,0.02049018
23552,0.87408876,0.007638223,0.118272975
23553,0.8480875,0.019472044,0.13244048
23554,0.82416886,0.014510725,0.16132048
23555,0.9389769,0.004730319,0.0562928
23556,0.9731252,0.010849744,0.016024977
23557,0.019970652,0.041188207,0.93884116
23558,0.93322486,0.0021942551,0.06458089
23559,0.9650403,0.0026655642,0.032294128
23560,0.17310172,0.008210304,0.818688
23561,0.94423527,0.021333862,0.034430888
23562,0.79511976,0.008912166,0.19596809
23563,0.9209352,0.026729092,0.052335743
23564,0.9627357,0.008313,0.028951276
23565,0.09357623,0.0022959143,0.9041279
23566,0.94663393,0.006544481,0.046821594
23567,0.9053542,0.018077018,0.07656883
23568,0.26124638,0.0025560039,0.7361976
23569,0.9482797,0.002065476,0.049654845
23570,0.56904906,0.0970741,0.33387682
23571,0.94397634,0.0028597307,0.053163946
23572,0.943215,0.031625696,0.025159331
23573,0.99105424,0.0037151296,0.005230648
23574,0.8086459,0.1122459,0.079108156
23575,0.89009595,0.06073381,0.049170267
23576,0.8032895,0.086165585,0.11054499
23577,0.98427355,0.001469686,0.014256728
23578,0.9447094,0.00928489,0.046005644
23579,0.4971018,0.008255594,0.49464256
23580,0.04239843,0.054200836,0.9034007
23581,0.9755417,0.003579665,0.020878678
23582,0.49282482,0.022713123,0.4844621
23583,0.18012731,0.0059115533,0.81396115
23584,0.60646564,0.075948894,0.31758547
23585,0.80088574,0.005994514,0.19311973
23586,0.98767406,0.0005540663,0.0117718885
23587,0.8831988,0.012116549,0.104684666
23588,0.0051589026,0.0011939007,0.99364716
23589,0.1163976,0.017193932,0.8664084
23590,0.5430854,0.3437344,0.113180205
23591,0.97894865,0.0040826397,0.01696872
23592,0.88973117,0.066234656,0.044034194
23593,0.967638,0.005144853,0.02721713
23594,0.95813316,0.02086051,0.021006294
23595,0.35376272,0.005836219,0.640401
23596,0.856262,0.014952127,0.1287859
23597,0.98599094,0.0009843749,0.013024691
23598,0.96825445,0.012525477,0.01922006
23599,0.9778576,0.0021464317,0.019996013
23600,0.80931264,0.007926905,0.18276042
23601,0.93337655,0.0036882958,0.06293518
23602,0.988192,0.003746412,0.008061565
23603,0.9187152,0.0075974236,0.073687404
23604,0.94287777,0.035792354,0.021329856
23605,0.88006115,0.0031313074,0.116807595
23606,0.9797258,0.0018878602,0.018386342
23607,0.93535566,0.040718727,0.023925653
23608,0.9531963,0.0060431473,0.040760584
23609,0.90563864,0.017660113,0.07670127
23610,0.8510983,0.010197675,0.13870399
23611,0.94982743,0.0068625677,0.043309975
23612,0.9259517,0.0007711762,0.07327707
23613,0.5064577,0.009627546,0.48391473
23614,0.9861876,0.0019522676,0.011860191
23615,0.7053625,0.028846499,0.26579106
23616,0.95513654,0.0051808087,0.039682645
23617,0.9479587,0.011235965,0.040805377
23618,0.9862575,0.00082795444,0.012914547
23619,0.94987935,0.0021830623,0.047937527
23620,0.96140826,0.00049690827,0.038094804
23621,0.9023039,0.015593639,0.0821025
23622,0.97439575,0.0026562975,0.022948006
23623,0.9796251,0.0043284814,0.016046416
23624,0.95332134,0.0020876185,0.044591025
23625,0.8808076,0.008314684,0.11087777
23626,0.8729722,0.008140387,0.11888744
23627,0.22968589,0.05353867,0.7167755
23628,0.1908576,0.025556,0.7835864
23629,0.952454,0.008138484,0.039407525
23630,0.08951689,0.03644008,0.87404305
23631,0.051384706,0.004401423,0.9442139
23632,0.9760405,0.005760803,0.018198717
23633,0.11450712,0.0023517336,0.88314116
23634,0.9596224,0.004990434,0.03538717
23635,0.8541572,0.050355967,0.095486864
23636,0.9437167,0.004957059,0.051326286
23637,0.8253287,0.014649104,0.1600222
23638,0.9781095,0.004014551,0.017876027
23639,0.9633438,0.004069104,0.03258712
23640,0.87254894,0.0030591486,0.124391936
23641,0.07211416,0.0050764796,0.9228093
23642,0.4664717,0.008461544,0.52506673
23643,0.9524327,0.03667241,0.010894932
23644,0.99443614,0.00065473147,0.004909065
23645,0.3552175,0.005305198,0.6394773
23646,0.7465848,0.002526144,0.25088903
23647,0.7869331,0.16246448,0.05060237
23648,0.9675382,0.008632213,0.023829643
23649,0.970942,0.004677513,0.024380462
23650,0.9822172,0.007029779,0.010753018
23651,0.9646917,0.001499812,0.03380845
23652,0.8856515,0.039101493,0.07524702
23653,0.8651917,0.011007459,0.12380086
23654,0.9140663,0.006308125,0.07962554
23655,0.81503385,0.015097753,0.16986836
23656,0.9742793,0.0067912205,0.01892948
23657,0.9823276,0.009796996,0.007875441
23658,0.94287884,0.0027036841,0.05441755
23659,0.7151261,0.0043717157,0.28050214
23660,0.99210006,0.0019524953,0.00594738
23661,0.61216855,0.033994574,0.3538369
23662,0.91914225,0.04636427,0.034493465
23663,0.05123863,0.0013021522,0.9474592
23664,0.99149853,0.0032173404,0.0052841576
23665,0.27671885,0.10868593,0.61459523
23666,0.97811025,0.0063400767,0.015549715
23667,0.8649446,0.0017654537,0.13328996
23668,0.9597739,0.0033996447,0.036826476
23669,0.97240937,0.0007288154,0.026861817
23670,0.31789172,0.2547702,0.42733812
23671,0.8096804,0.15427333,0.03604623
23672,0.95437044,0.012051861,0.033577677
23673,0.9603095,0.011762076,0.0279284
23674,0.95497483,0.019594064,0.02543113
23675,0.9653805,0.0038947614,0.030724706
23676,0.889549,0.0028198382,0.10763117
23677,0.8270042,0.01595687,0.15703896
23678,0.40440407,0.032797966,0.56279796
23679,0.98191595,0.0022920382,0.015791988
23680,0.05277729,0.0047012838,0.94252145
23681,0.8504466,0.0037760136,0.1457774
23682,0.85892725,0.036247417,0.1048254
23683,0.96358633,0.016804088,0.019609582
23684,0.92691374,0.0012513347,0.07183495
23685,0.09421677,0.107988134,0.7977951
23686,0.25494966,0.038468137,0.7065822
23687,0.9939628,0.00047247414,0.0055646906
23688,0.018300481,0.0013729295,0.98032665
23689,0.06768066,0.1646688,0.76765054
23690,0.57950306,0.09218932,0.32830766
23691,0.087722495,0.0055190506,0.9067584
23692,0.27161878,0.013517371,0.7148639
23693,0.025339019,0.0018261173,0.9728348
23694,0.82953936,0.01831696,0.15214373
23695,0.8896973,0.0020819255,0.10822073
23696,0.9502596,0.0146736,0.03506675
23697,0.855111,0.1138097,0.03107934
23698,0.95771813,0.0015826412,0.04069922
23699,0.9942215,0.0009365342,0.0048418893
23700,0.055721212,0.07316634,0.8711124
23701,0.946154,0.010666461,0.043179587
23702,0.35596475,0.0048521995,0.63918304
23703,0.72559595,0.20148818,0.07291592
23704,0.956418,0.0025320845,0.041049916
23705,0.9600928,0.010214701,0.029692542
23706,0.9643548,0.0030083396,0.032636862
23707,0.91847163,0.031561196,0.049967173
23708,0.9710957,0.015812332,0.013092019
23709,0.96831495,0.0065626083,0.025122471
23710,0.01147843,0.002037885,0.98648363
23711,0.9423613,0.0012778942,0.05636084
23712,0.92078054,0.010354943,0.06886456
23713,0.8975888,0.0024205528,0.099990666
23714,0.87186056,0.006965122,0.12117437
23715,0.34878567,0.025346125,0.62586814
23716,0.45785084,0.0037999956,0.53834915
23717,0.84078366,0.016842281,0.14237404
23718,0.97097653,0.0007051568,0.028318318
23719,0.98418057,0.0020971764,0.013722248
23720,0.84272945,0.02491551,0.1323551
23721,0.9651541,0.004455825,0.030390088
23722,0.85324454,0.013020256,0.13373522
23723,0.98365515,0.00031215834,0.01603274
23724,0.9732912,0.0019520608,0.02475678
23725,0.9422892,0.012409905,0.045300867
23726,0.9768762,0.0077453493,0.015378418
23727,0.81264496,0.0022684026,0.18508665
23728,0.9549587,0.0038443913,0.041197006
23729,0.8839192,0.08446623,0.031614546
23730,0.63220847,0.003952364,0.36383915
23731,0.45845884,0.033735253,0.50780594
23732,0.92072445,0.0038408178,0.07543478
23733,0.94495845,0.014680857,0.04036062
23734,0.24718426,0.07617953,0.6766362
23735,0.99205536,0.0012137233,0.006730877
23736,0.9830177,0.0022784136,0.014703902
23737,0.96955633,0.0067692096,0.023674423
23738,0.9775809,0.010171133,0.012247983
23739,0.772848,0.008713549,0.21843846
23740,0.16831374,0.035706088,0.79598016
23741,0.41846165,0.033386674,0.5481517
23742,0.9607194,0.0015896977,0.03769094
23743,0.7600835,0.0027698516,0.23714666
23744,0.68092793,0.009788899,0.30928314
23745,0.9938636,0.0011722675,0.0049641924
23746,0.08972347,0.062701285,0.84757525
23747,0.868367,0.0073423125,0.12429068
23748,0.92283124,0.03295372,0.044214986
23749,0.015021985,0.017477434,0.96750057
23750,0.9509935,0.00547231,0.043534182
23751,0.97395533,0.0017608951,0.024283765
23752,0.1968076,0.021355396,0.781837
23753,0.9819358,0.0009907066,0.01707348
23754,0.8520649,0.010486836,0.13744822
23755,0.87052363,0.033039697,0.09643669
23756,0.8068594,0.13099001,0.06215064
23757,0.45232907,0.018644668,0.52902627
23758,0.034611873,0.018858053,0.9465301
23759,0.9381363,0.0024851935,0.059378598
23760,0.6651725,0.01978432,0.3150431
23761,0.021348052,0.002399687,0.9762523
23762,0.9550636,0.00036352788,0.044572875
23763,0.963705,0.00871139,0.027583614
23764,0.842241,0.055660073,0.102099
23765,0.75067776,0.014663017,0.2346592
23766,0.8552512,0.1023433,0.042405546
23767,0.53776413,0.023526723,0.43870917
23768,0.9224791,0.0030188465,0.074502006
23769,0.9644809,0.0004358474,0.03508332
23770,0.84764683,0.034707244,0.117645964
23771,0.92744863,0.035493676,0.03705765
23772,0.948438,0.01056069,0.04100125
23773,0.24584596,0.6443886,0.10976542
23774,0.21596071,0.07481399,0.70922536
23775,0.4942445,0.024648393,0.48110712
23776,0.035764907,0.002288833,0.96194625
23777,0.6943062,0.014685655,0.29100814
23778,0.9361975,0.0010891814,0.06271328
23779,0.93464863,0.011165058,0.05418626
23780,0.801539,0.015526484,0.18293455
23781,0.09309671,0.0053466954,0.90155655
23782,0.7419435,0.0018922416,0.25616425
23783,0.66631126,0.012106058,0.3215827
23784,0.96764106,0.0008424446,0.031516522
23785,0.97370166,0.0051413453,0.021157002
23786,0.43080345,0.011938624,0.55725795
23787,0.22661135,0.34951937,0.42386934
23788,0.96351045,0.0030386338,0.033450946
23789,0.8809128,0.0053182966,0.11376895
23790,0.9133411,0.0039108796,0.08274803
23791,0.95974225,0.0046310225,0.035626676
23792,0.88127154,0.0033302272,0.11539824
23793,0.973882,0.0085291695,0.017588755
23794,0.23134321,0.0641601,0.70449674
23795,0.96331704,0.0022556295,0.034427308
23796,0.9553657,0.00408606,0.04054816
23797,0.9212046,0.02669638,0.05209905
23798,0.93632656,0.007073441,0.056599997
23799,0.8898426,0.0040224143,0.10613495
23800,0.13993587,0.004586626,0.8554775
23801,0.8449489,0.03011958,0.124931544
23802,0.9568818,0.015267103,0.027851017
23803,0.9522174,0.0019601714,0.045822375
23804,0.5658635,0.02769381,0.40644273
23805,0.9733053,0.009276244,0.01741842
23806,0.8877568,0.00093310495,0.111310095
23807,0.77868205,0.009261269,0.21205662
23808,0.8448908,0.0109951515,0.14411406
23809,0.005949155,0.0006220967,0.99342877
23810,0.91548145,0.035310574,0.049207985
23811,0.7856198,0.1268998,0.087480426
23812,0.8715833,0.014634637,0.113782085
23813,0.91585016,0.01633346,0.06781636
23814,0.96036834,0.010964445,0.028667198
23815,0.9253282,0.016768957,0.05790281
23816,0.76447076,0.018168857,0.21736039
23817,0.95608526,0.006750533,0.037164167
23818,0.3469535,0.264896,0.38815045
23819,0.89148325,0.09176464,0.01675204
23820,0.98421717,0.0012418885,0.014540959
23821,0.021978345,0.007929948,0.9700917
23822,0.7584433,0.015233266,0.22632347
23823,0.5687779,0.017971868,0.41325024
23824,0.4080974,0.10888696,0.4830157
23825,0.98884994,0.0047098766,0.0064401464
23826,0.7240724,0.15383165,0.12209595
23827,0.94804937,0.0051870793,0.046763603
23828,0.67448306,0.0077059683,0.31781098
23829,0.80901533,0.011633677,0.17935099
23830,0.94723797,0.00592015,0.04684189
23831,0.9264362,0.06627403,0.0072897575
23832,0.8719022,0.010445383,0.11765234
23833,0.933806,0.0038099678,0.06238406
23834,0.9706953,0.014292946,0.0150118135
23835,0.1166665,0.0060239183,0.8773096
23836,0.00479962,0.00063423504,0.9945661
23837,0.9362225,0.0046032914,0.059174184
23838,0.8974457,0.0036092582,0.09894505
23839,0.010721485,0.009123993,0.98015445
23840,0.9477233,0.009028327,0.043248385
23841,0.98171496,0.001814066,0.01647095
23842,0.0032062232,0.00023834752,0.99655545
23843,0.9695509,0.0005069518,0.029942108
23844,0.8360684,0.016477315,0.14745429
23845,0.9786233,0.011387327,0.009989446
23846,0.029376663,0.010645762,0.9599776
23847,0.17121638,0.08995272,0.7388309
23848,0.022547958,0.017313054,0.96013904
23849,0.66409457,0.10449604,0.23140939
23850,0.9381075,0.023513446,0.03837899
23851,0.74832404,0.042481378,0.20919454
23852,0.8221653,0.01628777,0.1615469
23853,0.90115404,0.004337595,0.09450831
23854,0.8077608,0.0025296602,0.18970959
23855,0.72401255,0.07272121,0.20326619
23856,0.9443028,0.018644266,0.03705296
23857,0.9371094,0.051074237,0.011816362
23858,0.9673497,0.004071624,0.028578682
23859,0.9788361,0.00830146,0.01286246
23860,0.9405352,0.003993302,0.05547152
23861,0.87359077,0.0038743212,0.1225349
23862,0.98706925,0.0034905663,0.009440172
23863,0.7810013,0.024377597,0.19462109
23864,0.97369325,0.0007162026,0.025590528
23865,0.93196,0.004729659,0.063310325
23866,0.9340207,0.0031901004,0.062789254
23867,0.90108794,0.014823184,0.084088825
23868,0.8294776,0.008871574,0.16165079
23869,0.15121503,0.0709995,0.7777855
23870,0.9844158,0.0013502369,0.01423396
23871,0.04990045,0.005590107,0.94450945
23872,0.9678132,0.0030476616,0.029139139
23873,0.13703044,0.0064713378,0.85649824
23874,0.97047114,0.001205186,0.028323615
23875,0.8996822,0.012327896,0.08798988
23876,0.08479272,0.020929905,0.8942774
23877,0.93307364,0.004236265,0.06269017
23878,0.23787726,0.053597555,0.7085252
23879,0.50297475,0.03626091,0.46076435
23880,0.66487837,0.022145092,0.31297657
23881,0.03772518,0.005339621,0.9569352
23882,0.007859208,0.0045155156,0.9876253
23883,0.9131664,0.0029590048,0.08387455
23884,0.06322156,0.051436886,0.8853416
23885,0.9241916,0.022043811,0.05376459
23886,0.9127786,0.014685512,0.07253588
23887,0.40239498,0.38872764,0.20887738
23888,0.9456061,0.0031344765,0.05125939
23889,0.9752101,0.01188733,0.012902627
23890,0.93338984,0.0075439927,0.05906612
23891,0.90007526,0.045305375,0.054619297
23892,0.877847,0.012977722,0.10917523
23893,0.97419465,0.014690308,0.011114983
23894,0.98280627,0.00042741623,0.0167663
23895,0.15111512,0.02005623,0.82882863
23896,0.96313995,0.007541647,0.029318407
23897,0.3323447,0.050622858,0.6170324
23898,0.9776675,0.0067075463,0.015624937
23899,0.8580031,0.0019578163,0.14003909
23900,0.7136493,0.054472182,0.2318786
23901,0.9520417,0.007404177,0.040554155
23902,0.8329934,0.04347474,0.12353186
23903,0.84776807,0.005132821,0.14709914
23904,0.8413193,0.0057528317,0.15292782
23905,0.6410066,0.17376436,0.18522912
23906,0.9742208,0.009075973,0.01670328
23907,0.9356959,0.011286043,0.05301806
23908,0.003732512,0.00030800066,0.99595946
23909,0.95180106,0.006815585,0.041383334
23910,0.9601465,0.0048311944,0.035022337
23911,0.97991186,0.005749997,0.014338137
23912,0.15505514,0.08159303,0.76335186
23913,0.0066478495,0.0010166941,0.9923355
23914,0.96915954,0.007571812,0.023268608
23915,0.95061123,0.0067914864,0.04259726
23916,0.95834243,0.0006757242,0.040981904
23917,0.84041464,0.015759533,0.14382581
23918,0.9699,0.0019902107,0.0281098
23919,0.020119581,0.0054702037,0.97441024
23920,0.5169964,0.041379195,0.44162443
23921,0.98509836,0.001866681,0.013034989
23922,0.04149078,0.015358926,0.9431503
23923,0.9832334,0.0065798126,0.010186796
23924,0.9532532,0.0036257296,0.04312114
23925,0.3572731,0.033411156,0.60931575
23926,0.013043601,0.007480566,0.9794758
23927,0.9590158,0.005446441,0.03553774
23928,0.97620255,0.0011502712,0.022647247
23929,0.7096205,0.010110258,0.28026927
23930,0.83340234,0.012366828,0.15423086
23931,0.9333581,0.014146772,0.05249516
23932,0.6907625,0.00940723,0.29983026
23933,0.14529417,0.0035138167,0.851192
23934,0.90648365,0.008194971,0.08532136
23935,0.98514605,0.002021903,0.012832097
23936,0.8294241,0.012045731,0.15853016
23937,0.9589861,0.014289851,0.026724016
23938,0.93575066,0.006226141,0.058023226
23939,0.8352951,0.033305973,0.13139898
23940,0.37750915,0.43885708,0.18363382
23941,0.13519895,0.005389563,0.8594115
23942,0.9848049,0.00078922795,0.014405851
23943,0.9624482,0.011167905,0.02638394
23944,0.7767547,0.0077166157,0.21552868
23945,0.05824551,0.0022255208,0.939529
23946,0.4872801,0.3279282,0.18479167
23947,0.091630496,0.0324177,0.8759518
23948,0.9773358,0.0050529107,0.017611321
23949,0.94454074,0.0006709742,0.05478826
23950,0.4325338,0.021868372,0.54559785
23951,0.0043055466,0.00074195274,0.99495256
23952,0.9681714,0.012309769,0.019518785
23953,0.90777016,0.01756689,0.074662924
23954,0.82832813,0.009728874,0.16194305
23955,0.98721606,0.0033254733,0.0094584795
23956,0.95455843,0.021909194,0.023532374
23957,0.9815066,0.005985787,0.0125076035
23958,0.9383983,0.0007588347,0.060842868
23959,0.72881687,0.008950245,0.26223287
23960,0.9908255,0.00064168853,0.008532815
23961,0.91116405,0.015346213,0.073489785
23962,0.90687245,0.048262015,0.044865586
23963,0.9122227,0.0038378525,0.08393952
23964,0.987835,0.0010465491,0.011118449
23965,0.9732578,0.0034155909,0.023326663
23966,0.9219707,0.06108574,0.016943509
23967,0.113842525,0.41348103,0.4726764
23968,0.8185311,0.012058128,0.16941074
23969,0.94852144,0.0024679769,0.0490106
23970,0.9771902,0.009292274,0.013517548
23971,0.990141,0.0012718069,0.008587273
23972,0.08908296,0.005590265,0.90532684
23973,0.6067807,0.014265492,0.37895378
23974,0.9806473,0.0011551846,0.01819756
23975,0.013581196,0.007952816,0.978466
23976,0.96954566,0.0055526947,0.02490162
23977,0.029573165,0.028291747,0.9421351
23978,0.95372075,0.0051640617,0.041115176
23979,0.9712062,0.008678286,0.02011555
23980,0.89864445,0.0029372158,0.09841831
23981,0.9359072,0.031106062,0.032986812
23982,0.9827514,0.005290301,0.011958258
23983,0.78587246,0.01917969,0.19494782
23984,0.02851513,0.023771891,0.9477129
23985,0.90375805,0.009161717,0.0870803
23986,0.063130975,0.034141123,0.9027279
23987,0.77729917,0.005212026,0.2174888
23988,0.98214346,0.00066155195,0.01719495
23989,0.0047446606,0.0008792289,0.9943762
23990,0.9800884,0.0016968786,0.018214662
23991,0.94707376,0.012499913,0.04042632
23992,0.86317694,0.11353136,0.023291744
23993,0.93017495,0.004342219,0.06548288
23994,0.6629413,0.012911924,0.32414675
23995,0.95604396,0.0016329627,0.042323034
23996,0.16471268,0.13665752,0.6986298
23997,0.98092043,0.008317908,0.0107616475
23998,0.98306364,0.004569173,0.012367147
23999,0.95072746,0.0044579566,0.04481454
24000,0.93927354,0.003697033,0.057029422
24001,0.98694336,0.0008097404,0.012246905
24002,0.061748005,0.020339679,0.9179123
24003,0.97197086,0.007039315,0.020989794
24004,0.8640471,0.013829024,0.12212391
24005,0.92039317,0.0072798673,0.07232693
24006,0.40378168,0.019650118,0.5765682
24007,0.98024553,0.012636243,0.007118191
24008,0.9732612,0.0029230095,0.023815867
24009,0.94286907,0.018954305,0.038176656
24010,0.98551154,0.0012026683,0.013285823
24011,0.97621286,0.00447943,0.019307734
24012,0.97474855,0.0031936,0.022057887
24013,0.9087789,0.01263793,0.078583136
24014,0.56868076,0.011326427,0.4199928
24015,0.9625484,0.016592007,0.020859672
24016,0.8533204,0.013143067,0.13353652
24017,0.9917447,0.0024293342,0.0058260253
24018,0.97932875,0.0012566695,0.019414542
24019,0.78471243,0.027222311,0.18806525
24020,0.0009653272,0.002012047,0.99702257
24021,0.9138701,0.004469467,0.08166046
24022,0.9926001,0.0005932016,0.006806742
24023,0.99600035,0.00039956026,0.0036000295
24024,0.9080123,0.005721597,0.08626613
24025,0.89635104,0.0046765045,0.098972484
24026,0.8761529,0.05795558,0.06589153
24027,0.1269214,0.012589629,0.860489
24028,0.99499524,0.0010614314,0.003943367
24029,0.9748756,0.014855399,0.010268908
24030,0.48582637,0.016638191,0.49753547
24031,0.9845948,0.002767107,0.012638022
24032,0.9659489,0.0033827666,0.03066841
24033,0.47279283,0.16733384,0.35987335
24034,0.98925346,0.004049231,0.0066972976
24035,0.7594328,0.001840403,0.23872684
24036,0.8316895,0.0016511632,0.16665931
24037,0.29483005,0.048350092,0.6568198
24038,0.9620087,0.011489993,0.026501374
24039,0.04112629,0.028897818,0.9299759
24040,0.88955957,0.025209978,0.08523042
24041,0.67136276,0.014980449,0.3136568
24042,0.6168156,0.026590174,0.35659418
24043,0.978672,0.002336088,0.01899185
24044,0.0053864582,0.0026384965,0.991975
24045,0.7950447,0.011966895,0.1929884
24046,0.0033503652,0.004776336,0.9918733
24047,0.8477932,0.01020508,0.14200173
24048,0.8983803,0.00050649245,0.101113185
24049,0.9173347,0.034585435,0.048079886
24050,0.98793703,0.00076450076,0.011298433
24051,0.6067134,0.012494247,0.38079232
24052,0.90389085,0.046337437,0.049771648
24053,0.9449346,0.008570225,0.046495155
24054,0.27791837,0.0125823235,0.70949936
24055,0.28492767,0.009462609,0.70560974
24056,0.01439326,0.0016292521,0.9839775
24057,0.96739876,0.002686021,0.029915247
24058,0.9256495,0.004428438,0.069922015
24059,0.9925303,0.00032073018,0.007149002
24060,0.6883686,0.008651814,0.3029796
24061,0.8492148,0.0025182874,0.14826699
24062,0.94757706,0.00856867,0.043854237
24063,0.5914415,0.012629662,0.39592877
24064,0.79299253,0.008016004,0.1989915
24065,0.9929913,0.00025580643,0.006752881
24066,0.9891235,0.006980397,0.003896092
24067,0.16101421,0.0034220524,0.8355637
24068,0.894565,0.003022519,0.102412514
24069,0.9680761,0.005400561,0.026523268
24070,0.6093911,0.29693717,0.09367172
24071,0.94560033,0.001888028,0.052511636
24072,0.8630472,0.0120950565,0.12485776
24073,0.9532129,0.0032074298,0.043579668
24074,0.51847816,0.024535375,0.45698646
24075,0.76627165,0.011453408,0.22227497
24076,0.016059026,0.0058574937,0.97808343
24077,0.9869472,0.0028284546,0.010224352
24078,0.96614075,0.001455924,0.032403305
24079,0.53481394,0.05535477,0.40983132
24080,0.9460157,0.0026728027,0.051311463
24081,0.62670845,0.040566307,0.3327253
24082,0.72299874,0.0180203,0.25898093
24083,0.819406,0.008030754,0.1725633
24084,0.034146767,0.0037693996,0.9620838
24085,0.9959033,0.0012896478,0.002807103
24086,0.9707215,0.0069638947,0.022314597
24087,0.95110625,0.0107866945,0.038107086
24088,0.13129437,0.01958112,0.8491245
24089,0.9173214,0.0020704658,0.080608085
24090,0.8910624,0.0068560997,0.10208152
24091,0.95161575,0.020201517,0.028182706
24092,0.0024531817,0.00093443453,0.99661237
24093,0.29777884,0.007388164,0.694833
24094,0.5815063,0.23584633,0.18264736
24095,0.951565,0.011799296,0.036635663
24096,0.9830052,0.0007066718,0.0162881
24097,0.0014468054,0.0003782774,0.9981749
24098,0.014936438,0.0011680198,0.98389554
24099,0.9401736,0.0038198747,0.05600648
24100,0.8366111,0.0034581285,0.15993077
24101,0.794681,0.012982197,0.19233686
24102,0.9838424,0.0010067441,0.015150873
24103,0.81414515,0.007859691,0.17799515
24104,0.95427656,0.0046754265,0.04104804
24105,0.8797374,0.09421421,0.02604841
24106,0.79929185,0.008962167,0.191746
24107,0.70453113,0.035768278,0.25970054
24108,0.89791864,0.008748818,0.093332544
24109,0.90245694,0.015889112,0.08165391
24110,0.94110394,0.012316868,0.046579182
24111,0.9156402,0.024406618,0.059953254
24112,0.96235764,0.0031058944,0.034536432
24113,0.03894299,0.0042235726,0.95683336
24114,0.9894112,0.0054545766,0.0051342873
24115,0.97653186,0.004995286,0.018472807
24116,0.9679682,0.0050223367,0.027009431
24117,0.9318019,0.009860959,0.058337104
24118,0.7294437,0.0019829262,0.26857334
24119,0.9046378,0.0608372,0.034525014
24120,0.93261886,0.0020082502,0.06537289
24121,0.93081087,0.004117481,0.06507172
24122,0.2873153,0.025335891,0.6873488
24123,0.0021054167,0.0002725725,0.99762195
24124,0.92022246,0.03656697,0.04321059
24125,0.44906685,0.015192774,0.5357404
24126,0.21522957,0.005638237,0.7791322
24127,0.98460454,0.0029348151,0.012460711
24128,0.95377785,0.020858614,0.025363479
24129,0.5057218,0.03451943,0.45975876
24130,0.9550615,0.016303452,0.02863503
24131,0.79183185,0.0060992176,0.2020689
24132,0.98524,0.0008148665,0.013945165
24133,0.8832976,0.027454844,0.08924751
24134,0.66199803,0.20291048,0.13509147
24135,0.67725724,0.01003133,0.3127114
24136,0.845855,0.0018848518,0.15226011
24137,0.83760077,0.12218698,0.0402122
24138,0.9215967,0.01233015,0.0660732
24139,0.42213538,0.119858906,0.45800576
24140,0.11641169,0.0057413164,0.87784696
24141,0.096320495,0.03316807,0.8705115
24142,0.9641173,0.007831067,0.028051693
24143,0.9150936,0.0015952598,0.083311155
24144,0.981672,0.002187878,0.01614011
24145,0.0136047825,0.0062220115,0.9801733
24146,0.9238317,0.004272237,0.071896076
24147,0.39508206,0.0072882986,0.5976296
24148,0.05248035,0.0051031187,0.94241655
24149,0.9940673,0.0007291106,0.0052036047
24150,0.0026794819,0.007127206,0.9901933
24151,0.7403286,0.008718325,0.2509531
24152,0.9610095,0.0020436451,0.0369468
24153,0.9095656,0.0018648955,0.088569544
24154,0.95133364,0.02128481,0.027381508
24155,0.9693224,0.0014902512,0.029187333
24156,0.2764099,0.6005373,0.12305281
24157,0.4714822,0.011958308,0.5165595
24158,0.97124636,0.0047529093,0.024000779
24159,0.83221996,0.04988115,0.11789894
24160,0.9797777,0.0028137423,0.017408587
24161,0.84387434,0.102076545,0.054049112
24162,0.91252977,0.043389123,0.04408108
24163,0.9495495,0.025207948,0.025242524
24164,0.88249665,0.01577672,0.10172659
24165,0.43062434,0.11387978,0.4554959
24166,0.890704,0.0024988616,0.10679715
24167,0.15604725,0.04712457,0.7968282
24168,0.590094,0.007718326,0.40218773
24169,0.85140723,0.021315254,0.1272775
24170,0.96720916,0.0057752104,0.027015645
24171,0.6019365,0.05057331,0.34749022
24172,0.96974105,0.0009907406,0.029268244
24173,0.006426412,0.0071193893,0.9864542
24174,0.95328647,0.0017595019,0.044954073
24175,0.92509544,0.008722825,0.066181704
24176,0.9397475,0.04149602,0.018756442
24177,0.959118,0.0017926706,0.039089303
24178,0.009690059,0.03862557,0.9516844
24179,0.3144062,0.009028873,0.67656493
24180,0.8899212,0.07293981,0.03713903
24181,0.79934245,0.05520046,0.1454571
24182,0.97758204,0.0012883202,0.021129629
24183,0.94053614,0.009242384,0.050221458
24184,0.989238,0.0004647098,0.0102972295
24185,0.9657164,0.004397801,0.029885722
24186,0.3800116,0.048679642,0.57130873
24187,0.98693395,0.00092706474,0.012139031
24188,0.93057585,0.0041603637,0.06526377
24189,0.9626245,0.0030786842,0.03429685
24190,0.9534292,0.0017237875,0.044846993
24191,0.30964068,0.005847753,0.6845116
24192,0.9391197,0.007912794,0.05296745
24193,0.09383297,0.02705905,0.87910795
24194,0.8254374,0.0045799417,0.16998257
24195,0.9524686,0.0016634229,0.045868043
24196,0.5261931,0.0048410264,0.4689659
24197,0.98151994,0.00489521,0.013584856
24198,0.9556922,0.0035828508,0.04072501
24199,0.94417065,0.011155785,0.04467351
24200,0.96577483,0.014671637,0.019553522
24201,0.2968796,0.037991017,0.6651294
24202,0.9503189,0.0037362564,0.045944918
24203,0.92360437,0.03335063,0.043045003
24204,0.9483815,0.025095707,0.026522748
24205,0.06789601,0.06287744,0.8692265
24206,0.96481264,0.0024089268,0.032778475
24207,0.86869854,0.08083336,0.05046812
24208,0.9678959,0.0017400282,0.030364046
24209,0.87206846,0.007972206,0.119959354
24210,0.80722266,0.0068415315,0.18593578
24211,0.5707288,0.0048445803,0.42442667
24212,0.74904984,0.007427396,0.2435227
24213,0.97500765,0.0046700155,0.020322317
24214,0.7550007,0.15954258,0.085456744
24215,0.9625617,0.0013159236,0.03612237
24216,0.44616595,0.010617548,0.5432165
24217,0.9748915,0.002479073,0.022629447
24218,0.9542773,0.0021121844,0.04361055
24219,0.9780175,0.0030737435,0.018908696
24220,0.9364169,0.020690551,0.042892512
24221,0.9633487,0.016177732,0.02047355
24222,0.006319255,0.0008378705,0.9928429
24223,0.95437825,0.025367687,0.020254096
24224,0.9385813,0.0010976564,0.06032106
24225,0.9541079,0.017730013,0.02816211
24226,0.89832133,0.029765794,0.07191294
24227,0.11314732,0.019738926,0.8671137
24228,0.4864114,0.1768204,0.33676815
24229,0.76950055,0.023824094,0.20667537
24230,0.9845782,0.00087469484,0.014547173
24231,0.86250854,0.0122507345,0.12524067
24232,0.023700813,0.013964572,0.9623346
24233,0.12107203,0.005010787,0.8739172
24234,0.9763049,0.0018624737,0.021832636
24235,0.05928458,0.007752054,0.93296343
24236,0.91650087,0.017495513,0.06600359
24237,0.9826774,0.0027484891,0.014574123
24238,0.98440385,0.0014341017,0.014162078
24239,0.8798537,0.012103822,0.108042434
24240,0.9816476,0.00089944166,0.017452935
24241,0.932296,0.006273604,0.061430432
24242,0.118413776,0.023499018,0.8580872
24243,0.49333435,0.12705177,0.37961385
24244,0.83392644,0.018891066,0.14718252
24245,0.0026683516,0.0023016378,0.9950299
24246,0.9764097,0.0074950894,0.01609522
24247,0.9722653,0.0022166779,0.025518052
24248,0.7568341,0.19850674,0.044659182
24249,0.36374155,0.04369146,0.59256697
24250,0.9655336,0.0024968304,0.03196961
24251,0.8100034,0.063489914,0.12650672
24252,0.909949,0.011323645,0.07872739
24253,0.0044989386,0.0018464249,0.9936546
24254,0.40571538,0.023731275,0.57055336
24255,0.5272668,0.00446842,0.46826476
24256,0.9258603,0.017954184,0.056185525
24257,0.7398945,0.037515424,0.2225901
24258,0.0072240694,0.00284423,0.9899317
24259,0.9459767,0.004738195,0.049285173
24260,0.9544457,0.0016238842,0.043930463
24261,0.97399896,0.0019852757,0.024015773
24262,0.0068081194,0.011340532,0.98185134
24263,0.9450481,0.0056165094,0.04933536
24264,0.0066415463,0.0012365091,0.99212193
24265,0.26474172,0.013108518,0.7221498
24266,0.9561402,0.0018579016,0.042001877
24267,0.29455188,0.061047338,0.64440084
24268,0.8726429,0.0014113765,0.12594575
24269,0.9187098,0.01313534,0.06815489
24270,0.9348001,0.009269258,0.05593063
24271,0.9387087,0.004060796,0.05723048
24272,0.9749917,0.013847767,0.011160502
24273,0.8414902,0.00064816826,0.15786159
24274,0.7823509,0.05685048,0.1607986
24275,0.9721264,0.008567411,0.019306164
24276,0.3969913,0.52160877,0.08139995
24277,0.90274394,0.04377947,0.053476624
24278,0.9854835,0.00086555927,0.013650971
24279,0.6187595,0.005242254,0.37599823
24280,0.9608859,0.0010537633,0.03806031
24281,0.89079267,0.005349901,0.103857376
24282,0.023931935,0.0067005963,0.9693675
24283,0.9133664,0.007541211,0.0790924
24284,0.78507644,0.015788483,0.199135
24285,0.07252406,0.007433737,0.9200422
24286,0.91441196,0.042830907,0.042757116
24287,0.21848579,0.0087647205,0.77274954
24288,0.22879434,0.012164121,0.7590416
24289,0.8941263,0.009684789,0.09618893
24290,0.40794176,0.0077650403,0.5842931
24291,0.14217155,0.027451241,0.83037716
24292,0.8844035,0.009799257,0.10579722
24293,0.93064904,0.027888069,0.041462947
24294,0.9194686,0.0083103785,0.072221056
24295,0.89483774,0.017882131,0.08728015
24296,0.9675531,0.0005130876,0.031933803
24297,0.081620574,0.0024544368,0.91592497
24298,0.2021739,0.020378288,0.77744776
24299,0.74110955,0.16369858,0.09519184
24300,0.8648903,0.0076714302,0.12743825
24301,0.88306546,0.003562426,0.113372065
24302,0.96850944,0.008111005,0.023379507
24303,0.97222286,0.0034169003,0.024360277
24304,0.08554181,0.02392183,0.8905364
24305,0.9664515,0.008960474,0.024588006
24306,0.9893773,0.0028662796,0.0077563664
24307,0.92258865,0.0061098747,0.071301475
24308,0.9852761,0.0023465178,0.012377426
24309,0.90863144,0.021428209,0.0699404
24310,0.006082661,0.045823023,0.94809437
24311,0.015348831,0.004692283,0.9799589
24312,0.94060796,0.010587315,0.04880468
24313,0.96457034,0.005141295,0.030288363
24314,0.30082402,0.2639561,0.4352199
24315,0.9017403,0.051418327,0.046841346
24316,0.92022526,0.010802624,0.06897205
24317,0.052809387,0.021463385,0.92572725
24318,0.9141187,0.046922892,0.038958345
24319,0.3719333,0.021811068,0.6062556
24320,0.9763032,0.00073040527,0.022966351
24321,0.94941884,0.006522317,0.04405892
24322,0.9264948,0.017650904,0.05585434
24323,0.94097304,0.0315119,0.027515091
24324,0.86284214,0.05182405,0.08533384
24325,0.95203924,0.0027128223,0.045247927
24326,0.80468756,0.05797727,0.13733518
24327,0.98489916,0.00035793238,0.014742931
24328,0.018921394,0.001587694,0.97949094
24329,0.67269987,0.037764654,0.2895355
24330,0.9745773,0.010346882,0.015075788
24331,0.84397113,0.0067819185,0.14924696
24332,0.8641673,0.042403862,0.09342884
24333,0.9401548,0.0021065858,0.05773861
24334,0.7775119,0.0063141827,0.21617389
24335,0.85613453,0.007880614,0.13598493
24336,0.16065842,0.012636287,0.82670534
24337,0.8043037,0.023502743,0.17219357
24338,0.52099615,0.4370689,0.041934967
24339,0.29213545,0.010402311,0.69746226
24340,0.32724792,0.0031890967,0.669563
24341,0.07819807,0.118557975,0.80324394
24342,0.016971119,0.00038897584,0.9826399
24343,0.8247976,0.07404468,0.10115777
24344,0.9496643,0.0013839379,0.04895172
24345,0.87149453,0.009268494,0.119236946
24346,0.97235954,0.0018571535,0.025783261
24347,0.96782583,0.0025360542,0.029638119
24348,0.9806402,0.012090348,0.0072695133
24349,0.8132542,0.00882808,0.17791778
24350,0.8925077,0.022220843,0.08527154
24351,0.8888139,0.011792199,0.099393934
24352,0.55274427,0.21470135,0.23255439
24353,0.54105884,0.015541444,0.44339973
24354,0.6742995,0.04493294,0.28076753
24355,0.9777599,0.0065022595,0.015737884
24356,0.8270545,0.0017267626,0.17121872
24357,0.994282,0.0015086428,0.00420937
24358,0.8673822,0.015750993,0.11686679
24359,0.9455359,0.0188423,0.03562179
24360,0.66499555,0.027048547,0.30795592
24361,0.77915204,0.026450131,0.19439784
24362,0.926295,0.001793774,0.071911275
24363,0.022168051,0.003974331,0.97385764
24364,0.9107997,0.0020024762,0.08719783
24365,0.94389325,0.003982285,0.052124426
24366,0.61521,0.0038531236,0.38093686
24367,0.87635785,0.013567995,0.11007411
24368,0.87656087,0.027075578,0.09636354
24369,0.73505354,0.03926793,0.2256785
24370,0.96906215,0.0027056406,0.028232215
24371,0.9125381,0.020356515,0.06710535
24372,0.04163162,0.001048347,0.95732003
24373,0.019194903,0.03299232,0.94781286
24374,0.19953457,0.015296922,0.7851685
24375,0.022065846,0.0010662152,0.9768679
24376,0.7758891,0.08420991,0.13990095
24377,0.9619413,0.0017354112,0.03632331
24378,0.29064915,0.024458306,0.6848926
24379,0.761259,0.0012809593,0.23745999
24380,0.9837188,0.007133562,0.009147664
24381,0.9641083,0.0041172486,0.03177441
24382,0.58914447,0.07680001,0.33405557
24383,0.9520163,0.01138605,0.036597583
24384,0.53508806,0.103838466,0.3610735
24385,0.9769742,0.008386353,0.014639442
24386,0.2639474,0.019575125,0.71647745
24387,0.029766167,0.0052741813,0.9649597
24388,0.9199155,0.0034575744,0.07662695
24389,0.98226535,0.0031970483,0.014537562
24390,0.9796664,0.0013863399,0.018947309
24391,0.9251951,0.0041147396,0.070690125
24392,0.027889818,0.0247363,0.94737387
24393,0.9427327,0.032675106,0.02459224
24394,0.7921943,0.010923995,0.19688168
24395,0.9577273,0.004650577,0.03762212
24396,0.6923939,0.025208795,0.28239733
24397,0.97152776,0.0008677397,0.027604459
24398,0.5129215,0.135221,0.3518575
24399,0.9715782,0.004484153,0.023937706
24400,0.98181903,0.002553409,0.015627526
24401,0.7607156,0.0046261842,0.23465823
24402,0.9743663,0.0021127725,0.02352086
24403,0.045510504,0.0018318633,0.95265764
24404,0.9452971,0.0065710703,0.04813188
24405,0.9418716,0.0010899659,0.05703842
24406,0.50094336,0.040562093,0.45849454
24407,0.90209895,0.003632608,0.094268434
24408,0.97313607,0.0040410967,0.022822902
24409,0.97746474,0.0017923365,0.020742994
24410,0.80537444,0.008041349,0.18658416
24411,0.98522955,0.0034957626,0.011274735
24412,0.39202482,0.009718679,0.5982565
24413,0.9454745,0.006392125,0.048133407
24414,0.9384763,0.0040636063,0.05746011
24415,0.014788913,0.00495196,0.9802592
24416,0.33568543,0.0031698854,0.6611447
24417,0.8862884,0.06997886,0.043732695
24418,0.8897232,0.09207155,0.018205287
24419,0.9576428,0.0024215356,0.039935645
24420,0.27125812,0.012120835,0.71662104
24421,0.9596218,0.0035864688,0.03679171
24422,0.95288926,0.0017754077,0.04533533
24423,0.45804828,0.0073354756,0.53461623
24424,0.7948026,0.020734483,0.18446296
24425,0.95788676,0.0051825573,0.03693066
24426,0.619411,0.011881858,0.36870712
24427,0.7524031,0.022140542,0.22545637
24428,0.8250148,0.000937646,0.17404757
24429,0.8194039,0.04671146,0.13388464
24430,0.47564757,0.0050341417,0.5193183
24431,0.21178009,0.015475864,0.77274406
24432,0.9281427,0.03226629,0.039590955
24433,0.97869885,0.0012429303,0.020058239
24434,0.80006135,0.0037281392,0.19621049
24435,0.942119,0.00280287,0.05507816
24436,0.892385,0.008050214,0.09956477
24437,0.65332335,0.027436774,0.31923988
24438,0.8807351,0.012796008,0.106468916
24439,0.5811974,0.020204863,0.39859775
24440,0.93568003,0.0045904825,0.05972953
24441,0.9580153,0.00083581527,0.041148912
24442,0.57054585,0.043226216,0.386228
24443,0.97386885,0.0014308181,0.024700362
24444,0.92894113,0.0092813615,0.061777465
24445,0.37807506,0.07966489,0.54226005
24446,0.052149426,0.014206486,0.93364406
24447,0.005065834,0.000860835,0.99407333
24448,0.3782782,0.025219584,0.59650224
24449,0.06517549,0.016424967,0.9183995
24450,0.26187024,0.04418963,0.6939401
24451,0.0988348,0.05140498,0.84976023
24452,0.9442082,0.0060371025,0.049754657
24453,0.9411733,0.0027165748,0.056110173
24454,0.048177227,0.09155776,0.86026496
24455,0.84354407,0.10089601,0.055559937
24456,0.43138742,0.006740249,0.5618723
24457,0.9818589,0.0044665905,0.013674481
24458,0.49604616,0.09948531,0.40446857
24459,0.22464137,0.5072172,0.2681414
24460,0.9884621,0.005094459,0.0064434493
24461,0.98222303,0.0058713695,0.01190563
24462,0.7793437,0.02385397,0.19680229
24463,0.66989946,0.021006413,0.30909413
24464,0.9683062,0.010553336,0.021140443
24465,0.94515425,0.0033522642,0.051493462
24466,0.6697981,0.023921758,0.30628014
24467,0.9651061,0.013947969,0.020945946
24468,0.19892891,0.012875019,0.7881961
24469,0.21911265,0.019796696,0.76109064
24470,0.93166083,0.0025925771,0.065746576
24471,0.9658512,0.0030331947,0.03111562
24472,0.78107363,0.004647085,0.21427928
24473,0.851524,0.07354064,0.0749354
24474,0.023825,0.0020728027,0.97410226
24475,0.96512526,0.004520337,0.030354476
24476,0.5778742,0.017726738,0.40439907
24477,0.94357574,0.010261805,0.046162516
24478,0.97586846,0.0063735703,0.017758051
24479,0.83808917,0.014492652,0.14741814
24480,0.16903609,0.0057590073,0.8252049
24481,0.42532274,0.22424127,0.350436
24482,0.90901935,0.004062841,0.0869178
24483,0.1782787,0.07675353,0.74496776
24484,0.7007835,0.007923892,0.29129264
24485,0.843431,0.009179079,0.14738993
24486,0.9582125,0.0020237465,0.03976373
24487,0.22181804,0.023103213,0.7550787
24488,0.30568066,0.14043573,0.5538836
24489,0.33222327,0.003642606,0.66413414
24490,0.12132629,0.048662357,0.8300113
24491,0.98620045,0.0030977188,0.010701843
24492,0.9610147,0.005013858,0.033971384
24493,0.8929799,0.004860164,0.102159865
24494,0.92115694,0.038887374,0.039955653
24495,0.97673553,0.0018966371,0.021367826
24496,0.8770496,0.004401091,0.11854923
24497,0.06389669,0.015409379,0.92069393
24498,0.9566241,0.0055253226,0.037850607
24499,0.9800016,0.0005799181,0.019418426
24500,0.88859123,0.046341766,0.06506695
24501,0.91081023,0.0096776765,0.07951209
24502,0.9755584,0.0060841385,0.018357446
24503,0.9441444,0.0060617635,0.049793795
24504,0.5289853,0.1710476,0.29996705
24505,0.95630306,0.0043291664,0.03936774
24506,0.013319809,0.012209988,0.9744702
24507,0.053109057,0.028045474,0.9188455
24508,0.6781851,0.023520365,0.29829454
24509,0.94337654,0.0009814996,0.055641916
24510,0.013687871,0.0006485439,0.98566353
24511,0.9786516,0.006103211,0.015245149
24512,0.15943733,0.08547027,0.75509244
24513,0.95377547,0.00068945665,0.04553501
24514,0.12646884,0.0008865789,0.87264454
24515,0.8555816,0.00462159,0.13979678
24516,0.9469539,0.0017048346,0.05134129
24517,0.023334727,0.0020538513,0.9746114
24518,0.63554174,0.04764238,0.3168159
24519,0.9845263,0.0040591825,0.011414508
24520,0.16812931,0.012939887,0.8189308
24521,0.9331665,0.013075383,0.053758062
24522,0.81309795,0.058385566,0.12851645
24523,0.96747255,0.0039500347,0.028577399
24524,0.011087943,0.040930964,0.9479811
24525,0.9645689,0.007100018,0.028331058
24526,0.47121733,0.43205684,0.096725814
24527,0.9275565,0.004010894,0.068432614
24528,0.009521549,0.0016927778,0.9887856
24529,0.9416535,0.026867826,0.031478718
24530,0.19969676,0.0040362235,0.79626703
24531,0.9826361,0.00081468595,0.016549272
24532,0.1495836,0.053319495,0.7970969
24533,0.8957515,0.084081426,0.020167083
24534,0.98207873,0.008689971,0.009231311
24535,0.98097587,0.0010894265,0.017934732
24536,0.069737434,0.008153689,0.9221089
24537,0.97453654,0.012015834,0.013447628
24538,0.8632908,0.05148591,0.085223325
24539,0.08491163,0.18068905,0.7343993
24540,0.9799002,0.003949312,0.01615046
24541,0.943468,0.0070523866,0.049479663
24542,0.93519086,0.009171621,0.055637464
24543,0.71908194,0.010712654,0.2702054
24544,0.98064005,0.0040958566,0.015264038
24545,0.66704434,0.0665711,0.26638457
24546,0.8990219,0.032743093,0.06823502
24547,0.96092653,0.0070773032,0.03199614
24548,0.9051437,0.0072641503,0.087592214
24549,0.9528439,0.0046697254,0.042486377
24550,0.9644068,0.0056151184,0.029978124
24551,0.96849537,0.02381536,0.0076893126
24552,0.9790739,0.0031325566,0.017793601
24553,0.9855794,0.004042846,0.010377766
24554,0.026434725,0.011168717,0.9623965
24555,0.79524106,0.0052443626,0.19951458
24556,0.93591857,0.015852831,0.04822858
24557,0.0029297932,0.002410958,0.99465925
24558,0.3853535,0.051976167,0.56267035
24559,0.8934471,0.0013594712,0.10519343
24560,0.64468604,0.010440727,0.3448733
24561,0.9676999,0.0024822776,0.029817859
24562,0.9428846,0.004485579,0.05262974
24563,0.8748681,0.04981417,0.07531771
24564,0.8697286,0.005932496,0.12433889
24565,0.9762937,0.0019921488,0.021714188
24566,0.8119609,0.019633433,0.16840571
24567,0.986033,0.005316584,0.008650341
24568,0.96458924,0.0012460677,0.034164682
24569,0.9305358,0.0096802125,0.059784014
24570,0.92925304,0.0027108362,0.06803615
24571,0.9567023,0.005581704,0.037715986
24572,0.94982755,0.017007047,0.03316544
24573,0.8918412,0.009900282,0.098258615
24574,0.10124107,0.15745746,0.7413015
24575,0.9098352,0.0068355985,0.08332917
24576,0.9433485,0.0019871432,0.05466437
24577,0.006021948,0.0028294886,0.9911486
24578,0.25963593,0.009918397,0.7304456
24579,0.9625836,0.0042432314,0.03317316
24580,0.40228075,0.013260129,0.5844591
24581,0.9544131,0.0013023035,0.044284515
24582,0.008118388,0.0010161077,0.9908655
24583,0.46828806,0.020274537,0.5114374
24584,0.8668472,0.02631452,0.10683821
24585,0.23510464,0.041644584,0.72325075
24586,0.09741824,0.0036409271,0.8989408
24587,0.967164,0.0061064092,0.026729604
24588,0.03675435,0.046928715,0.916317
24589,0.77369344,0.10213312,0.12417343
24590,0.9525442,0.005764099,0.041691706
24591,0.6796259,0.19064015,0.12973389
24592,0.671455,0.0050797705,0.3234652
24593,0.97606045,0.0013993451,0.022540256
24594,0.88668746,0.033514597,0.079797894
24595,0.9765228,0.006973597,0.016503654
24596,0.5462558,0.010549917,0.44319427
24597,0.6198253,0.019248834,0.36092588
24598,0.8813,0.016782265,0.101917736
24599,0.60761684,0.33200076,0.060382392
24600,0.96600914,0.011243426,0.02274744
24601,0.7402294,0.006580714,0.25318983
24602,0.9027313,0.011612443,0.08565625
24603,0.98290277,0.0122588845,0.004838434
24604,0.99125844,0.003841527,0.0049000005
24605,0.9215256,0.006385066,0.07208933
24606,0.9752161,0.005007407,0.01977649
24607,0.756262,0.0047802925,0.23895772
24608,0.14881963,0.015402496,0.8357779
24609,0.78415865,0.0041453396,0.21169595
24610,0.9949635,0.00039144876,0.0046449997
24611,0.72880584,0.15758123,0.113612875
24612,0.86227137,0.0064489623,0.13127966
24613,0.9833823,0.001957037,0.014660669
24614,0.7123422,0.032331392,0.25532645
24615,0.052009188,0.040036097,0.9079547
24616,0.21288493,0.0054594437,0.78165567
24617,0.7036552,0.02601189,0.27033287
24618,0.9837213,0.0023056816,0.013972928
24619,0.1247849,0.0032244828,0.8719906
24620,0.97583675,0.010732096,0.013431128
24621,0.94207764,0.009196293,0.048726104
24622,0.95812416,0.010944176,0.030931702
24623,0.94432586,0.0046752733,0.05099892
24624,0.96798,0.0016798383,0.030340154
24625,0.8119527,0.00907663,0.17897066
24626,0.7307898,0.012288288,0.25692195
24627,0.05370181,0.0031209781,0.9431772
24628,0.9791291,0.005888682,0.014982216
24629,0.8936756,0.0021722221,0.10415212
24630,0.5198103,0.086712226,0.39347747
24631,0.94820815,0.0016382746,0.05015361
24632,0.9510208,0.0072321836,0.04174708
24633,0.93513805,0.0031235467,0.061738376
24634,0.86163855,0.010904868,0.12745658
24635,0.9386688,0.00478062,0.0565506
24636,0.9241578,0.014274185,0.061568018
24637,0.9650655,0.00664184,0.02829265
24638,0.98425716,0.00045927934,0.015283557
24639,0.968465,0.017113432,0.014421637
24640,0.95312136,0.011915829,0.034962784
24641,0.9177168,0.015123213,0.06716
24642,0.93289214,0.0055185016,0.06158935
24643,0.97769654,0.009796089,0.012507415
24644,0.7645742,0.005033338,0.2303924
24645,0.95691854,0.014641083,0.028440442
24646,0.68392813,0.011059124,0.30501267
24647,0.42385438,0.21984832,0.35629728
24648,0.1375003,0.009558584,0.85294116
24649,0.9610702,0.011797617,0.027132146
24650,0.93650514,0.008693634,0.05480127
24651,0.9104406,0.0060909395,0.083468385
24652,0.97299236,0.0015160958,0.025491476
24653,0.35917932,0.009748333,0.6310724
24654,0.111904696,0.034182496,0.85391283
24655,0.98501736,0.00039482935,0.014587812
24656,0.98314756,0.0037417668,0.013110739
24657,0.9396255,0.023542017,0.036832545
24658,0.08651648,0.010943245,0.90254027
24659,0.7171037,0.011599611,0.2712967
24660,0.6543265,0.0033518882,0.34232163
24661,0.77609617,0.009926506,0.2139773
24662,0.6177706,0.12551247,0.2567169
24663,0.94405484,0.008989807,0.046955295
24664,0.007554409,0.0055855094,0.9868601
24665,0.06958996,0.0043782247,0.92603177
24666,0.8064638,0.023914894,0.16962129
24667,0.9427206,0.009850484,0.04742887
24668,0.62975454,0.011920386,0.35832506
24669,0.9318392,0.00079149916,0.067369245
24670,0.8051181,0.02073748,0.17414448
24671,0.71492416,0.04529177,0.23978408
24672,0.010283437,0.0008124405,0.9889042
24673,0.93473333,0.009629574,0.055637065
24674,0.026433963,0.0042606164,0.96930546
24675,0.9828553,0.01101726,0.0061273957
24676,0.95565516,0.019377612,0.024967222
24677,0.842345,0.01757272,0.14008231
24678,0.8991732,0.028809045,0.072017714
24679,0.036503416,0.016583335,0.94691324
24680,0.9548465,0.0030425165,0.04211102
24681,0.111156635,0.005801813,0.88304156
24682,0.98365074,0.0020738437,0.014275371
24683,0.0670021,0.057485536,0.87551236
24684,0.7176272,0.029601686,0.25277108
24685,0.2752915,0.09819118,0.6265173
24686,0.9660832,0.0015648778,0.032351933
24687,0.93693525,0.0007750886,0.06228963
24688,0.98211193,0.0066279215,0.01126015
24689,0.7296367,0.056767344,0.2135959
24690,0.47010136,0.45944872,0.07044989
24691,0.957125,0.019975819,0.022899235
24692,0.9422965,0.0037667332,0.053936724
24693,0.075755335,0.0060715205,0.91817313
24694,0.98406106,0.009434984,0.0065038805
24695,0.72960496,0.012209118,0.25818598
24696,0.981757,0.00056211476,0.01768093
24697,0.9790085,0.009456972,0.011534505
24698,0.9607455,0.0059322556,0.033322256
24699,0.5574487,0.0069707436,0.43558052
24700,0.97536916,0.015014008,0.009616854
24701,0.95298797,0.01584886,0.031163206
24702,0.7484639,0.09887768,0.1526584
24703,0.9927153,0.0014713408,0.00581335
24704,0.8023761,0.0037552097,0.19386867
24705,0.9726011,0.0050055166,0.022393314
24706,0.9144748,0.0013980945,0.084127165
24707,0.022629041,0.00033716694,0.9770338
24708,0.0044811233,0.00032742292,0.99519145
24709,0.9455734,0.0075178468,0.04690875
24710,0.18191999,0.06827823,0.74980175
24711,0.8384982,0.04968764,0.11181425
24712,0.9878176,0.0030735433,0.009108945
24713,0.99303025,0.0031599377,0.0038098188
24714,0.72367185,0.05229743,0.22403075
24715,0.8174542,0.0080329655,0.17451283
24716,0.022453478,0.0028543535,0.97469217
24717,0.9868536,0.002432981,0.01071344
24718,0.90204084,0.004808446,0.09315068
24719,0.98192465,0.0014849069,0.016590478
24720,0.8364685,0.006991989,0.15653947
24721,0.9199036,0.0024754924,0.07762094
24722,0.27597103,0.019157793,0.7048711
24723,0.91442204,0.0023823546,0.08319556
24724,0.9811306,0.003173046,0.015696375
24725,0.9646843,0.019894037,0.015421735
24726,0.9695395,0.0042761425,0.02618435
24727,0.9674392,0.0033121174,0.029248685
24728,0.8463321,0.06576396,0.08790399
24729,0.98309255,0.00044116305,0.01646626
24730,0.11500587,0.05016668,0.8348274
24731,0.98898846,0.0012748071,0.009736741
24732,0.8834864,0.008550452,0.10796314
24733,0.97403854,0.0042087454,0.021752648
24734,0.78063124,0.020482387,0.1988864
24735,0.9663224,0.013655169,0.02002245
24736,0.6887913,0.010093721,0.30111495
24737,0.2977282,0.010800088,0.6914717
24738,0.8876137,0.0047077504,0.10767855
24739,0.8836652,0.007265941,0.10906892
24740,0.9720943,0.016586704,0.011318952
24741,0.47936678,0.026798269,0.49383497
24742,0.9700244,0.0011496688,0.028825961
24743,0.34570122,0.014704091,0.6395947
24744,0.91736937,0.007970653,0.07465995
24745,0.98309076,0.0014602378,0.015449087
24746,0.92371494,0.0041678753,0.07211721
24747,0.9892812,0.000688865,0.010029912
24748,0.9755976,0.005123198,0.019279178
24749,0.95616746,0.009293256,0.034539357
24750,0.9639644,0.0019455259,0.03409005
24751,0.030639708,0.0068677943,0.96249247
24752,0.93383044,0.0027598036,0.06340973
24753,0.87605256,0.03324573,0.09070173
24754,0.9532384,0.0029025339,0.043859005
24755,0.9790589,0.0074367602,0.013504294
24756,0.7888555,0.014544853,0.19659969
24757,0.9716737,0.0018630442,0.0264632
24758,0.011898835,0.0037515187,0.98434967
24759,0.9317134,0.0060533686,0.06223328
24760,0.76242155,0.014475402,0.223103
24761,0.9921326,0.00071381405,0.007153624
24762,0.9845649,0.006375023,0.009060138
24763,0.9833655,0.0037318147,0.012902712
24764,0.97820836,0.0043684184,0.017423237
24765,0.97547853,0.0005879696,0.023933476
24766,0.9206662,0.0012356727,0.07809808
24767,0.08358584,0.5996346,0.31677955
24768,0.98097354,0.00054370274,0.018482711
24769,0.80319834,0.03582691,0.16097479
24770,0.9827604,0.0048817387,0.012357792
24771,0.9878976,0.0009903733,0.0111119775
24772,0.79644334,0.0082122255,0.19534448
24773,0.9665258,0.0030578359,0.030416338
24774,0.9528834,0.018467555,0.028649041
24775,0.9291029,0.008913978,0.06198311
24776,0.9636034,0.0014728486,0.034923755
24777,0.89220595,0.014611782,0.093182296
24778,0.95786357,0.0011596633,0.040976763
24779,0.954046,0.0029388687,0.04301511
24780,0.91262966,0.009002757,0.0783676
24781,0.82942045,0.011507825,0.15907171
24782,0.56006485,0.029892065,0.4100431
24783,0.66056865,0.013245333,0.32618606
24784,0.93888175,0.020277264,0.040841036
24785,0.97585434,0.0010596713,0.023085922
24786,0.8811236,0.0075609568,0.11131541
24787,0.8793896,0.0018916754,0.11871878
24788,0.0024505786,0.002413083,0.9951363
24789,0.9252988,0.010671076,0.06403014
24790,0.80898225,0.006352433,0.18466528
24791,0.9246975,0.010646898,0.064655565
24792,0.008248377,0.00413952,0.98761207
24793,0.8940268,0.009082014,0.09689121
24794,0.7775961,0.010141155,0.21226273
24795,0.8960797,0.011930667,0.09198962
24796,0.6774001,0.0077999323,0.31479993
24797,0.99177086,0.00016019616,0.008068913
24798,0.18452235,0.0040360936,0.81144154
24799,0.54564613,0.023541963,0.43081194
24800,0.1546431,0.0030596508,0.8422972
24801,0.21035047,0.0045817755,0.7850678
24802,0.67411363,0.015578645,0.3103077
24803,0.33757392,0.0035994218,0.65882665
24804,0.6603637,0.0068576247,0.33277866
24805,0.9868917,0.0042919484,0.008816405
24806,0.92127067,0.013113127,0.06561618
24807,0.97750825,0.0004992478,0.021992503
24808,0.9621757,0.0039252494,0.033899058
24809,0.8844534,0.08164646,0.03390018
24810,0.09036417,0.030347105,0.87928873
24811,0.9602216,0.012792177,0.026986253
24812,0.9832841,0.0068364544,0.009879396
24813,0.07736518,0.005632952,0.91700184
24814,0.37785393,0.23470412,0.38744196
24815,0.2791527,0.005312642,0.7155346
24816,0.96651626,0.0009894577,0.032494362
24817,0.002604257,0.0033764434,0.99401927
24818,0.84621996,0.011090885,0.14268912
24819,0.9583245,0.0019004643,0.039775062
24820,0.9824917,0.003286346,0.014221984
24821,0.9576533,0.008529982,0.033816688
24822,0.91122186,0.008646173,0.080131955
24823,0.8837685,0.008557332,0.10767411
24824,0.9762818,0.0026959577,0.021022167
24825,0.89903164,0.007909502,0.093058825
24826,0.029119657,0.00088557915,0.9699948
24827,0.10037844,0.0059870235,0.8936345
24828,0.87696916,0.016861456,0.106169395
24829,0.5712033,0.100205295,0.32859144
24830,0.38118324,0.008888923,0.60992783
24831,0.6015698,0.16163947,0.23679078
24832,0.13318333,0.009327704,0.857489
24833,0.053437117,0.008828079,0.9377348
24834,0.9646045,0.0113502415,0.024045195
24835,0.478989,0.055134024,0.465877
24836,0.5137994,0.027563762,0.4586368
24837,0.02946848,0.010456005,0.9600755
24838,0.8420461,0.011482911,0.14647096
24839,0.9448655,0.0018181418,0.053316355
24840,0.37572795,0.012121873,0.6121502
24841,0.48344448,0.064999744,0.45155582
24842,0.9811724,0.001987596,0.016840044
24843,0.7520168,0.006458784,0.24152444
24844,0.70627064,0.11079319,0.18293622
24845,0.98920155,0.0003943105,0.010404211
24846,0.1311374,0.009507948,0.8593546
24847,0.9591482,0.029614775,0.011236959
24848,0.9812345,0.0009178164,0.017847653
24849,0.70104456,0.1332169,0.16573851
24850,0.5086608,0.017466016,0.47387317
24851,0.7969902,0.006598499,0.19641125
24852,0.16105393,0.0072969566,0.8316491
24853,0.84285516,0.009171968,0.14797284
24854,0.93003726,0.0028094081,0.067153305
24855,0.64764804,0.034268133,0.31808388
24856,0.9910347,0.0034429978,0.005522323
24857,0.79591876,0.0019634028,0.20211788
24858,0.43267748,0.13317357,0.434149
24859,0.59368896,0.010649947,0.39566106
24860,0.013760496,0.025530953,0.9607085
24861,0.5274897,0.044407118,0.42810318
24862,0.029217733,0.007894891,0.96288735
24863,0.17117333,0.05314163,0.77568495
24864,0.9800408,0.008743355,0.011215886
24865,0.54987437,0.116074726,0.3340509
24866,0.74534196,0.016129313,0.23852871
24867,0.57241195,0.065160155,0.3624279
24868,0.94270283,0.007449666,0.049847566
24869,0.9652325,0.0038891206,0.030878352
24870,0.011812441,0.0011095697,0.98707795
24871,0.7869813,0.003074691,0.20994407
24872,0.9136945,0.008973132,0.0773324
24873,0.91262084,0.0067909206,0.08058821
24874,0.7009875,0.05371419,0.24529828
24875,0.8020363,0.005630451,0.19233333
24876,0.974578,0.001206505,0.024215471
24877,0.95166045,0.006126465,0.042213056
24878,0.92269117,0.0070241913,0.07028465
24879,0.90597713,0.050917007,0.04310584
24880,0.25176048,0.071315296,0.6769242
24881,0.96883786,0.008376848,0.022785306
24882,0.96656054,0.00049453194,0.032944895
24883,0.970707,0.006425564,0.022867428
24884,0.9839537,0.0032518583,0.012794364
24885,0.8567284,0.011257659,0.13201399
24886,0.82313204,0.127138,0.04972989
24887,0.957164,0.0016622969,0.041173745
24888,0.9433889,0.0028378286,0.053773288
24889,0.92757183,0.0022125575,0.07021566
24890,0.25267246,0.3329916,0.41433594
24891,0.882802,0.007114033,0.110083975
24892,0.90983534,0.0071321432,0.08303248
24893,0.9846542,0.0017743029,0.0135714235
24894,0.94245213,0.006055185,0.05149266
24895,0.19103971,0.035671614,0.7732886
24896,0.95113486,0.0054577263,0.04340745
24897,0.83654857,0.012938991,0.15051244
24898,0.93373364,0.011078002,0.055188343
24899,0.8208391,0.00752075,0.17164013
24900,0.9709934,0.014622596,0.014384043
24901,0.90360004,0.01916635,0.07723356
24902,0.8362723,0.010015418,0.15371233
24903,0.9751556,0.0041879923,0.020656468
24904,0.86033124,0.002056399,0.13761237
24905,0.9686705,0.0020651324,0.029264346
24906,0.8046453,0.0012086132,0.19414607
24907,0.18360946,0.006529729,0.8098608
24908,0.97656596,0.0016431466,0.021790916
24909,0.54993767,0.048110828,0.40195152
24910,0.9705095,0.0163164,0.013174097
24911,0.057609517,0.014112176,0.9282783
24912,0.9707318,0.006703158,0.02256509
24913,0.90263677,0.006721075,0.09064211
24914,0.9944891,0.00052986987,0.0049810335
24915,0.008948706,0.0019120282,0.98913926
24916,0.945351,0.023882968,0.030766072
24917,0.95892346,0.0011363777,0.039940115
24918,0.80247396,0.043811876,0.15371414
24919,0.36485136,0.06913379,0.5660149
24920,0.9268237,0.007020112,0.06615618
24921,0.4647311,0.18500501,0.35026395
24922,0.8696207,0.014280436,0.11609888
24923,0.96192586,0.012175988,0.025898185
24924,0.9466547,0.012613416,0.040731885
24925,0.20050308,0.005231333,0.79426557
24926,0.022270812,0.059951335,0.91777784
24927,0.8934729,0.012108747,0.09441838
24928,0.9088267,0.0018339414,0.08933933
24929,0.69144964,0.023151005,0.28539935
24930,0.9875986,0.00095188513,0.011449583
24931,0.10732146,0.0059448937,0.8867337
24932,0.94470304,0.009235559,0.04606136
24933,0.9694464,0.0072055156,0.023348076
24934,0.9503857,0.0050608334,0.044553474
24935,0.7593746,0.027189774,0.21343556
24936,0.21317405,0.0045160106,0.78230995
24937,0.7887658,0.008324498,0.20290971
24938,0.94738036,0.0072838124,0.04533585
24939,0.8955004,0.012824606,0.091675036
24940,0.9225096,0.0022087065,0.075281665
24941,0.9178988,0.006048831,0.07605244
24942,0.839298,0.014362256,0.14633973
24943,0.8807128,0.015740806,0.103546396
24944,0.0016085235,0.0025680978,0.9958234
24945,0.41856468,0.031987235,0.5494481
24946,0.93358,0.0013295161,0.065090574
24947,0.7046007,0.20445111,0.09094817
24948,0.8266807,0.014849397,0.15846986
24949,0.9767765,0.0033066852,0.01991689
24950,0.9370189,0.05525735,0.0077237473
24951,0.6812303,0.04113164,0.27763808
24952,0.8085048,0.07113595,0.12035924
24953,0.79375935,0.010288675,0.19595201
24954,0.7416703,0.009518387,0.24881129
24955,0.9602197,0.003560183,0.0362201
24956,0.20335929,0.5816346,0.2150061
24957,0.93143344,0.0065735388,0.06199299
24958,0.022116652,0.006314227,0.97156906
24959,0.028225819,0.012989861,0.9587843
24960,0.9517552,0.0019339952,0.04631074
24961,0.9863327,0.0025651818,0.011102086
24962,0.9775146,0.00286554,0.019619819
24963,0.97134787,0.00034583066,0.028306229
24964,0.0038044706,0.00046308243,0.9957325
24965,0.7042553,0.0078871,0.2878576
24966,0.20297675,0.009063861,0.7879594
24967,0.7142962,0.01129997,0.27440375
24968,0.29723245,0.034061752,0.6687058
24969,0.9059058,0.0074646627,0.08662959
24970,0.9679805,0.004869888,0.02714965
24971,0.034908533,0.0034960913,0.96159536
24972,0.012170934,0.0031216494,0.9847074
24973,0.9395972,0.0051627746,0.055240057
24974,0.45312032,0.015060134,0.5318195
24975,0.6976888,0.015053135,0.287258
24976,0.7473112,0.040807687,0.2118812
24977,0.9793458,0.0006287572,0.020025404
24978,0.89350736,0.005103038,0.10138959
24979,0.93171424,0.0005257319,0.06776001
24980,0.90443826,0.005317263,0.09024446
24981,0.7033012,0.0069343196,0.28976452
24982,0.16289763,0.032023106,0.8050793
24983,0.9335009,0.0036761533,0.06282291
24984,0.2628543,0.1351679,0.60197777
24985,0.02786795,0.0023348138,0.9697972
24986,0.67537934,0.118545815,0.2060748
24987,0.62081313,0.30837414,0.07081278
24988,0.94702935,0.028070478,0.02490016
24989,0.51710844,0.019714125,0.46317744
24990,0.90749794,0.03215053,0.06035146
24991,0.55621386,0.023293447,0.42049274
24992,0.70575464,0.04165092,0.2525944
24993,0.9314627,0.022379993,0.046157274
24994,0.25989002,0.009807778,0.73030216
24995,0.8366439,0.08508327,0.078272894
24996,0.04004854,0.03171349,0.928238
24997,0.8878835,0.0059117256,0.106204726
24998,0.98036355,0.0012739993,0.018362507
24999,0.594049,0.074778706,0.3311723
